{"global_step": 829440, "_timestamp": 1751384709.5155132, "stats/master_process_memory_mb": 7328.40625, "perf/_fps": 0.0, "stats/memory_policy_worker": 7328.40625, "stats/gpu_mem_policy_worker": 3453.716064453125, "stats/gpu_cache_policy_worker": 4710.20361328125, "stats/avg_request_count": 1.0, "perf/_sample_throughput": 147.12551879882812, "reward/reward": 292.2056579589844, "reward/reward_min": -275.2247009277344, "reward/reward_max": 670.4085693359375, "len/len": 88.16000366210938, "len/len_min": 3.0, "len/len_max": 101.0, "policy_stats/avg_min_raw_reward": -149.96896362304688, "policy_stats/avg_max_raw_reward": 8.604970932006836, "_runtime": 5898, "_step": 135, "train/lr": 0.0006750000175088644, "train/actual_lr": 0.0006750000175088644, "train/image_obs_running_mean": -4242.41796875, "train/image_obs_running_std": 4.587108135223389, "train/observations_running_mean": 0.29805421829223633, "train/observations_running_std": 2.564802885055542, "train/returns_running_mean": 17.271085739135742, "train/returns_running_std": 15.069157600402832, "train/valids_fraction": 1.0, "train/same_policy_fraction": 1.0, "train/grad_norm": 0.9999995231628418, "train/loss": 0.0819639265537262, "train/value": 0.6797150373458862, "train/entropy": 4.063475608825684, "train/policy_loss": -0.019528012722730637, "train/kl_loss": 0.004680222366005182, "train/value_loss": 0.10087519139051437, "train/exploration_loss": -0.004063475877046585, "train/act_min": -5.053879261016846, "train/act_max": 6.322103500366211, "train/adv_min": -38.89713668823242, "train/adv_max": 20.60381317138672, "train/adv_std": 4.6667799949646, "train/adv_mean": 0.3736084997653961, "train/max_abs_logprob": 2.1413586139678955, "train/action_mean": 0.30756115913391113, "train/action_mean_min": -1.6355534791946411, "train/action_mean_max": 2.1785318851470947, "train/action_log_std_mean": -0.4030696749687195, "train/action_log_std_min": -1.8260471820831299, "train/action_log_std_max": 1.4271154403686523, "train/action_stddev_mean": 0.7670230865478516, "train/action_stddev_min": 0.16104891896247864, "train/action_stddev_max": 4.166662693023682, "train/kl_divergence": 0.04680222272872925, "train/kl_divergence_max": 1.2198036909103394, "train/value_delta": 0.12964627146720886, "train/value_delta_max": 0.9105883836746216, "train/fraction_clipped": 0.3776041865348816, "train/ratio_mean": 0.18551324307918549, "train/ratio_min": 0.1434202343225479, "train/ratio_max": 4.5197649002075195, "train/num_sgd_steps": 16.0, "train/adam_max_second_moment": 0.06860846281051636, "train/version_diff_avg": 15.0, "train/version_diff_min": 15.0, "train/version_diff_max": 15.0, "stats/memory_learner": 7328.40625, "stats/gpu_mem_learner": 4254.349609375, "stats/gpu_cache_learner": 5972.68896484375, "stats/wait_policy": 0.0, "stats/step_policy": 0.0021762133110314608, "_wandb": {"runtime": 5900}}