{"global_step": 7680, "_timestamp": 1751552589.489028, "stats/master_process_memory_mb": 7502.66015625, "perf/_fps": 0.0, "stats/memory_policy_worker": 7502.66015625, "stats/gpu_mem_policy_worker": 55.15264129638672, "stats/gpu_cache_policy_worker": 92.27468872070312, "stats/avg_request_count": 1.0, "perf/_sample_throughput": 48.351463317871094, "_runtime": 162, "_step": 15, "train/lr": 0.0003000000142492354, "train/actual_lr": 0.0003000000142492354, "train/obs_running_mean": 0.19713249802589417, "train/obs_running_std": 0.8895156383514404, "train/returns_running_mean": -7.890625476837158, "train/returns_running_std": 1.6538196802139282, "train/valids_fraction": 1.0, "train/same_policy_fraction": 1.0, "train/grad_norm": 0.9999991059303284, "train/loss": 0.11607613414525986, "train/value": 0.1896316111087799, "train/entropy": 3.620143413543701, "train/policy_loss": -0.062395092099905014, "train/kl_loss": 0.003485068678855896, "train/value_loss": 0.1786063015460968, "train/exploration_loss": -0.0036201435141265392, "train/act_min": -2.7289984226226807, "train/act_max": 4.236208915710449, "train/adv_min": -1.1254441738128662, "train/adv_max": 1.1811738014221191, "train/adv_std": 0.5438981652259827, "train/adv_mean": -0.047575972974300385, "train/max_abs_logprob": 1.969382882118225, "train/action_mean": 0.4169253706932068, "train/action_mean_min": -0.6980234980583191, "train/action_mean_max": 2.062110424041748, "train/action_log_std_mean": -0.2122240960597992, "train/action_log_std_min": -0.9503591060638428, "train/action_log_std_max": 0.4808860719203949, "train/action_stddev_mean": 0.8401984572410583, "train/action_stddev_min": 0.38660216331481934, "train/action_stddev_max": 1.6175071001052856, "train/kl_divergence": 0.03485068678855896, "train/kl_divergence_max": 0.10512103885412216, "train/value_delta": 0.15021300315856934, "train/value_delta_max": 0.8407670855522156, "train/fraction_clipped": 0.46875, "train/ratio_mean": 0.2235325276851654, "train/ratio_min": 0.35224831104278564, "train/ratio_max": 5.023213863372803, "train/num_sgd_steps": 16.0, "train/adam_max_second_moment": 0.006225040182471275, "train/version_diff_avg": 15.0, "train/version_diff_min": 15.0, "train/version_diff_max": 15.0, "stats/memory_learner": 7498.28515625, "stats/gpu_mem_learner": 55.72198486328125, "stats/gpu_cache_learner": 92.27468872070312, "reward/reward": -93.65771484375, "reward/reward_min": -125.30338287353516, "reward/reward_max": -54.43185043334961, "len/len": 12.130000114440918, "len/len_min": 8.0, "len/len_max": 20.0, "policy_stats/avg_min_raw_reward": -100.0, "policy_stats/avg_max_raw_reward": 3.994499921798706, "stats/wait_policy": 0.0, "stats/step_policy": 0.001545977545902133}