{"global_step": 12288, "_timestamp": 1751377011.245124, "stats/master_process_memory_mb": 7333.90234375, "perf/_fps": 406.8470153808594, "stats/memory_policy_worker": 7333.90234375, "stats/gpu_mem_policy_worker": 3454.02734375, "stats/gpu_cache_policy_worker": 4607.44287109375, "stats/avg_request_count": 1.0, "perf/_sample_throughput": 92.43121337890625, "reward/reward": -95.02261352539062, "reward/reward_min": -148.51943969726562, "reward/reward_max": -41.80574417114258, "len/len": 34.0, "len/len_min": 8.0, "len/len_max": 70.0, "policy_stats/avg_min_raw_reward": -100.0, "policy_stats/avg_max_raw_reward": 1.8127063512802124, "_runtime": 162, "_step": 3, "train/lr": 0.0003000000142492354, "train/actual_lr": 0.0003000000142492354, "train/image_obs_running_mean": -4242.0869140625, "train/image_obs_running_std": 37.683998107910156, "train/observations_running_mean": 0.2358611524105072, "train/observations_running_std": 3.0791995525360107, "train/returns_running_mean": -3.334883451461792, "train/returns_running_std": 3.474290132522583, "train/valids_fraction": 1.0, "train/same_policy_fraction": 1.0, "train/grad_norm": 0.9999999403953552, "train/loss": 0.35829439759254456, "train/value": -0.4051065146923065, "train/entropy": 4.691258907318115, "train/policy_loss": 0.041316740214824677, "train/kl_loss": 0.005190356634557247, "train/value_loss": 0.31647855043411255, "train/exploration_loss": -0.004691259004175663, "train/act_min": -3.614389657974243, "train/act_max": 4.196387767791748, "train/adv_min": -7.445579528808594, "train/adv_max": 3.5376036167144775, "train/adv_std": 1.3907159566879272, "train/adv_mean": -0.910618007183075, "train/max_abs_logprob": 0.5273163318634033, "train/action_mean": -0.04344911500811577, "train/action_mean_min": -0.47259023785591125, "train/action_mean_max": 0.459023118019104, "train/action_log_std_mean": -0.2461237609386444, "train/action_log_std_min": -0.6965090036392212, "train/action_log_std_max": 0.30950021743774414, "train/action_stddev_mean": 0.8068982362747192, "train/action_stddev_min": 0.49832189083099365, "train/action_stddev_max": 1.362743854522705, "train/adam_max_second_moment": 0.0011513808276504278, "train/version_diff_avg": 5.0, "train/version_diff_min": 5.0, "train/version_diff_max": 5.0, "stats/memory_learner": 7333.90234375, "stats/gpu_mem_learner": 3987.853759765625, "stats/gpu_cache_learner": 5475.6640625, "stats/wait_policy": 0.0, "stats/step_policy": 0.0025867701042443514, "_wandb": {"runtime": 165}}