{"global_step": 49152, "_timestamp": 1751556416.5131862, "stats/master_process_memory_mb": 7562.296875, "perf/_fps": 0.0, "stats/memory_policy_worker": 7562.296875, "stats/gpu_mem_policy_worker": 115.78982543945312, "stats/gpu_cache_policy_worker": 270.5325927734375, "stats/avg_request_count": 1.0, "perf/_sample_throughput": 190.31744384765625, "reward/reward": -75.49026489257812, "reward/reward_min": -107.05674743652344, "reward/reward_max": -30.150161743164062, "len/len": 9.979999542236328, "len/len_min": 7.0, "len/len_max": 15.0, "policy_stats/avg_min_raw_reward": -100.0, "policy_stats/avg_max_raw_reward": 5.976605415344238, "_runtime": 342, "_step": 3, "train/lr": 0.0010125000262632966, "train/actual_lr": 0.0010125000262632966, "train/obs_running_mean": 0.19706207513809204, "train/obs_running_std": 1.4102768898010254, "train/returns_running_mean": -6.787134647369385, "train/returns_running_std": 2.608661651611328, "train/valids_fraction": 1.0, "train/same_policy_fraction": 1.0, "train/grad_norm": 0.4306371510028839, "train/loss": 0.10073134303092957, "train/value": -0.33755412697792053, "train/entropy": 4.506699562072754, "train/policy_loss": -0.018531018868088722, "train/kl_loss": 0.0012980143073946238, "train/value_loss": 0.12247104942798615, "train/exploration_loss": -0.004506699740886688, "train/act_min": -3.6986401081085205, "train/act_max": 4.333286285400391, "train/adv_min": -4.537793159484863, "train/adv_max": 2.3506336212158203, "train/adv_std": 0.7464868426322937, "train/adv_mean": -0.39490556716918945, "train/max_abs_logprob": 0.2983025908470154, "train/action_mean": 0.06008484214544296, "train/action_mean_min": -0.23583205044269562, "train/action_mean_max": 0.361964613199234, "train/action_log_std_mean": 0.08329463005065918, "train/action_log_std_min": -0.14015378057956696, "train/action_log_std_max": 0.40684792399406433, "train/action_stddev_mean": 1.0903395414352417, "train/action_stddev_min": 0.8692245483398438, "train/action_stddev_max": 1.5020756721496582, "train/adam_max_second_moment": 0.006099751219153404, "train/version_diff_avg": 31.0, "train/version_diff_min": 31.0, "train/version_diff_max": 31.0, "stats/memory_learner": 7562.296875, "stats/gpu_mem_learner": 130.39308166503906, "stats/gpu_cache_learner": 274.7268981933594, "stats/wait_policy": 0.0, "stats/step_policy": 0.0015674543101340532, "train/kl_divergence": 0.01298014260828495, "train/kl_divergence_max": 0.06791052222251892, "train/value_delta": 0.12385513633489609, "train/value_delta_max": 0.5693100094795227, "train/fraction_clipped": 0.17529296875, "train/ratio_mean": 0.10977225005626678, "train/ratio_min": 0.47495216131210327, "train/ratio_max": 2.579967498779297, "train/num_sgd_steps": 32.0}