{"global_step": 0, "_timestamp": 1751541828.7862277, "stats/master_process_memory_mb": 7386.83984375, "perf/_fps": 0.0, "stats/memory_policy_worker": 7382.30859375, "stats/gpu_mem_policy_worker": 52.230655670166016, "stats/gpu_cache_policy_worker": 88.08038330078125, "stats/avg_request_count": 1.0, "perf/_sample_throughput": 28.997072219848633, "_runtime": 22, "_step": 0, "_wandb": {"runtime": 31}}