{"global_step": 24576, "_timestamp": 1751395517.3169787, "stats/master_process_memory_mb": 7163.515625, "perf/_fps": 0.0, "stats/memory_policy_worker": 7163.515625, "stats/gpu_mem_policy_worker": 67.44678497314453, "stats/gpu_cache_policy_worker": 138.4120330810547, "stats/avg_request_count": 1.0, "perf/_sample_throughput": 141.10508728027344, "reward/reward": -99.25048065185547, "reward/reward_min": -189.24942016601562, "reward/reward_max": 7.46783447265625, "len/len": 31.829999923706055, "len/len_min": 1.0, "len/len_max": 84.0, "policy_stats/avg_min_raw_reward": -100.21595001220703, "policy_stats/avg_max_raw_reward": 1.023078441619873, "_runtime": 212, "_step": 4, "train/lr": 0.002278124913573265, "train/actual_lr": 0.002278124913573265, "train/obs_running_mean": 0.18401552736759186, "train/obs_running_std": 3.0740933418273926, "train/returns_running_mean": -3.7151150703430176, "train/returns_running_std": 3.739269971847534, "train/valids_fraction": 1.0, "train/same_policy_fraction": 1.0, "train/grad_norm": 0.6992132663726807, "train/loss": 0.2188747525215149, "train/value": -0.2649974822998047, "train/entropy": 4.179487705230713, "train/policy_loss": -0.02313108742237091, "train/kl_loss": 0.0022512993309646845, "train/value_loss": 0.2439340353012085, "train/exploration_loss": -0.004179487936198711, "train/act_min": -3.815289258956909, "train/act_max": 3.75575590133667, "train/adv_min": -10.221893310546875, "train/adv_max": 3.992713689804077, "train/adv_std": 1.409281611442566, "train/adv_mean": -0.41363924741744995, "train/max_abs_logprob": 0.6309165954589844, "train/action_mean": 0.06428395956754684, "train/action_mean_min": -0.6950216889381409, "train/action_mean_max": 0.6139450669288635, "train/action_log_std_mean": -0.025776008144021034, "train/action_log_std_min": -0.40129655599594116, "train/action_log_std_max": 0.3997451961040497, "train/action_stddev_mean": 0.9809741973876953, "train/action_stddev_min": 0.6694514751434326, "train/action_stddev_max": 1.4914445877075195, "train/adam_max_second_moment": 0.004247159697115421, "train/version_diff_avg": 15.0, "train/version_diff_min": 15.0, "train/version_diff_max": 15.0, "stats/memory_learner": 7163.515625, "stats/gpu_mem_learner": 72.15155029296875, "stats/gpu_cache_learner": 138.4120330810547, "train/kl_divergence": 0.022512992843985558, "train/kl_divergence_max": 0.14615188539028168, "train/value_delta": 0.1556394100189209, "train/value_delta_max": 0.6257896423339844, "train/fraction_clipped": 0.2884114682674408, "train/ratio_mean": 0.1469641476869583, "train/ratio_min": 0.16556233167648315, "train/ratio_max": 2.626028537750244, "train/num_sgd_steps": 16.0, "stats/wait_policy": 0.0, "stats/step_policy": 0.0009666061378084123, "_wandb": {"runtime": 221}}