{"global_step": 24576, "_timestamp": 1751388051.9986832, "stats/master_process_memory_mb": 7188.90625, "perf/_fps": 0.0, "stats/memory_policy_worker": 7188.90625, "stats/gpu_mem_policy_worker": 67.7396469116211, "stats/gpu_cache_policy_worker": 140.50918579101562, "stats/avg_request_count": 1.0, "perf/_sample_throughput": 137.95736694335938, "reward/reward": -98.72528076171875, "reward/reward_min": -182.7205810546875, "reward/reward_max": -15.476737976074219, "len/len": 37.560001373291016, "len/len_min": 11.0, "len/len_max": 95.0, "policy_stats/avg_min_raw_reward": -100.07546997070312, "policy_stats/avg_max_raw_reward": 1.8371928930282593, "_runtime": 221, "_step": 4, "train/lr": 0.001518749981187284, "train/actual_lr": 0.001518749981187284, "train/obs_running_mean": 0.15579985082149506, "train/obs_running_std": 3.06359601020813, "train/returns_running_mean": -3.746504545211792, "train/returns_running_std": 3.7455615997314453, "train/valids_fraction": 1.0, "train/same_policy_fraction": 1.0, "train/grad_norm": 0.3990773558616638, "train/loss": 0.19593414664268494, "train/value": -0.21109694242477417, "train/entropy": 5.495689392089844, "train/policy_loss": -0.020669326186180115, "train/kl_loss": 0.002453061519190669, "train/value_loss": 0.21964609622955322, "train/exploration_loss": -0.005495689809322357, "train/act_min": -4.0350117683410645, "train/act_max": 3.8406150341033936, "train/adv_min": -10.919920921325684, "train/adv_max": 3.342710018157959, "train/adv_std": 1.3953909873962402, "train/adv_mean": -0.38594627380371094, "train/max_abs_logprob": 0.5032373070716858, "train/action_mean": 0.07462848722934723, "train/action_mean_min": -0.5153025388717651, "train/action_mean_max": 0.5877580046653748, "train/action_log_std_mean": -0.04501616582274437, "train/action_log_std_min": -0.43485763669013977, "train/action_log_std_max": 0.3653225600719452, "train/action_stddev_mean": 0.9645572900772095, "train/action_stddev_min": 0.6473568081855774, "train/action_stddev_max": 1.4409788846969604, "train/kl_divergence": 0.024530615657567978, "train/kl_divergence_max": 0.10730496048927307, "train/value_delta": 0.1199149414896965, "train/value_delta_max": 0.798036515712738, "train/fraction_clipped": 0.2955729365348816, "train/ratio_mean": 0.15247133374214172, "train/ratio_min": 0.31699612736701965, "train/ratio_max": 3.278754949569702, "train/num_sgd_steps": 16.0, "train/adam_max_second_moment": 0.004716774448752403, "train/version_diff_avg": 15.0, "train/version_diff_min": 15.0, "train/version_diff_max": 15.0, "stats/memory_learner": 7188.90625, "stats/gpu_mem_learner": 72.46284484863281, "stats/gpu_cache_learner": 140.50918579101562, "stats/wait_policy": 0.0, "stats/step_policy": 0.0010830402607098222, "_wandb": {"runtime": 228}}