{"global_step": 2560, "_timestamp": 1751552726.0390322, "stats/master_process_memory_mb": 7474.05078125, "perf/_fps": 51.38697814941406, "stats/memory_policy_worker": 7474.05078125, "stats/gpu_mem_policy_worker": 55.15520095825195, "stats/gpu_cache_policy_worker": 92.27468872070312, "stats/avg_request_count": 1.0, "perf/_sample_throughput": 54.17850112915039, "_runtime": 59, "_step": 5, "train/lr": 0.0006750000175088644, "train/actual_lr": 0.0006750000175088644, "train/obs_running_mean": 0.18414892256259918, "train/obs_running_std": 0.9055371284484863, "train/returns_running_mean": -7.812835216522217, "train/returns_running_std": 2.012936592102051, "train/valids_fraction": 1.0, "train/same_policy_fraction": 1.0, "train/grad_norm": 0.594275951385498, "train/loss": 0.0425352118909359, "train/value": -0.24276913702487946, "train/entropy": 4.246331214904785, "train/policy_loss": -0.050329387187957764, "train/kl_loss": 0.0035013139713555574, "train/value_loss": 0.09360961616039276, "train/exploration_loss": -0.004246331285685301, "train/act_min": -3.60711669921875, "train/act_max": 3.204230308532715, "train/adv_min": -1.8211771249771118, "train/adv_max": 1.9906337261199951, "train/adv_std": 0.5015158653259277, "train/adv_mean": 0.12964384257793427, "train/max_abs_logprob": 0.5492801070213318, "train/action_mean": 0.07011877000331879, "train/action_mean_min": -0.4136844873428345, "train/action_mean_max": 0.7104489803314209, "train/action_log_std_mean": -0.0034947115927934647, "train/action_log_std_min": -0.3694455623626709, "train/action_log_std_max": 0.31785309314727783, "train/action_stddev_mean": 1.0039145946502686, "train/action_stddev_min": 0.6911174058914185, "train/action_stddev_max": 1.3741743564605713, "train/kl_divergence": 0.03501313924789429, "train/kl_divergence_max": 0.16233256459236145, "train/value_delta": 0.17244750261306763, "train/value_delta_max": 0.4785662293434143, "train/fraction_clipped": 0.4140625, "train/ratio_mean": 0.19006730616092682, "train/ratio_min": 0.25389647483825684, "train/ratio_max": 1.6834237575531006, "train/num_sgd_steps": 16.0, "train/adam_max_second_moment": 0.003990059718489647, "train/version_diff_avg": 15.0, "train/version_diff_min": 15.0, "train/version_diff_max": 15.0, "stats/memory_learner": 7474.05078125, "stats/gpu_mem_learner": 55.724544525146484, "stats/gpu_cache_learner": 92.27468872070312, "reward/reward": -93.20940399169922, "reward/reward_min": -120.73847961425781, "reward/reward_max": -65.2401351928711, "len/len": 9.4399995803833, "len/len_min": 6.0, "len/len_max": 13.0, "policy_stats/avg_min_raw_reward": -100.0, "policy_stats/avg_max_raw_reward": 3.6575310230255127, "_wandb": {"runtime": 63}}