{"global_step": 53760, "_timestamp": 1751545413.5652416, "stats/master_process_memory_mb": 7491.921875, "_runtime": 552, "_step": 105, "train/lr": 0.0003000000142492354, "train/actual_lr": 0.0003000000142492354, "train/obs_running_mean": 0.13479167222976685, "train/obs_running_std": 1.9743239879608154, "train/returns_running_mean": -4.540327548980713, "train/returns_running_std": 2.703333616256714, "train/valids_fraction": 1.0, "train/same_policy_fraction": 1.0, "train/grad_norm": 0.9999995827674866, "train/loss": -0.0054016560316085815, "train/value": 0.7908198237419128, "train/entropy": 3.7713851928710938, "train/policy_loss": -0.04034823551774025, "train/kl_loss": 0.003802663879469037, "train/value_loss": 0.03491530194878578, "train/exploration_loss": -0.003771385410800576, "train/act_min": -9.31659984588623, "train/act_max": 10.42580795288086, "train/adv_min": -1.734546184539795, "train/adv_max": 1.2242658138275146, "train/adv_std": 0.46646150946617126, "train/adv_mean": 0.10725347697734833, "train/max_abs_logprob": 2.8301620483398438, "train/action_mean": -0.3469482362270355, "train/action_mean_min": -2.9852073192596436, "train/action_mean_max": 1.0757880210876465, "train/action_log_std_mean": -0.16181010007858276, "train/action_log_std_min": -0.8088672757148743, "train/action_log_std_max": 1.510165810585022, "train/action_stddev_mean": 1.0502052307128906, "train/action_stddev_min": 0.44536226987838745, "train/action_stddev_max": 4.5274810791015625, "train/adam_max_second_moment": 0.009960035793483257, "train/version_diff_avg": 11.0, "train/version_diff_min": 11.0, "train/version_diff_max": 11.0, "perf/_fps": 102.25923156738281, "stats/memory_policy_worker": 7491.921875, "stats/gpu_mem_policy_worker": 56.301055908203125, "stats/gpu_cache_policy_worker": 92.27468872070312, "stats/avg_request_count": 1.0, "stats/memory_learner": 7491.921875, "stats/gpu_mem_learner": 56.870399475097656, "stats/gpu_cache_learner": 92.27468872070312, "perf/_sample_throughput": 99.23943328857422, "train/kl_divergence": 0.025532320141792297, "train/kl_divergence_max": 0.08935809135437012, "train/value_delta": 0.19094492495059967, "train/value_delta_max": 0.39072418212890625, "train/fraction_clipped": 0.3125, "train/ratio_mean": 0.1720336675643921, "train/ratio_min": 0.08719156682491302, "train/ratio_max": 2.830388069152832, "train/num_sgd_steps": 16.0, "reward/reward": -91.31470489501953, "reward/reward_min": -242.65267944335938, "reward/reward_max": 101.73139953613281, "len/len": 122.37999725341797, "len/len_min": 62.0, "len/len_max": 175.0, "policy_stats/avg_min_raw_reward": -100.052490234375, "policy_stats/avg_max_raw_reward": 2.061746835708618, "stats/wait_policy": 0.0, "stats/step_policy": 0.0011397695634514093}