{"global_step": 131072, "_timestamp": 1751559219.9966838, "stats/master_process_memory_mb": 7576.265625, "perf/_fps": 0.0, "stats/memory_policy_worker": 7576.265625, "stats/gpu_mem_policy_worker": 115.79289245605469, "stats/gpu_cache_policy_worker": 260.0468444824219, "stats/avg_request_count": 1.0, "perf/_sample_throughput": 221.78646850585938, "reward/reward": -83.95550537109375, "reward/reward_min": -117.14922332763672, "reward/reward_max": -43.50205612182617, "len/len": 11.170000076293945, "len/len_min": 7.0, "len/len_max": 15.0, "policy_stats/avg_min_raw_reward": -100.0, "policy_stats/avg_max_raw_reward": 5.134161949157715, "_runtime": 782, "_step": 8, "train/lr": 0.001518749981187284, "train/actual_lr": 0.001518749981187284, "train/obs_running_mean": 0.1929619312286377, "train/obs_running_std": 1.4364404678344727, "train/returns_running_mean": -7.601496696472168, "train/returns_running_std": 1.9434345960617065, "train/valids_fraction": 1.0, "train/same_policy_fraction": 1.0, "train/grad_norm": 0.653350293636322, "train/loss": 0.13160638511180878, "train/value": -0.11425241082906723, "train/entropy": 4.248222351074219, "train/policy_loss": -0.029561655595898628, "train/kl_loss": 0.002157186856493354, "train/value_loss": 0.16325907409191132, "train/exploration_loss": -0.0042482223361730576, "train/act_min": -4.211434364318848, "train/act_max": 4.911128997802734, "train/adv_min": -3.174424648284912, "train/adv_max": 2.6551408767700195, "train/adv_std": 0.5280852317810059, "train/adv_mean": 0.07787981629371643, "train/max_abs_logprob": 1.005293607711792, "train/action_mean": 0.2461071014404297, "train/action_mean_min": -0.5899854302406311, "train/action_mean_max": 1.2150936126708984, "train/action_log_std_mean": -0.0028644143603742123, "train/action_log_std_min": -0.49559691548347473, "train/action_log_std_max": 0.4867500066757202, "train/action_stddev_mean": 1.0152933597564697, "train/action_stddev_min": 0.6092071533203125, "train/action_stddev_max": 1.6270197629928589, "train/adam_max_second_moment": 0.007325425278395414, "train/version_diff_avg": 26.0, "train/version_diff_min": 26.0, "train/version_diff_max": 26.0, "stats/memory_learner": 7576.265625, "stats/gpu_mem_learner": 130.3961639404297, "stats/gpu_cache_learner": 264.24114990234375, "stats/wait_policy": 0.0, "stats/step_policy": 0.001467256573960185, "train/kl_divergence": 0.015657445415854454, "train/kl_divergence_max": 0.05248630791902542, "train/value_delta": 0.07254932820796967, "train/value_delta_max": 0.44153282046318054, "train/fraction_clipped": 0.240234375, "train/ratio_mean": 0.13063128292560577, "train/ratio_min": 0.2665948271751404, "train/ratio_max": 2.4830431938171387, "train/num_sgd_steps": 32.0}