{"global_step": 18432, "_timestamp": 1751391852.6510708, "stats/master_process_memory_mb": 7166.9453125, "perf/_fps": 0.0, "stats/memory_policy_worker": 7166.9453125, "stats/gpu_mem_policy_worker": 68.32691192626953, "stats/gpu_cache_policy_worker": 140.50918579101562, "stats/avg_request_count": 1.0, "perf/_sample_throughput": 148.7105255126953, "reward/reward": -99.00533294677734, "reward/reward_min": -175.22702026367188, "reward/reward_max": -28.525711059570312, "len/len": 30.40999984741211, "len/len_min": 9.0, "len/len_max": 65.0, "policy_stats/avg_min_raw_reward": -100.0, "policy_stats/avg_max_raw_reward": 2.0577685832977295, "_runtime": 152, "_step": 3, "train/lr": 0.0003000000142492354, "train/actual_lr": 0.0003000000142492354, "train/obs_running_mean": 0.1635637879371643, "train/obs_running_std": 3.0893499851226807, "train/returns_running_mean": -3.1881988048553467, "train/returns_running_std": 3.69529390335083, "train/valids_fraction": 1.0, "train/same_policy_fraction": 1.0, "train/grad_norm": 0.7109211683273315, "train/loss": 0.3502137362957001, "train/value": -0.2942987084388733, "train/entropy": 8.40973949432373, "train/policy_loss": -0.013828933238983154, "train/kl_loss": 0.002044586231932044, "train/value_loss": 0.3704078197479248, "train/exploration_loss": -0.008409739471971989, "train/act_min": -4.521164894104004, "train/act_max": 4.240624904632568, "train/adv_min": -10.90688705444336, "train/adv_max": 2.8546695709228516, "train/adv_std": 1.6146085262298584, "train/adv_mean": -1.2227137088775635, "train/max_abs_logprob": 0.5101159811019897, "train/action_mean": 0.04631846025586128, "train/action_mean_min": -0.3562619388103485, "train/action_mean_max": 0.43829795718193054, "train/action_log_std_mean": -0.017315292730927467, "train/action_log_std_min": -0.5023677349090576, "train/action_log_std_max": 0.37171778082847595, "train/action_stddev_mean": 0.9938130974769592, "train/action_stddev_min": 0.6050962209701538, "train/action_stddev_max": 1.450223684310913, "train/kl_divergence": 0.02044586092233658, "train/kl_divergence_max": 0.1458265632390976, "train/value_delta": 0.27416378259658813, "train/value_delta_max": 1.0770152807235718, "train/fraction_clipped": 0.2786458432674408, "train/ratio_mean": 0.14158907532691956, "train/ratio_min": 0.13491427898406982, "train/ratio_max": 2.3828439712524414, "train/num_sgd_steps": 16.0, "train/adam_max_second_moment": 0.0054945023730397224, "train/version_diff_avg": 15.0, "train/version_diff_min": 15.0, "train/version_diff_max": 15.0, "stats/memory_learner": 7166.9453125, "stats/gpu_mem_learner": 73.08697509765625, "stats/gpu_cache_learner": 140.50918579101562, "_wandb": {"runtime": 154}}