{"global_step": 18432, "_timestamp": 1751388652.342665, "stats/master_process_memory_mb": 7198.62890625, "perf/_fps": 0.0, "stats/memory_policy_worker": 7198.62890625, "stats/gpu_mem_policy_worker": 68.33766174316406, "stats/gpu_cache_policy_worker": 140.50918579101562, "stats/avg_request_count": 1.0, "perf/_sample_throughput": 149.83416748046875, "reward/reward": -97.99617004394531, "reward/reward_min": -175.0714569091797, "reward/reward_max": -24.147079467773438, "len/len": 34.7599983215332, "len/len_min": 1.0, "len/len_max": 76.0, "policy_stats/avg_min_raw_reward": -100.09333801269531, "policy_stats/avg_max_raw_reward": -0.3882299065589905, "_runtime": 162, "_step": 3, "train/lr": 0.0010125000262632966, "train/actual_lr": 0.0010125000262632966, "train/obs_running_mean": 0.1934717744588852, "train/obs_running_std": 3.0935311317443848, "train/returns_running_mean": -3.399824380874634, "train/returns_running_std": 3.660250186920166, "train/valids_fraction": 1.0, "train/same_policy_fraction": 1.0, "train/grad_norm": 0.5243231654167175, "train/loss": 0.23750030994415283, "train/value": -0.24009084701538086, "train/entropy": 8.537464141845703, "train/policy_loss": -0.021225478500127792, "train/kl_loss": 0.001896706293337047, "train/value_loss": 0.2653665542602539, "train/exploration_loss": -0.008537464775145054, "train/act_min": -4.361910343170166, "train/act_max": 4.029825210571289, "train/adv_min": -8.076815605163574, "train/adv_max": 3.4499917030334473, "train/adv_std": 1.4305362701416016, "train/adv_mean": -0.7514030933380127, "train/max_abs_logprob": 0.36809754371643066, "train/action_mean": 0.005159570369869471, "train/action_mean_min": -0.41297250986099243, "train/action_mean_max": 0.3764786720275879, "train/action_log_std_mean": 0.003972142934799194, "train/action_log_std_min": -0.2601500153541565, "train/action_log_std_max": 0.3241957426071167, "train/action_stddev_mean": 1.008264183998108, "train/action_stddev_min": 0.7709358930587769, "train/action_stddev_max": 1.3829180002212524, "train/kl_divergence": 0.01896706223487854, "train/kl_divergence_max": 0.07715749740600586, "train/value_delta": 0.10832496732473373, "train/value_delta_max": 0.49380606412887573, "train/fraction_clipped": 0.28515625, "train/ratio_mean": 0.14314091205596924, "train/ratio_min": 0.3038572072982788, "train/ratio_max": 2.3584139347076416, "train/num_sgd_steps": 16.0, "train/adam_max_second_moment": 0.0034256065264344215, "train/version_diff_avg": 15.0, "train/version_diff_min": 15.0, "train/version_diff_max": 15.0, "stats/memory_learner": 7198.62890625, "stats/gpu_mem_learner": 73.09772491455078, "stats/gpu_cache_learner": 140.50918579101562, "stats/wait_policy": 0.0, "stats/step_policy": 0.0008931732154451311, "_wandb": {"runtime": 169}}