{"global_step": 17920, "_timestamp": 1751546845.8463576, "stats/master_process_memory_mb": 7500.33203125, "_runtime": 123, "_step": 35, "train/lr": 0.0003000000142492354, "train/actual_lr": 0.0003000000142492354, "train/obs_running_mean": 0.26594072580337524, "train/obs_running_std": 1.1828961372375488, "train/returns_running_mean": -6.376599311828613, "train/returns_running_std": 2.6307373046875, "train/valids_fraction": 1.0, "train/same_policy_fraction": 1.0, "train/grad_norm": 0.9999995231628418, "train/loss": 0.019016556441783905, "train/value": -0.12013142555952072, "train/entropy": 3.75943660736084, "train/policy_loss": -0.04402204230427742, "train/kl_loss": 0.004874977748841047, "train/value_loss": 0.061923056840896606, "train/exploration_loss": -0.0037594367749989033, "train/act_min": -3.939865827560425, "train/act_max": 5.94810676574707, "train/adv_min": -1.7448699474334717, "train/adv_max": 2.4047422409057617, "train/adv_std": 0.7728265523910522, "train/adv_mean": -0.07700316607952118, "train/max_abs_logprob": 1.335947871208191, "train/action_mean": -0.14790226519107819, "train/action_mean_min": -1.0980095863342285, "train/action_mean_max": 0.735274076461792, "train/action_log_std_mean": -0.16579298675060272, "train/action_log_std_min": -1.3443676233291626, "train/action_log_std_max": 0.6280449032783508, "train/action_stddev_mean": 0.9149255752563477, "train/action_stddev_min": 0.26070451736450195, "train/action_stddev_max": 1.8739432096481323, "train/kl_divergence": 0.04874977469444275, "train/kl_divergence_max": 0.20829325914382935, "train/value_delta": 0.16810888051986694, "train/value_delta_max": 0.5633994340896606, "train/fraction_clipped": 0.515625, "train/ratio_mean": 0.21942605078220367, "train/ratio_min": 0.31174856424331665, "train/ratio_max": 2.294149875640869, "train/num_sgd_steps": 16.0, "train/adam_max_second_moment": 0.009015114046633244, "train/version_diff_avg": 15.0, "train/version_diff_min": 15.0, "train/version_diff_max": 15.0, "perf/_fps": 153.50140380859375, "stats/memory_policy_worker": 7500.33203125, "stats/gpu_mem_policy_worker": 55.177215576171875, "stats/gpu_cache_policy_worker": 92.27468872070312, "stats/avg_request_count": 1.0, "stats/memory_learner": 7500.33203125, "stats/gpu_mem_learner": 55.746559143066406, "stats/gpu_cache_learner": 92.27468872070312, "perf/_sample_throughput": 169.54364013671875, "reward/reward": -116.12493896484375, "reward/reward_min": -261.433837890625, "reward/reward_max": 4.756263732910156, "len/len": 52.84000015258789, "len/len_min": 23.0, "len/len_max": 76.0, "policy_stats/avg_min_raw_reward": -100.0, "policy_stats/avg_max_raw_reward": 2.3733561038970947, "_wandb": {"runtime": 128}}