{"global_step": 18432, "_timestamp": 1751496583.042175, "stats/master_process_memory_mb": 7516.12109375, "perf/_fps": 51.74451446533203, "stats/memory_policy_worker": 7516.12109375, "stats/gpu_mem_policy_worker": 56.301055908203125, "stats/gpu_cache_policy_worker": 92.27468872070312, "stats/avg_request_count": 1.0, "perf/_sample_throughput": 92.47259521484375, "_runtime": 223, "_step": 36, "train/lr": 0.0003000000142492354, "train/actual_lr": 0.0003000000142492354, "train/obs_running_mean": 0.04717036336660385, "train/obs_running_std": 3.3097758293151855, "train/returns_running_mean": -4.481073379516602, "train/returns_running_std": 1.0228679180145264, "train/valids_fraction": 1.0, "train/same_policy_fraction": 1.0, "train/grad_norm": 0.9999994039535522, "train/loss": 0.03841125965118408, "train/value": -0.26958566904067993, "train/entropy": 3.40706729888916, "train/policy_loss": -0.07010721415281296, "train/kl_loss": 0.004880073480308056, "train/value_loss": 0.10704547166824341, "train/exploration_loss": -0.003407067386433482, "train/act_min": -6.609532833099365, "train/act_max": 12.22884750366211, "train/adv_min": -0.8531169891357422, "train/adv_max": 0.5412288904190063, "train/adv_std": 0.2912808656692505, "train/adv_mean": -0.12781360745429993, "train/max_abs_logprob": 1.5075525045394897, "train/action_mean": -0.036871179938316345, "train/action_mean_min": -1.0038273334503174, "train/action_mean_max": 1.2916018962860107, "train/action_log_std_mean": -0.28324946761131287, "train/action_log_std_min": -1.1405892372131348, "train/action_log_std_max": 1.562242031097412, "train/action_stddev_mean": 0.8691236972808838, "train/action_stddev_min": 0.31963062286376953, "train/action_stddev_max": 4.769502639770508, "train/adam_max_second_moment": 0.01575011946260929, "train/version_diff_avg": 15.0, "train/version_diff_min": 15.0, "train/version_diff_max": 15.0, "stats/memory_learner": 7516.12109375, "stats/gpu_mem_learner": 56.870399475097656, "stats/gpu_cache_learner": 92.27468872070312, "train/kl_divergence": 0.04880073294043541, "train/kl_divergence_max": 0.12266390770673752, "train/value_delta": 0.14902590215206146, "train/value_delta_max": 0.28463292121887207, "train/fraction_clipped": 0.5546875, "train/ratio_mean": 0.25259077548980713, "train/ratio_min": 0.17130455374717712, "train/ratio_max": 2.0679125785827637, "train/num_sgd_steps": 16.0, "stats/wait_policy": 0.0, "stats/step_policy": 0.0015741061652079225, "reward/reward": -207.72686767578125, "reward/reward_min": -314.2532958984375, "reward/reward_max": 17.245895385742188, "len/len": 139.58999633789062, "len/len_min": 1.0, "len/len_max": 211.0, "policy_stats/avg_min_raw_reward": -50.0, "policy_stats/avg_max_raw_reward": -2.0176849365234375}