{"global_step": 98304, "_timestamp": 1751558366.714592, "stats/master_process_memory_mb": 7552.9609375, "perf/_fps": 0.0, "stats/memory_policy_worker": 7552.9609375, "stats/gpu_mem_policy_worker": 115.80108642578125, "stats/gpu_cache_policy_worker": 270.5325927734375, "stats/avg_request_count": 1.0, "perf/_sample_throughput": 197.46658325195312, "reward/reward": -72.73930358886719, "reward/reward_min": -123.4522705078125, "reward/reward_max": -28.047035217285156, "len/len": 10.949999809265137, "len/len_min": 7.0, "len/len_max": 15.0, "policy_stats/avg_min_raw_reward": -100.0, "policy_stats/avg_max_raw_reward": 6.123940944671631, "_runtime": 492, "_step": 6, "train/lr": 0.001518749981187284, "train/actual_lr": 0.001518749981187284, "train/obs_running_mean": 0.1891808807849884, "train/obs_running_std": 1.4149566888809204, "train/returns_running_mean": -7.058219909667969, "train/returns_running_std": 2.2674612998962402, "train/valids_fraction": 1.0, "train/same_policy_fraction": 1.0, "train/grad_norm": 0.39268821477890015, "train/loss": 0.11052576452493668, "train/value": -0.12163673341274261, "train/entropy": 4.067858695983887, "train/policy_loss": -0.03601612150669098, "train/kl_loss": 0.0022301541175693274, "train/value_loss": 0.1483795940876007, "train/exploration_loss": -0.0040678586810827255, "train/act_min": -3.767775774002075, "train/act_max": 4.267975807189941, "train/adv_min": -3.3608627319335938, "train/adv_max": 3.639312267303467, "train/adv_std": 0.6713554263114929, "train/adv_mean": 0.15630382299423218, "train/max_abs_logprob": 0.8320749998092651, "train/action_mean": 0.26098284125328064, "train/action_mean_min": -0.660139262676239, "train/action_mean_max": 1.0213786363601685, "train/action_log_std_mean": -0.06298559159040451, "train/action_log_std_min": -0.5902056097984314, "train/action_log_std_max": 0.40657341480255127, "train/action_stddev_mean": 0.9486246109008789, "train/action_stddev_min": 0.554213285446167, "train/action_stddev_max": 1.5016634464263916, "train/adam_max_second_moment": 0.005035386420786381, "train/version_diff_avg": 31.0, "train/version_diff_min": 31.0, "train/version_diff_max": 31.0, "stats/memory_learner": 7552.9609375, "stats/gpu_mem_learner": 130.40435791015625, "stats/gpu_cache_learner": 274.7268981933594, "stats/wait_policy": 0.0, "stats/step_policy": 0.0014097642851993442, "train/kl_divergence": 0.02230154164135456, "train/kl_divergence_max": 0.09750188887119293, "train/value_delta": 0.10107861459255219, "train/value_delta_max": 0.34068602323532104, "train/fraction_clipped": 0.3447265625, "train/ratio_mean": 0.1606137454509735, "train/ratio_min": 0.14396299421787262, "train/ratio_max": 2.1337502002716064, "train/num_sgd_steps": 32.0, "_wandb": {"runtime": 502}}