{"global_step": 360448, "_timestamp": 1751579677.278839, "stats/master_process_memory_mb": 7584.12109375, "perf/_fps": 0.0, "stats/memory_policy_worker": 7584.12109375, "stats/gpu_mem_policy_worker": 116.58905792236328, "stats/gpu_cache_policy_worker": 272.6297607421875, "stats/avg_request_count": 1.0, "perf/_sample_throughput": 225.88890075683594, "reward/reward": 1707.87939453125, "reward/reward_min": 859.8729858398438, "reward/reward_max": 1878.595458984375, "len/len": 100.5199966430664, "len/len_min": 53.0, "len/len_max": 101.0, "policy_stats/avg_min_raw_reward": -20.242534637451172, "policy_stats/avg_max_raw_reward": 24.00503921508789, "_runtime": 1782, "_step": 22, "train/lr": 0.00044999999227002263, "train/actual_lr": 0.00044999999227002263, "train/obs_running_mean": -0.15973567962646484, "train/obs_running_std": 1.4875457286834717, "train/returns_running_mean": 17.978282928466797, "train/returns_running_std": 21.480119705200195, "train/valids_fraction": 1.0, "train/same_policy_fraction": 1.0, "train/grad_norm": 0.9999991059303284, "train/loss": 0.020001789554953575, "train/value": 1.8265700340270996, "train/entropy": 5.158998489379883, "train/policy_loss": -0.019327200949192047, "train/kl_loss": 0.0012307005235925317, "train/value_loss": 0.04325728863477707, "train/exploration_loss": -0.005158998537808657, "train/act_min": -3.9574179649353027, "train/act_max": 6.863728046417236, "train/adv_min": -15.32054328918457, "train/adv_max": 34.20435333251953, "train/adv_std": 3.3905251026153564, "train/adv_mean": 4.291653633117676, "train/max_abs_logprob": 2.3874969482421875, "train/action_mean": 0.33621636033058167, "train/action_mean_min": -1.2953647375106812, "train/action_mean_max": 2.3699421882629395, "train/action_log_std_mean": -0.12918896973133087, "train/action_log_std_min": -0.5583783984184265, "train/action_log_std_max": 0.988985002040863, "train/action_stddev_mean": 0.8975564241409302, "train/action_stddev_min": 0.5721361041069031, "train/action_stddev_max": 2.688504219055176, "train/adam_max_second_moment": 0.010168912820518017, "train/version_diff_avg": 26.0, "train/version_diff_min": 26.0, "train/version_diff_max": 26.0, "stats/memory_learner": 7626.109375, "stats/gpu_mem_learner": 131.21688842773438, "stats/gpu_cache_learner": 274.7268981933594, "stats/wait_policy": 0.0, "stats/step_policy": 0.0014903211267665029, "train/kl_divergence": 0.013683730736374855, "train/kl_divergence_max": 0.1712559461593628, "train/value_delta": 0.08271179348230362, "train/value_delta_max": 1.0375032424926758, "train/fraction_clipped": 0.21337890625, "train/ratio_mean": 0.12191888689994812, "train/ratio_min": 0.2809019386768341, "train/ratio_max": 1.979839563369751, "train/num_sgd_steps": 32.0, "policy_stats/avg_successes": 1.0, "policy_stats/avg_timeouts": 0.0, "policy_stats/avg_crashes": 1.0, "gate/passed": 1.0, "gate/distance": 0.8965056538581848, "gate/alignment": 1.0, "camera/facing_alignment": 0.18660782277584076, "camera/alignment_angle_deg": 78.8411636352539, "camera/alignment_category": 1.9299999475479126, "curriculum/current_level": 3.0, "curriculum/current_progress": 0.0}