{"global_step": 7168, "_timestamp": 1751533991.2023642, "stats/master_process_memory_mb": 7173.96875, "_runtime": 67, "_step": 14, "train/lr": 0.0003000000142492354, "train/actual_lr": 0.0003000000142492354, "train/obs_running_mean": 0.1337055265903473, "train/obs_running_std": 2.1027464866638184, "train/returns_running_mean": -4.085249900817871, "train/returns_running_std": 1.5294818878173828, "train/valids_fraction": 1.0, "train/same_policy_fraction": 1.0, "train/grad_norm": 0.9999994039535522, "train/loss": 0.025798190385103226, "train/value": -0.7410212755203247, "train/entropy": 4.148186683654785, "train/policy_loss": -0.032142192125320435, "train/kl_loss": 0.0031258442904800177, "train/value_loss": 0.05896272510290146, "train/exploration_loss": -0.0041481866501271725, "train/act_min": -4.091323375701904, "train/act_max": 3.61376953125, "train/adv_min": -0.8838080167770386, "train/adv_max": 0.194419264793396, "train/adv_std": 0.22354769706726074, "train/adv_mean": -0.32499203085899353, "train/max_abs_logprob": 0.7905510067939758, "train/action_mean": -0.08367764204740524, "train/action_mean_min": -0.8016404509544373, "train/action_mean_max": 0.5129935145378113, "train/action_log_std_mean": -0.03620972856879234, "train/action_log_std_min": -0.7046316862106323, "train/action_log_std_max": 0.79095059633255, "train/action_stddev_mean": 1.0099639892578125, "train/action_stddev_min": 0.4942905902862549, "train/action_stddev_max": 2.2054920196533203, "train/kl_divergence": 0.02576025202870369, "train/kl_divergence_max": 0.07799407839775085, "train/value_delta": 0.10862358659505844, "train/value_delta_max": 0.30921024084091187, "train/fraction_clipped": 0.3125, "train/ratio_mean": 0.17432847619056702, "train/ratio_min": 0.10042887181043625, "train/ratio_max": 2.4891719818115234, "train/num_sgd_steps": 16.0, "train/adam_max_second_moment": 0.01205491553992033, "train/version_diff_avg": 12.5, "train/version_diff_min": 12.0, "train/version_diff_max": 28.0, "perf/_fps": 153.6519317626953, "stats/memory_policy_worker": 7173.96875, "stats/gpu_mem_policy_worker": 56.30003356933594, "stats/gpu_cache_policy_worker": 94.37184143066406, "stats/avg_request_count": 1.0, "stats/memory_learner": 7173.96875, "stats/gpu_mem_learner": 56.86937713623047, "stats/gpu_cache_learner": 94.37184143066406, "perf/_sample_throughput": 137.2813262939453, "_wandb": {"runtime": 70}}