{"global_step": 1024, "_timestamp": 1751370163.440935, "stats/master_process_memory_mb": 7325.16796875, "perf/_fps": 0.0, "stats/memory_policy_worker": 7325.16796875, "stats/gpu_mem_policy_worker": 1250.197998046875, "stats/gpu_cache_policy_worker": 1767.899169921875, "stats/avg_request_count": 1.0, "perf/_sample_throughput": 21.56818962097168, "_runtime": 72, "_step": 1, "train/lr": 8.888888987712562e-05, "train/actual_lr": 8.888888987712562e-05, "train/image_obs_running_mean": -4238.40673828125, "train/image_obs_running_std": 130.42799377441406, "train/observations_running_mean": 0.153365358710289, "train/observations_running_std": 3.1210427284240723, "train/returns_running_mean": -2.790389060974121, "train/returns_running_std": 3.7694458961486816, "train/valids_fraction": 1.0, "train/same_policy_fraction": 1.0, "train/grad_norm": 0.9999997019767761, "train/loss": 1.547675609588623, "train/value": -0.0151772266253829, "train/entropy": 6.106291770935059, "train/policy_loss": 0.016162246465682983, "train/kl_loss": 0.004312881734222174, "train/value_loss": 1.5333067178726196, "train/exploration_loss": -0.006106291897594929, "train/act_min": -4.44207239151001, "train/act_max": 5.272421836853027, "train/adv_min": -10.260622024536133, "train/adv_max": 2.002249002456665, "train/adv_std": 3.8866324424743652, "train/adv_mean": -2.6015121936798096, "train/max_abs_logprob": 0.5687487125396729, "train/action_mean": -0.015617769211530685, "train/action_mean_min": -0.5170323252677917, "train/action_mean_max": 0.4368517994880676, "train/action_log_std_mean": 0.10763444751501083, "train/action_log_std_min": -0.4064183235168457, "train/action_log_std_max": 0.44583556056022644, "train/action_stddev_mean": 1.139407992362976, "train/action_stddev_min": 0.666031539440155, "train/action_stddev_max": 1.5617945194244385, "train/kl_divergence": 0.04312881827354431, "train/kl_divergence_max": 0.14529399573802948, "train/value_delta": 0.22460374236106873, "train/value_delta_max": 0.6385279297828674, "train/fraction_clipped": 0.384765625, "train/ratio_mean": 0.1899300515651703, "train/ratio_min": 0.11751429736614227, "train/ratio_max": 2.1280338764190674, "train/num_sgd_steps": 8.0, "train/adam_max_second_moment": 0.00011673833068925887, "train/version_diff_avg": 7.0, "train/version_diff_min": 7.0, "train/version_diff_max": 7.0, "stats/memory_learner": 7325.01171875, "stats/gpu_mem_learner": 1383.5391845703125, "stats/gpu_cache_learner": 2086.666259765625, "_wandb": {"runtime": 81}}