{"global_step": 3072, "_timestamp": 1751545747.9634418, "stats/master_process_memory_mb": 7519.31640625, "_runtime": 43, "_step": 6, "train/lr": 0.0006750000175088644, "train/actual_lr": 0.0006750000175088644, "train/obs_running_mean": 0.5590082406997681, "train/obs_running_std": 0.9753192663192749, "train/returns_running_mean": -3.5132930278778076, "train/returns_running_std": 3.228316068649292, "train/valids_fraction": 1.0, "train/same_policy_fraction": 1.0, "train/grad_norm": 0.9999995827674866, "train/loss": 0.24616938829421997, "train/value": -0.4690336287021637, "train/entropy": 4.5197224617004395, "train/policy_loss": -0.010626912117004395, "train/kl_loss": 0.002162414835765958, "train/value_loss": 0.2591536045074463, "train/exploration_loss": -0.004519722890108824, "train/act_min": -2.6054890155792236, "train/act_max": 3.7322771549224854, "train/adv_min": -10.68418025970459, "train/adv_max": 0.9301621317863464, "train/adv_std": 1.316607117652893, "train/adv_mean": -1.1345548629760742, "train/max_abs_logprob": 0.4720201790332794, "train/action_mean": 0.08824577182531357, "train/action_mean_min": -0.49189579486846924, "train/action_mean_max": 0.4165344834327698, "train/action_log_std_mean": 0.08763568103313446, "train/action_log_std_min": -0.36588144302368164, "train/action_log_std_max": 0.4144574999809265, "train/action_stddev_mean": 1.1067728996276855, "train/action_stddev_min": 0.6935849785804749, "train/action_stddev_max": 1.5135494470596313, "train/adam_max_second_moment": 0.0028190696612000465, "train/version_diff_avg": 7.0, "train/version_diff_min": 7.0, "train/version_diff_max": 7.0, "perf/_fps": 102.2891845703125, "stats/memory_policy_worker": 7519.31640625, "stats/gpu_mem_policy_worker": 55.83820724487305, "stats/gpu_cache_policy_worker": 92.27468872070312, "stats/avg_request_count": 1.0, "stats/memory_learner": 7519.16015625, "stats/gpu_mem_learner": 56.40755081176758, "stats/gpu_cache_learner": 92.27468872070312, "perf/_sample_throughput": 100.50232696533203, "train/kl_divergence": 0.029027234762907028, "train/kl_divergence_max": 0.07006710022687912, "train/value_delta": 0.2774629592895508, "train/value_delta_max": 0.7575111389160156, "train/fraction_clipped": 0.3515625, "train/ratio_mean": 0.1804785430431366, "train/ratio_min": 0.4278833866119385, "train/ratio_max": 1.9257571697235107, "train/num_sgd_steps": 16.0, "_wandb": {"runtime": 45}}