{"global_step": 0, "_timestamp": 1751557296.2816176, "stats/master_process_memory_mb": 7462.5625, "perf/_fps": 0.0, "stats/memory_policy_worker": 7443.96875, "stats/gpu_mem_policy_worker": 112.81459045410156, "stats/gpu_cache_policy_worker": 268.4354553222656, "stats/avg_request_count": 1.0, "perf/_sample_throughput": 160.1354217529297, "_runtime": 22, "_step": 0, "_wandb": {"runtime": 27}}