{"global_step": 26112, "_timestamp": 1751496154.6005921, "stats/master_process_memory_mb": 7511.2578125, "perf/_fps": 102.66818237304688, "stats/memory_policy_worker": 7511.2578125, "stats/gpu_mem_policy_worker": 56.30003356933594, "stats/gpu_cache_policy_worker": 94.37184143066406, "stats/avg_request_count": 1.0, "perf/_sample_throughput": 89.10277557373047, "_runtime": 325, "_step": 51, "train/lr": 0.00019999999494757503, "train/actual_lr": 0.00019999999494757503, "train/obs_running_mean": 0.07353633642196655, "train/obs_running_std": 3.361499547958374, "train/returns_running_mean": -4.191080093383789, "train/returns_running_std": 1.239289402961731, "train/valids_fraction": 1.0, "train/same_policy_fraction": 1.0, "train/grad_norm": 0.9999997019767761, "train/loss": 0.09339463710784912, "train/value": 0.3397061228752136, "train/entropy": 3.160970449447632, "train/policy_loss": -0.019273951649665833, "train/kl_loss": 0.001226853928528726, "train/value_loss": 0.1146027073264122, "train/exploration_loss": -0.0031609705183655024, "train/act_min": -3.565199851989746, "train/act_max": 3.1073548793792725, "train/adv_min": -0.6544488668441772, "train/adv_max": 1.0053293704986572, "train/adv_std": 0.345090389251709, "train/adv_mean": 0.2386603057384491, "train/max_abs_logprob": 1.612297773361206, "train/action_mean": -0.5006814002990723, "train/action_mean_min": -1.1616592407226562, "train/action_mean_max": 0.5307742357254028, "train/action_log_std_mean": -0.3652816712856293, "train/action_log_std_min": -1.633095383644104, "train/action_log_std_max": 0.5218895077705383, "train/action_stddev_mean": 0.8834575414657593, "train/action_stddev_min": 0.19532401859760284, "train/action_stddev_max": 1.6852089166641235, "train/kl_divergence": 0.01226853858679533, "train/kl_divergence_max": 0.028296608477830887, "train/value_delta": 0.17964710295200348, "train/value_delta_max": 0.3049253225326538, "train/fraction_clipped": 0.1484375, "train/ratio_mean": 0.1175040453672409, "train/ratio_min": 0.39075765013694763, "train/ratio_max": 1.438448429107666, "train/num_sgd_steps": 16.0, "train/adam_max_second_moment": 0.014804443344473839, "train/version_diff_avg": 15.0, "train/version_diff_min": 15.0, "train/version_diff_max": 15.0, "stats/memory_learner": 7511.2578125, "stats/gpu_mem_learner": 56.86937713623047, "stats/gpu_cache_learner": 94.37184143066406, "stats/wait_policy": 0.0, "stats/step_policy": 0.0017941332189366221, "reward/reward": -168.54249572753906, "reward/reward_min": -287.4658203125, "reward/reward_max": 222.89453125, "len/len": 142.8800048828125, "len/len_min": 1.0, "len/len_max": 225.0, "policy_stats/avg_min_raw_reward": -50.0, "policy_stats/avg_max_raw_reward": 0.08171375095844269}