{"global_step": 3072, "_timestamp": 1751493991.0218976, "stats/master_process_memory_mb": 7486.0703125, "perf/_fps": 51.13336181640625, "stats/memory_policy_worker": 7486.0703125, "stats/gpu_mem_policy_worker": 59.40991973876953, "stats/gpu_cache_policy_worker": 113.24620819091797, "stats/avg_request_count": 1.0, "perf/_sample_throughput": 43.81074905395508, "_runtime": 85, "_step": 6, "train/lr": 0.00044999999227002263, "train/actual_lr": 0.00044999999227002263, "train/obs_running_mean": 0.08051222562789917, "train/obs_running_std": 2.026613473892212, "train/returns_running_mean": 25.093067169189453, "train/returns_running_std": 10.175914764404297, "train/valids_fraction": 1.0, "train/same_policy_fraction": 1.0, "train/grad_norm": 0.9999995827674866, "train/loss": 0.3524567782878876, "train/value": 1.4317748546600342, "train/entropy": 4.318600654602051, "train/policy_loss": 0.014032423496246338, "train/kl_loss": 0.005154471844434738, "train/value_loss": 0.33758848905563354, "train/exploration_loss": -0.004318600986152887, "train/act_min": -3.1662049293518066, "train/act_max": 4.393557548522949, "train/adv_min": 0.4764060974121094, "train/adv_max": 14.941691398620605, "train/adv_std": 4.090156078338623, "train/adv_mean": 9.383121490478516, "train/max_abs_logprob": 0.46696358919143677, "train/action_mean": 0.15393857657909393, "train/action_mean_min": -0.0778341144323349, "train/action_mean_max": 0.35175132751464844, "train/action_log_std_mean": 0.02059493586421013, "train/action_log_std_min": -0.29336071014404297, "train/action_log_std_max": 0.30469220876693726, "train/action_stddev_mean": 1.0265644788742065, "train/action_stddev_min": 0.7457531094551086, "train/action_stddev_max": 1.3562074899673462, "train/kl_divergence": 0.023175202310085297, "train/kl_divergence_max": 0.09627533704042435, "train/value_delta": 0.3586540222167969, "train/value_delta_max": 0.7495617270469666, "train/fraction_clipped": 0.3046875, "train/ratio_mean": 0.13963186740875244, "train/ratio_min": 0.5874308347702026, "train/ratio_max": 1.5916577577590942, "train/num_sgd_steps": 16.0, "train/adam_max_second_moment": 0.005268079694360495, "train/version_diff_avg": 10.0, "train/version_diff_min": 10.0, "train/version_diff_max": 10.0, "stats/memory_learner": 7486.0703125, "stats/gpu_mem_learner": 59.97926330566406, "stats/gpu_cache_learner": 113.24620819091797, "_wandb": {"runtime": 92}}