{"global_step": 1536, "_timestamp": 1751551047.9546463, "stats/master_process_memory_mb": 7497.60546875, "perf/_fps": 51.33167266845703, "stats/memory_policy_worker": 7497.60546875, "stats/gpu_mem_policy_worker": 55.15622329711914, "stats/gpu_cache_policy_worker": 92.27468872070312, "stats/avg_request_count": 1.0, "perf/_sample_throughput": 51.18014144897461, "_runtime": 42, "_step": 3, "train/lr": 0.0006750000175088644, "train/actual_lr": 0.0006750000175088644, "train/obs_running_mean": 0.24488723278045654, "train/obs_running_std": 1.1014500856399536, "train/returns_running_mean": -8.407804489135742, "train/returns_running_std": 1.8774120807647705, "train/valids_fraction": 1.0, "train/same_policy_fraction": 1.0, "train/grad_norm": 0.9093186855316162, "train/loss": 0.28180524706840515, "train/value": -0.3464727997779846, "train/entropy": 4.147167682647705, "train/policy_loss": -0.0676649883389473, "train/kl_loss": 0.0055723185651004314, "train/value_loss": 0.34804508090019226, "train/exploration_loss": -0.004147167783230543, "train/act_min": -3.492992877960205, "train/act_max": 2.7702906131744385, "train/adv_min": -4.590016841888428, "train/adv_max": 1.4815750122070312, "train/adv_std": 1.0103998184204102, "train/adv_mean": -0.22761014103889465, "train/max_abs_logprob": 0.2965380549430847, "train/action_mean": 0.017174331471323967, "train/action_mean_min": -0.5094271898269653, "train/action_mean_max": 0.4224139451980591, "train/action_log_std_mean": -0.036549266427755356, "train/action_log_std_min": -0.4222739040851593, "train/action_log_std_max": 0.2949022948741913, "train/action_stddev_mean": 0.9737128019332886, "train/action_stddev_min": 0.655554473400116, "train/action_stddev_max": 1.3429951667785645, "train/kl_divergence": 0.05572318285703659, "train/kl_divergence_max": 0.22052353620529175, "train/value_delta": 0.19541004300117493, "train/value_delta_max": 0.6104927659034729, "train/fraction_clipped": 0.5234375, "train/ratio_mean": 0.2205757051706314, "train/ratio_min": 0.3325604796409607, "train/ratio_max": 2.239266872406006, "train/num_sgd_steps": 16.0, "train/adam_max_second_moment": 0.0028767965268343687, "train/version_diff_avg": 15.0, "train/version_diff_min": 15.0, "train/version_diff_max": 15.0, "stats/memory_learner": 7495.10546875, "stats/gpu_mem_learner": 55.72710418701172, "stats/gpu_cache_learner": 92.27468872070312, "reward/reward": -102.63388061523438, "reward/reward_min": -154.953857421875, "reward/reward_max": -60.6539306640625, "len/len": 6.920000076293945, "len/len_min": 2.0, "len/len_max": 13.0, "policy_stats/avg_min_raw_reward": -100.0, "policy_stats/avg_max_raw_reward": 2.7478952407836914, "_wandb": {"runtime": 47}}