{"global_step": 229376, "_timestamp": 1751457755.1483545, "stats/master_process_memory_mb": 7506.828125, "perf/_fps": 0.0, "stats/memory_policy_worker": 7506.828125, "stats/gpu_mem_policy_worker": 101.45126342773438, "stats/gpu_cache_policy_worker": 364.9044494628906, "stats/avg_request_count": 1.0, "perf/_sample_throughput": 485.065673828125, "reward/reward": -79.27507781982422, "reward/reward_min": -233.6591033935547, "reward/reward_max": 156.21664428710938, "len/len": 57.279998779296875, "len/len_min": 9.0, "len/len_max": 101.0, "policy_stats/avg_min_raw_reward": -104.8556900024414, "policy_stats/avg_max_raw_reward": 2.3206028938293457, "_runtime": 552, "_step": 7, "train/lr": 0.001518749981187284, "train/actual_lr": 0.001518749981187284, "train/obs_running_mean": 0.17996498942375183, "train/obs_running_std": 3.014954090118408, "train/returns_running_mean": -3.958171844482422, "train/returns_running_std": 3.514678478240967, "train/valids_fraction": 1.0, "train/same_policy_fraction": 1.0, "train/grad_norm": 0.704703152179718, "train/loss": 0.25001055002212524, "train/value": 0.05455973744392395, "train/entropy": 3.910613775253296, "train/policy_loss": -0.007013729773461819, "train/kl_loss": 0.0013428827514871955, "train/value_loss": 0.2595919966697693, "train/exploration_loss": -0.003910614177584648, "train/act_min": -3.5529918670654297, "train/act_max": 3.6681766510009766, "train/adv_min": -9.811062812805176, "train/adv_max": 7.730812072753906, "train/adv_std": 1.3036620616912842, "train/adv_mean": 0.5544148683547974, "train/max_abs_logprob": 0.8806090950965881, "train/action_mean": 0.21724626421928406, "train/action_mean_min": -0.8416323661804199, "train/action_mean_max": 0.9534478783607483, "train/action_log_std_mean": -0.11540065705776215, "train/action_log_std_min": -0.5538024306297302, "train/action_log_std_max": 0.3006889820098877, "train/action_stddev_mean": 0.8972262144088745, "train/action_stddev_min": 0.5747601985931396, "train/action_stddev_max": 1.350789189338684, "train/kl_divergence": 0.01394316740334034, "train/kl_divergence_max": 0.05471538007259369, "train/value_delta": 0.08925145864486694, "train/value_delta_max": 0.5237219333648682, "train/fraction_clipped": 0.224609375, "train/ratio_mean": 0.12443095445632935, "train/ratio_min": 0.22939933836460114, "train/ratio_max": 2.295964241027832, "train/num_sgd_steps": 32.0, "train/adam_max_second_moment": 0.006263270508497953, "train/version_diff_avg": 15.0, "train/version_diff_min": 15.0, "train/version_diff_max": 15.0, "stats/memory_learner": 7506.828125, "stats/gpu_mem_learner": 121.02861022949219, "stats/gpu_cache_learner": 371.1958923339844, "stats/wait_policy": 0.0, "stats/step_policy": 0.001438894309103489, "_wandb": {"runtime": 560}}