{"global_step": 327680, "_timestamp": 1751572665.568849, "stats/master_process_memory_mb": 7630.34375, "perf/_fps": 0.0, "stats/memory_policy_worker": 7665.36328125, "stats/gpu_mem_policy_worker": 116.59161376953125, "stats/gpu_cache_policy_worker": 272.6297607421875, "stats/avg_request_count": 1.0, "perf/_sample_throughput": 168.81410217285156, "reward/reward": 3070.8037109375, "reward/reward_min": -9.424751281738281, "reward/reward_max": 13624.8916015625, "len/len": 139.75, "len/len_min": 17.0, "len/len_max": 301.0, "policy_stats/avg_min_raw_reward": -90.60067749023438, "policy_stats/avg_max_raw_reward": 52.97133255004883, "stats/wait_policy": 0.0, "stats/step_policy": 0.0017443752149119973, "_runtime": 2242, "_step": 20, "train/lr": 0.0003000000142492354, "train/actual_lr": 0.0003000000142492354, "train/obs_running_mean": -0.14898042380809784, "train/obs_running_std": 1.4808666706085205, "train/returns_running_mean": 2.586171865463257, "train/returns_running_std": 12.643343925476074, "train/valids_fraction": 1.0, "train/same_policy_fraction": 1.0, "train/grad_norm": 0.9999997019767761, "train/loss": 1.3608813285827637, "train/value": 2.1808762550354004, "train/entropy": 4.471190452575684, "train/policy_loss": -0.0056592971086502075, "train/kl_loss": 0.002671297639608383, "train/value_loss": 1.3683404922485352, "train/exploration_loss": -0.004471190739423037, "train/act_min": -4.7388505935668945, "train/act_max": 6.004836559295654, "train/adv_min": -25.70400619506836, "train/adv_max": 81.91094207763672, "train/adv_std": 14.208189964294434, "train/adv_mean": 8.066950798034668, "train/max_abs_logprob": 2.780118703842163, "train/action_mean": 0.8297775983810425, "train/action_mean_min": -0.7039486169815063, "train/action_mean_max": 2.7636830806732178, "train/action_log_std_mean": -0.30114102363586426, "train/action_log_std_min": -0.9650970697402954, "train/action_log_std_max": 0.8952075242996216, "train/action_stddev_mean": 0.7636411190032959, "train/action_stddev_min": 0.38094621896743774, "train/action_stddev_max": 2.4478437900543213, "train/adam_max_second_moment": 0.009312840178608894, "train/version_diff_avg": 31.0, "train/version_diff_min": 31.0, "train/version_diff_max": 31.0, "stats/memory_learner": 7698.23046875, "stats/gpu_mem_learner": 131.21945190429688, "stats/gpu_cache_learner": 274.7268981933594, "train/kl_divergence": 0.026712976396083832, "train/kl_divergence_max": 0.13610535860061646, "train/value_delta": 0.19917705655097961, "train/value_delta_max": 1.1531215906143188, "train/fraction_clipped": 0.34765625, "train/ratio_mean": 0.16719020903110504, "train/ratio_min": 0.06824953854084015, "train/ratio_max": 4.191564083099365, "train/num_sgd_steps": 32.0, "_wandb": {"runtime": 2245}}