{"global_step": 12288, "_timestamp": 1751393320.4687448, "stats/master_process_memory_mb": 7149.43359375, "perf/_fps": 0.0, "stats/memory_policy_worker": 7149.43359375, "stats/gpu_mem_policy_worker": 68.3315200805664, "stats/gpu_cache_policy_worker": 140.50918579101562, "stats/avg_request_count": 1.0, "perf/_sample_throughput": 138.64157104492188, "reward/reward": -97.24954986572266, "reward/reward_min": -154.0399169921875, "reward/reward_max": -43.43818283081055, "len/len": 32.689998626708984, "len/len_min": 6.0, "len/len_max": 67.0, "policy_stats/avg_min_raw_reward": -100.0, "policy_stats/avg_max_raw_reward": 1.6970943212509155, "_runtime": 142, "_step": 2, "train/lr": 0.001518749981187284, "train/actual_lr": 0.001518749981187284, "train/obs_running_mean": 0.1792600154876709, "train/obs_running_std": 3.0874814987182617, "train/returns_running_mean": -2.975942850112915, "train/returns_running_std": 3.807063341140747, "train/valids_fraction": 1.0, "train/same_policy_fraction": 1.0, "train/grad_norm": 0.756929874420166, "train/loss": 0.3725413382053375, "train/value": -0.256705105304718, "train/entropy": 8.501956939697266, "train/policy_loss": -0.01135963760316372, "train/kl_loss": 0.001538911834359169, "train/value_loss": 0.3908640146255493, "train/exploration_loss": -0.008501957170665264, "train/act_min": -3.6756556034088135, "train/act_max": 3.772923469543457, "train/adv_min": -11.227739334106445, "train/adv_max": 3.3002123832702637, "train/adv_std": 1.7485249042510986, "train/adv_mean": -1.7106001377105713, "train/max_abs_logprob": 0.2845264971256256, "train/action_mean": -0.009552198462188244, "train/action_mean_min": -0.3581210672855377, "train/action_mean_max": 0.32720333337783813, "train/action_log_std_mean": -0.0019457560265436769, "train/action_log_std_min": -0.016819804906845093, "train/action_log_std_max": 0.004249542020261288, "train/action_stddev_mean": 0.9980814456939697, "train/action_stddev_min": 0.9833208322525024, "train/action_stddev_max": 1.004258632659912, "train/kl_divergence": 0.01538911834359169, "train/kl_divergence_max": 0.05191314220428467, "train/value_delta": 0.3580508232116699, "train/value_delta_max": 1.2828736305236816, "train/fraction_clipped": 0.2740885615348816, "train/ratio_mean": 0.13150905072689056, "train/ratio_min": 0.4978087246417999, "train/ratio_max": 1.9347938299179077, "train/num_sgd_steps": 16.0, "train/adam_max_second_moment": 0.002863149391487241, "train/version_diff_avg": 15.0, "train/version_diff_min": 15.0, "train/version_diff_max": 15.0, "stats/memory_learner": 7149.43359375, "stats/gpu_mem_learner": 73.09158325195312, "stats/gpu_cache_learner": 140.50918579101562, "_wandb": {"runtime": 153}}