{"global_step": 212992, "_timestamp": 1751577246.4144528, "stats/master_process_memory_mb": 7742.4609375, "perf/_fps": 0.0, "stats/memory_policy_worker": 7733.3984375, "stats/gpu_mem_policy_worker": 116.58342742919922, "stats/gpu_cache_policy_worker": 272.6297607421875, "stats/avg_request_count": 1.0, "perf/_sample_throughput": 150.70713806152344, "reward/reward": 3121.232177734375, "reward/reward_min": 135.09042358398438, "reward/reward_max": 10420.30078125, "len/len": 169.58999633789062, "len/len_min": 16.0, "len/len_max": 301.0, "policy_stats/avg_min_raw_reward": -80.1388931274414, "policy_stats/avg_max_raw_reward": 57.0888557434082, "_runtime": 1483, "_step": 13, "train/lr": 0.00044999999227002263, "train/actual_lr": 0.00044999999227002263, "train/obs_running_mean": -0.1522795855998993, "train/obs_running_std": 1.5307021141052246, "train/returns_running_mean": 4.110698699951172, "train/returns_running_std": 10.676103591918945, "train/valids_fraction": 1.0, "train/same_policy_fraction": 1.0, "train/grad_norm": 0.9999993443489075, "train/loss": 1.077241063117981, "train/value": 1.5159881114959717, "train/entropy": 5.4436750411987305, "train/policy_loss": -0.008801110088825226, "train/kl_loss": 0.0029926870483905077, "train/value_loss": 1.0884931087493896, "train/exploration_loss": -0.005443675443530083, "train/act_min": -3.7439002990722656, "train/act_max": 4.451779365539551, "train/adv_min": -23.727741241455078, "train/adv_max": 46.567420959472656, "train/adv_std": 8.45891284942627, "train/adv_mean": 9.142820358276367, "train/max_abs_logprob": 1.946803331375122, "train/action_mean": 0.49370384216308594, "train/action_mean_min": -0.5827014446258545, "train/action_mean_max": 2.1217384338378906, "train/action_log_std_mean": -0.05801980942487717, "train/action_log_std_min": -0.5549293756484985, "train/action_log_std_max": 0.797187864780426, "train/action_stddev_mean": 0.953957736492157, "train/action_stddev_min": 0.5741127729415894, "train/action_stddev_max": 2.2192912101745605, "train/adam_max_second_moment": 0.00935579463839531, "train/version_diff_avg": 31.0, "train/version_diff_min": 31.0, "train/version_diff_max": 31.0, "stats/memory_learner": 7628.36328125, "stats/gpu_mem_learner": 131.2112579345703, "stats/gpu_cache_learner": 274.7268981933594, "stats/wait_policy": 0.0, "stats/step_policy": 0.0022310304921120405, "train/kl_divergence": 0.02992687001824379, "train/kl_divergence_max": 0.1496438831090927, "train/value_delta": 0.5524665117263794, "train/value_delta_max": 1.1863975524902344, "train/fraction_clipped": 0.40771484375, "train/ratio_mean": 0.1837293952703476, "train/ratio_min": 0.2094123810529709, "train/ratio_max": 2.5409209728240967, "train/num_sgd_steps": 32.0}