{"global_step": 13824, "_timestamp": 1751493855.3087506, "stats/master_process_memory_mb": 7504.9921875, "perf/_fps": 51.15196990966797, "stats/memory_policy_worker": 7504.9921875, "stats/gpu_mem_policy_worker": 59.40991973876953, "stats/gpu_cache_policy_worker": 113.24620819091797, "stats/avg_request_count": 1.0, "perf/_sample_throughput": 43.02626419067383, "_runtime": 342, "_step": 27, "train/lr": 0.00044999999227002263, "train/actual_lr": 0.00044999999227002263, "train/obs_running_mean": 0.03342961147427559, "train/obs_running_std": 2.0824689865112305, "train/returns_running_mean": 48.11964797973633, "train/returns_running_std": 17.69085121154785, "train/valids_fraction": 1.0, "train/same_policy_fraction": 1.0, "train/grad_norm": 0.999999463558197, "train/loss": -0.001402321271598339, "train/value": 1.175757884979248, "train/entropy": 4.279026031494141, "train/policy_loss": -0.010165184736251831, "train/kl_loss": 0.002103323582559824, "train/value_loss": 0.010938567109405994, "train/exploration_loss": -0.004279026295989752, "train/act_min": -4.159115314483643, "train/act_max": 3.083599805831909, "train/adv_min": -1.3390157222747803, "train/adv_max": 6.682608604431152, "train/adv_std": 2.1715478897094727, "train/adv_mean": 0.6772037148475647, "train/max_abs_logprob": 1.0591410398483276, "train/action_mean": -0.22692418098449707, "train/action_mean_min": -1.0204527378082275, "train/action_mean_max": 0.5849400758743286, "train/action_log_std_mean": 0.007403609808534384, "train/action_log_std_min": -0.44219714403152466, "train/action_log_std_max": 0.4574529230594635, "train/action_stddev_mean": 1.0301928520202637, "train/action_stddev_min": 0.6426229476928711, "train/action_stddev_max": 1.5800443887710571, "train/kl_divergence": 0.01645778864622116, "train/kl_divergence_max": 0.05439906567335129, "train/value_delta": 0.07942840456962585, "train/value_delta_max": 0.3966997563838959, "train/fraction_clipped": 0.2421875, "train/ratio_mean": 0.13918226957321167, "train/ratio_min": 0.3927575647830963, "train/ratio_max": 1.6903244256973267, "train/num_sgd_steps": 16.0, "train/adam_max_second_moment": 0.008788448758423328, "train/version_diff_avg": 10.0, "train/version_diff_min": 10.0, "train/version_diff_max": 10.0, "stats/memory_learner": 7504.9921875, "stats/gpu_mem_learner": 59.97926330566406, "stats/gpu_cache_learner": 113.24620819091797, "stats/wait_policy": 0.0, "stats/step_policy": 0.0012109040981158614, "_wandb": {"runtime": 344}}