{"global_step": 32768, "_timestamp": 1751569567.6775799, "stats/master_process_memory_mb": 7583.7265625, "perf/_fps": 0.0, "stats/memory_policy_worker": 7583.7265625, "stats/gpu_mem_policy_worker": 116.58137512207031, "stats/gpu_cache_policy_worker": 272.6297607421875, "stats/avg_request_count": 1.0, "perf/_sample_throughput": 159.43087768554688, "reward/reward": -68.71976470947266, "reward/reward_min": -102.10920715332031, "reward/reward_max": -36.56089782714844, "len/len": 9.0, "len/len_min": 6.0, "len/len_max": 14.0, "policy_stats/avg_min_raw_reward": -100.0, "policy_stats/avg_max_raw_reward": 7.308351516723633, "_runtime": 302, "_step": 2, "train/lr": 0.00019999999494757503, "train/actual_lr": 0.00019999999494757503, "train/obs_running_mean": -0.12592878937721252, "train/obs_running_std": 1.5451233386993408, "train/returns_running_mean": -6.389132022857666, "train/returns_running_std": 2.9984631538391113, "train/valids_fraction": 1.0, "train/same_policy_fraction": 1.0, "train/grad_norm": 0.42894119024276733, "train/loss": 0.16043691337108612, "train/value": -0.34385761618614197, "train/entropy": 5.977606773376465, "train/policy_loss": -0.015137003734707832, "train/kl_loss": 0.0008779480122029781, "train/value_loss": 0.18067356944084167, "train/exploration_loss": -0.005977606866508722, "train/act_min": -3.813800096511841, "train/act_max": 3.8204047679901123, "train/adv_min": -5.8868913650512695, "train/adv_max": 2.6763112545013428, "train/adv_std": 1.096281886100769, "train/adv_mean": -1.759047031402588, "train/max_abs_logprob": 0.27556049823760986, "train/action_mean": 0.07968360930681229, "train/action_mean_min": -0.1972924768924713, "train/action_mean_max": 0.28781449794769287, "train/action_log_std_mean": 0.07546306401491165, "train/action_log_std_min": -0.24086016416549683, "train/action_log_std_max": 0.27029380202293396, "train/action_stddev_mean": 1.0835728645324707, "train/action_stddev_min": 0.7859514951705933, "train/action_stddev_max": 1.3103493452072144, "train/adam_max_second_moment": 0.008296722546219826, "train/version_diff_avg": 31.0, "train/version_diff_min": 31.0, "train/version_diff_max": 31.0, "stats/memory_learner": 7580.4453125, "stats/gpu_mem_learner": 131.20921325683594, "stats/gpu_cache_learner": 274.7268981933594, "stats/wait_policy": 0.0, "stats/step_policy": 0.0017169188940897584, "train/kl_divergence": 0.008779480122029781, "train/kl_divergence_max": 0.026539290323853493, "train/value_delta": 0.32806089520454407, "train/value_delta_max": 0.7520514726638794, "train/fraction_clipped": 0.138671875, "train/ratio_mean": 0.09820176661014557, "train/ratio_min": 0.5184924006462097, "train/ratio_max": 1.955993890762329, "train/num_sgd_steps": 32.0, "_wandb": {"runtime": 308}}