{"global_step": 16384, "_timestamp": 1751373883.2660546, "stats/master_process_memory_mb": 7284.33203125, "perf/_fps": 0.0, "stats/memory_policy_worker": 7284.33203125, "stats/gpu_mem_policy_worker": 3454.02734375, "stats/gpu_cache_policy_worker": 4607.44287109375, "stats/avg_request_count": 1.0, "perf/_sample_throughput": 86.66950225830078, "reward/reward": -99.79180908203125, "reward/reward_min": -220.56170654296875, "reward/reward_max": 46.03291320800781, "len/len": 36.08000183105469, "len/len_min": 1.0, "len/len_max": 85.0, "policy_stats/avg_min_raw_reward": -101.06424713134766, "policy_stats/avg_max_raw_reward": 0.2937215566635132, "_runtime": 232, "_step": 4, "train/lr": 0.0006750000175088644, "train/actual_lr": 0.0006750000175088644, "train/image_obs_running_mean": -4242.1708984375, "train/image_obs_running_std": 32.63593292236328, "train/observations_running_mean": 0.18718458712100983, "train/observations_running_std": 2.9981610774993896, "train/returns_running_mean": -3.5556094646453857, "train/returns_running_std": 3.641939878463745, "train/valids_fraction": 1.0, "train/same_policy_fraction": 1.0, "train/grad_norm": 0.9646838903427124, "train/loss": 0.3642435669898987, "train/value": -0.23011939227581024, "train/entropy": 5.491432189941406, "train/policy_loss": -0.025481179356575012, "train/kl_loss": 0.003195401281118393, "train/value_loss": 0.3920207619667053, "train/exploration_loss": -0.0054914322681725025, "train/act_min": -3.8398690223693848, "train/act_max": 3.8999862670898438, "train/adv_min": -11.138631820678711, "train/adv_max": 3.7134828567504883, "train/adv_std": 1.6875280141830444, "train/adv_mean": -0.5974746942520142, "train/max_abs_logprob": 0.5999325513839722, "train/action_mean": 0.19084155559539795, "train/action_mean_min": -0.48833167552948, "train/action_mean_max": 0.7499385476112366, "train/action_log_std_mean": -0.04608052968978882, "train/action_log_std_min": -0.5434843897819519, "train/action_log_std_max": 0.33562999963760376, "train/action_stddev_mean": 0.9644439816474915, "train/action_stddev_min": 0.5807212591171265, "train/action_stddev_max": 1.3988213539123535, "train/kl_divergence": 0.020217938348650932, "train/kl_divergence_max": 0.052140191197395325, "train/value_delta": 0.4079904556274414, "train/value_delta_max": 0.9848092794418335, "train/fraction_clipped": 0.2548828125, "train/ratio_mean": 0.14231398701667786, "train/ratio_min": 0.2007594108581543, "train/ratio_max": 3.0800418853759766, "train/num_sgd_steps": 16.0, "train/adam_max_second_moment": 0.0014091888442635536, "train/version_diff_avg": 10.0, "train/version_diff_min": 10.0, "train/version_diff_max": 10.0, "stats/memory_learner": 7284.33203125, "stats/gpu_mem_learner": 3987.853759765625, "stats/gpu_cache_learner": 5475.6640625, "stats/wait_policy": 0.0, "stats/step_policy": 0.001371836639009416, "_wandb": {"runtime": 224}}