{"global_step": 122880, "_timestamp": 1751390285.9021502, "stats/master_process_memory_mb": 7153.83203125, "perf/_fps": 0.0, "stats/memory_policy_worker": 7153.83203125, "stats/gpu_mem_policy_worker": 68.3325424194336, "stats/gpu_cache_policy_worker": 140.50918579101562, "stats/avg_request_count": 1.0, "perf/_sample_throughput": 149.1572265625, "reward/reward": -0.7537214159965515, "reward/reward_min": -248.1832275390625, "reward/reward_max": 259.015625, "len/len": 84.30000305175781, "len/len_min": 11.0, "len/len_max": 101.0, "policy_stats/avg_min_raw_reward": -114.33594512939453, "policy_stats/avg_max_raw_reward": 3.1477701663970947, "_runtime": 871, "_step": 20, "train/lr": 0.0010125000262632966, "train/actual_lr": 0.0010125000262632966, "train/obs_running_mean": 0.15317262709140778, "train/obs_running_std": 2.8623409271240234, "train/returns_running_mean": -2.102403163909912, "train/returns_running_std": 4.157258033752441, "train/valids_fraction": 1.0, "train/same_policy_fraction": 1.0, "train/grad_norm": 0.9999992847442627, "train/loss": 0.24206867814064026, "train/value": 1.1691465377807617, "train/entropy": 8.046762466430664, "train/policy_loss": -0.006932971533387899, "train/kl_loss": 0.0049558174796402454, "train/value_loss": 0.2520925998687744, "train/exploration_loss": -0.008046763017773628, "train/act_min": -4.578394412994385, "train/act_max": 4.503137588500977, "train/adv_min": -14.185701370239258, "train/adv_max": 10.151678085327148, "train/adv_std": 1.7509208917617798, "train/adv_mean": 0.5700197219848633, "train/max_abs_logprob": 1.9177391529083252, "train/action_mean": 0.1791301816701889, "train/action_mean_min": -1.2766567468643188, "train/action_mean_max": 2.10929799079895, "train/action_log_std_mean": -0.07781160622835159, "train/action_log_std_min": -0.6154414415359497, "train/action_log_std_max": 0.7704289555549622, "train/action_stddev_mean": 0.9450196027755737, "train/action_stddev_min": 0.5404022932052612, "train/action_stddev_max": 2.1606929302215576, "train/kl_divergence": 0.04955817386507988, "train/kl_divergence_max": 0.42458364367485046, "train/value_delta": 0.16996924579143524, "train/value_delta_max": 1.2779567241668701, "train/fraction_clipped": 0.4479166865348816, "train/ratio_mean": 0.20899729430675507, "train/ratio_min": 0.21550607681274414, "train/ratio_max": 3.1318130493164062, "train/num_sgd_steps": 16.0, "train/adam_max_second_moment": 0.01167052797973156, "train/version_diff_avg": 15.0, "train/version_diff_min": 15.0, "train/version_diff_max": 15.0, "stats/memory_learner": 7153.83203125, "stats/gpu_mem_learner": 73.09260559082031, "stats/gpu_cache_learner": 140.50918579101562, "stats/wait_policy": 0.0, "stats/step_policy": 0.0009402608848176897, "_wandb": {"runtime": 882}}