{"global_step": 65536, "_timestamp": 1751457100.4926665, "stats/master_process_memory_mb": 7185.4609375, "perf/_fps": 0.0, "stats/memory_policy_worker": 7185.4609375, "stats/gpu_mem_policy_worker": 101.44512176513672, "stats/gpu_cache_policy_worker": 364.9044494628906, "stats/avg_request_count": 1.0, "perf/_sample_throughput": 497.2027587890625, "reward/reward": -97.96149444580078, "reward/reward_min": -177.56590270996094, "reward/reward_max": -33.99994659423828, "len/len": 30.15999984741211, "len/len_min": 7.0, "len/len_max": 61.0, "policy_stats/avg_min_raw_reward": -100.0654296875, "policy_stats/avg_max_raw_reward": 1.7979326248168945, "_runtime": 182, "_step": 2, "train/lr": 0.00044999999227002263, "train/actual_lr": 0.00044999999227002263, "train/obs_running_mean": 0.18701815605163574, "train/obs_running_std": 3.090769052505493, "train/returns_running_mean": -2.9512484073638916, "train/returns_running_std": 3.6997485160827637, "train/valids_fraction": 1.0, "train/same_policy_fraction": 1.0, "train/grad_norm": 0.43601128458976746, "train/loss": 0.37666410207748413, "train/value": -0.19309261441230774, "train/entropy": 4.247722625732422, "train/policy_loss": -0.011392097920179367, "train/kl_loss": 0.0010323243914172053, "train/value_loss": 0.39127159118652344, "train/exploration_loss": -0.004247722681611776, "train/act_min": -4.489665508270264, "train/act_max": 4.158717155456543, "train/adv_min": -12.29621410369873, "train/adv_max": 3.4275689125061035, "train/adv_std": 1.8226512670516968, "train/adv_mean": -1.7528432607650757, "train/max_abs_logprob": 0.6175585389137268, "train/action_mean": 0.020752865821123123, "train/action_mean_min": -0.5664990544319153, "train/action_mean_max": 0.4742887020111084, "train/action_log_std_mean": -0.00303097628057003, "train/action_log_std_min": -0.4302341043949127, "train/action_log_std_max": 0.3892562687397003, "train/action_stddev_mean": 1.0032323598861694, "train/action_stddev_min": 0.6503568291664124, "train/action_stddev_max": 1.4758827686309814, "train/kl_divergence": 0.010323244147002697, "train/kl_divergence_max": 0.03856339305639267, "train/value_delta": 0.2697126269340515, "train/value_delta_max": 0.8274146318435669, "train/fraction_clipped": 0.153076171875, "train/ratio_mean": 0.10412657260894775, "train/ratio_min": 0.27398326992988586, "train/ratio_max": 2.6757049560546875, "train/num_sgd_steps": 32.0, "train/adam_max_second_moment": 0.003956949338316917, "train/version_diff_avg": 31.0, "train/version_diff_min": 31.0, "train/version_diff_max": 31.0, "stats/memory_learner": 7185.4609375, "stats/gpu_mem_learner": 121.02349090576172, "stats/gpu_cache_learner": 371.1958923339844, "stats/wait_policy": 0.0, "stats/step_policy": 0.0012403011787682772, "_wandb": {"runtime": 185}}