{"global_step": 13824, "_timestamp": 1751535403.9576836, "stats/master_process_memory_mb": 7542.2734375, "_runtime": 153, "_step": 27, "train/lr": 0.00019999999494757503, "train/actual_lr": 0.00019999999494757503, "train/obs_running_mean": 0.24035191535949707, "train/obs_running_std": 2.7886550426483154, "train/returns_running_mean": -3.6189467906951904, "train/returns_running_std": 1.4021137952804565, "train/valids_fraction": 1.0, "train/same_policy_fraction": 1.0, "train/grad_norm": 0.9999995231628418, "train/loss": 0.015218527987599373, "train/value": 0.15433868765830994, "train/entropy": 2.8537979125976562, "train/policy_loss": -0.024712853133678436, "train/kl_loss": 0.003759492188692093, "train/value_loss": 0.0390256866812706, "train/exploration_loss": -0.0028537979815155268, "train/act_min": -2.8944292068481445, "train/act_max": 2.1629955768585205, "train/adv_min": -1.1364223957061768, "train/adv_max": 0.6380455493927002, "train/adv_std": 0.3393242657184601, "train/adv_mean": 0.12289471179246902, "train/max_abs_logprob": 1.3464577198028564, "train/action_mean": -0.2542824149131775, "train/action_mean_min": -1.3100239038467407, "train/action_mean_max": 0.5007781982421875, "train/action_log_std_mean": -0.46767252683639526, "train/action_log_std_min": -1.1249680519104004, "train/action_log_std_max": 0.30827224254608154, "train/action_stddev_mean": 0.6557773351669312, "train/action_stddev_min": 0.32466283440589905, "train/action_stddev_max": 1.3610714673995972, "train/kl_divergence": 0.03759492188692093, "train/kl_divergence_max": 0.20627564191818237, "train/value_delta": 0.13403518497943878, "train/value_delta_max": 0.35214802622795105, "train/fraction_clipped": 0.4765625, "train/ratio_mean": 0.19520951807498932, "train/ratio_min": 0.25511687994003296, "train/ratio_max": 1.6444995403289795, "train/num_sgd_steps": 16.0, "train/adam_max_second_moment": 0.013065929524600506, "train/version_diff_avg": 15.0, "train/version_diff_min": 15.0, "train/version_diff_max": 15.0, "perf/_fps": 102.70999908447266, "stats/memory_policy_worker": 7542.2734375, "stats/gpu_mem_policy_worker": 56.301055908203125, "stats/gpu_cache_policy_worker": 92.27468872070312, "stats/avg_request_count": 1.0, "stats/memory_learner": 7542.2734375, "stats/gpu_mem_learner": 56.870399475097656, "stats/gpu_cache_learner": 92.27468872070312, "perf/_sample_throughput": 98.95094299316406, "reward/reward": -175.6836700439453, "reward/reward_min": -276.8694152832031, "reward/reward_max": 156.23501586914062, "len/len": 124.43000030517578, "len/len_min": 1.0, "len/len_max": 181.0, "policy_stats/avg_min_raw_reward": -50.0, "policy_stats/avg_max_raw_reward": -0.06245212256908417}