{"global_step": 512, "_timestamp": 1751552639.6292305, "stats/master_process_memory_mb": 7364.171875, "perf/_fps": 0.0, "stats/memory_policy_worker": 7364.015625, "stats/gpu_mem_policy_worker": 51.08531188964844, "stats/gpu_cache_policy_worker": 88.08038330078125, "stats/avg_request_count": 1.0, "perf/_sample_throughput": 39.26940155029297, "_runtime": 23, "_step": 1, "train/lr": 0.0003000000142492354, "train/actual_lr": 0.0003000000142492354, "train/obs_running_mean": 0.19578704237937927, "train/obs_running_std": 0.8551862835884094, "train/returns_running_mean": -5.938098907470703, "train/returns_running_std": 3.215183734893799, "train/valids_fraction": 1.0, "train/same_policy_fraction": 1.0, "train/grad_norm": 0.9999992847442627, "train/loss": 0.8971890807151794, "train/value": 0.016196712851524353, "train/entropy": 4.188957691192627, "train/policy_loss": -0.051842257380485535, "train/kl_loss": 0.003217699471861124, "train/value_loss": 0.9500026106834412, "train/exploration_loss": -0.004188958089798689, "train/act_min": -3.531919240951538, "train/act_max": 2.4424262046813965, "train/adv_min": -10.019817352294922, "train/adv_max": 2.136988401412964, "train/adv_std": 3.0420756340026855, "train/adv_mean": -5.9667158126831055, "train/max_abs_logprob": 0.13904449343681335, "train/action_mean": 0.013421161100268364, "train/action_mean_min": -0.19323718547821045, "train/action_mean_max": 0.19240669906139374, "train/action_log_std_mean": -0.02261931821703911, "train/action_log_std_min": -0.26591193675994873, "train/action_log_std_max": 0.24422748386859894, "train/action_stddev_mean": 0.9806650876998901, "train/action_stddev_min": 0.7665066719055176, "train/action_stddev_max": 1.276634693145752, "train/adam_max_second_moment": 0.0009634523303247988, "train/version_diff_avg": 11.0, "train/version_diff_min": 11.0, "train/version_diff_max": 11.0, "_wandb": {"runtime": 31}}