{"global_step": 22016, "_timestamp": 1751496931.0723693, "stats/master_process_memory_mb": 7497.1796875, "_runtime": 252, "_step": 43, "train/lr": 0.00019999999494757503, "train/actual_lr": 0.00019999999494757503, "train/obs_running_mean": 0.24712705612182617, "train/obs_running_std": 2.672818183898926, "train/returns_running_mean": -4.239794731140137, "train/returns_running_std": 1.4300386905670166, "train/valids_fraction": 1.0, "train/same_policy_fraction": 1.0, "train/grad_norm": 0.9999996423721313, "train/loss": 0.005220230668783188, "train/value": -0.19685709476470947, "train/entropy": 4.341821670532227, "train/policy_loss": -0.049777157604694366, "train/kl_loss": 0.0033600495662540197, "train/value_loss": 0.0559791624546051, "train/exploration_loss": -0.004341821651905775, "train/act_min": -5.168401718139648, "train/act_max": 2.7240097522735596, "train/adv_min": -0.6681434512138367, "train/adv_max": 0.6410031914710999, "train/adv_std": 0.23549716174602509, "train/adv_mean": 0.012034302577376366, "train/max_abs_logprob": 1.7302173376083374, "train/action_mean": -0.5488986968994141, "train/action_mean_min": -1.7356314659118652, "train/action_mean_max": 0.7839037179946899, "train/action_log_std_mean": 0.028335418552160263, "train/action_log_std_min": -1.166595697402954, "train/action_log_std_max": 0.7719330787658691, "train/action_stddev_mean": 1.1100414991378784, "train/action_stddev_min": 0.3114252984523773, "train/action_stddev_max": 2.163945198059082, "train/kl_divergence": 0.033600494265556335, "train/kl_divergence_max": 0.06112523376941681, "train/value_delta": 0.1055678129196167, "train/value_delta_max": 0.26438266038894653, "train/fraction_clipped": 0.3515625, "train/ratio_mean": 0.17591311037540436, "train/ratio_min": 0.5047355890274048, "train/ratio_max": 2.252122163772583, "train/num_sgd_steps": 16.0, "train/adam_max_second_moment": 0.017196062952280045, "train/version_diff_avg": 15.0, "train/version_diff_min": 15.0, "train/version_diff_max": 15.0, "perf/_fps": 102.43794250488281, "stats/memory_policy_worker": 7497.1796875, "stats/gpu_mem_policy_worker": 56.301055908203125, "stats/gpu_cache_policy_worker": 92.27468872070312, "stats/avg_request_count": 1.0, "stats/memory_learner": 7497.1796875, "stats/gpu_mem_learner": 56.870399475097656, "stats/gpu_cache_learner": 92.27468872070312, "perf/_sample_throughput": 92.62567138671875, "reward/reward": -154.3007049560547, "reward/reward_min": -255.61660766601562, "reward/reward_max": 262.9989013671875, "len/len": 116.25, "len/len_min": 1.0, "len/len_max": 181.0, "policy_stats/avg_min_raw_reward": -50.0, "policy_stats/avg_max_raw_reward": 0.5918896198272705, "stats/wait_policy": 0.0, "stats/step_policy": 0.0015524578047916293}