{"global_step": 188416, "_timestamp": 1751544429.8600104, "stats/master_process_memory_mb": 7494.0625, "perf/_fps": 102.29431915283203, "stats/memory_policy_worker": 7494.0625, "stats/gpu_mem_policy_worker": 56.301055908203125, "stats/gpu_cache_policy_worker": 92.27468872070312, "stats/avg_request_count": 1.0, "perf/_sample_throughput": 99.4350357055664, "_runtime": 1912, "_step": 354, "train/lr": 8.888888987712562e-05, "train/actual_lr": 8.888888987712562e-05, "train/obs_running_mean": 0.1203460544347763, "train/obs_running_std": 2.0525050163269043, "train/returns_running_mean": -0.5646254420280457, "train/returns_running_std": 2.639705181121826, "train/valids_fraction": 1.0, "train/same_policy_fraction": 1.0, "train/grad_norm": 0.9999996423721313, "train/loss": 0.035059839487075806, "train/value": -0.09829708933830261, "train/entropy": 4.157527923583984, "train/policy_loss": -0.012118786573410034, "train/kl_loss": 0.0018372985068708658, "train/value_loss": 0.04949885606765747, "train/exploration_loss": -0.004157528281211853, "train/act_min": -27.937702178955078, "train/act_max": 33.020389556884766, "train/adv_min": -1.75822114944458, "train/adv_max": 0.6053608059883118, "train/adv_std": 0.4954577088356018, "train/adv_mean": -0.4150082468986511, "train/max_abs_logprob": 3.1486876010894775, "train/action_mean": 0.20385929942131042, "train/action_mean_min": -3.1009156703948975, "train/action_mean_max": 3.137427568435669, "train/action_log_std_mean": -0.033095911145210266, "train/action_log_std_min": -1.97299063205719, "train/action_log_std_max": 2.5165021419525146, "train/action_stddev_mean": 1.7269524335861206, "train/action_stddev_min": 0.13904041051864624, "train/action_stddev_max": 12.385199546813965, "train/kl_divergence": 0.22474832832813263, "train/kl_divergence_max": 2.3285329341888428, "train/value_delta": 0.11103909462690353, "train/value_delta_max": 0.19161644577980042, "train/fraction_clipped": 0.359375, "train/ratio_mean": 0.19927644729614258, "train/ratio_min": 0.08321459591388702, "train/ratio_max": 2.5419387817382812, "train/num_sgd_steps": 16.0, "train/adam_max_second_moment": 0.003252218011766672, "train/version_diff_avg": 10.0, "train/version_diff_min": 10.0, "train/version_diff_max": 10.0, "stats/memory_learner": 7494.0625, "stats/gpu_mem_learner": 56.870399475097656, "stats/gpu_cache_learner": 92.27468872070312, "reward/reward": 4.927684783935547, "reward/reward_min": -92.18193054199219, "reward/reward_max": 228.73599243164062, "len/len": 148.22999572753906, "len/len_min": 86.0, "len/len_max": 226.0, "policy_stats/avg_min_raw_reward": -50.0, "policy_stats/avg_max_raw_reward": 1.3565303087234497, "stats/wait_policy": 0.0, "stats/step_policy": 0.001184701919555664}