{"global_step": 16384, "_timestamp": 1751569104.5641253, "stats/master_process_memory_mb": 7572.91015625, "perf/_fps": 0.0, "stats/memory_policy_worker": 7572.91015625, "stats/gpu_mem_policy_worker": 116.58598327636719, "stats/gpu_cache_policy_worker": 272.6297607421875, "stats/avg_request_count": 1.0, "perf/_sample_throughput": 163.27239990234375, "reward/reward": -70.82508850097656, "reward/reward_min": -104.33016967773438, "reward/reward_max": -37.773719787597656, "len/len": 8.859999656677246, "len/len_min": 6.0, "len/len_max": 13.0, "policy_stats/avg_min_raw_reward": -100.0, "policy_stats/avg_max_raw_reward": 7.345701217651367, "_runtime": 212, "_step": 1, "train/lr": 0.0003000000142492354, "train/actual_lr": 0.0003000000142492354, "train/obs_running_mean": -0.12802262604236603, "train/obs_running_std": 1.5614426136016846, "train/returns_running_mean": -5.6102142333984375, "train/returns_running_std": 3.4133691787719727, "train/valids_fraction": 1.0, "train/same_policy_fraction": 1.0, "train/grad_norm": 0.999999463558197, "train/loss": 1.6342402696609497, "train/value": 0.06027393043041229, "train/entropy": 5.456243991851807, "train/policy_loss": 0.03156358376145363, "train/kl_loss": 0.006264303810894489, "train/value_loss": 1.6018686294555664, "train/exploration_loss": -0.005456244107335806, "train/act_min": -4.85424280166626, "train/act_max": 3.7019455432891846, "train/adv_min": -10.096390724182129, "train/adv_max": 4.092498779296875, "train/adv_std": 3.3400685787200928, "train/adv_mean": -5.728410720825195, "train/max_abs_logprob": 0.3405306339263916, "train/action_mean": 0.01922103576362133, "train/action_mean_min": -0.1255204975605011, "train/action_mean_max": 0.19083958864212036, "train/action_log_std_mean": -0.05487751215696335, "train/action_log_std_min": -0.22490626573562622, "train/action_log_std_max": 0.08451184630393982, "train/action_stddev_mean": 0.9475351572036743, "train/action_stddev_min": 0.7985910177230835, "train/action_stddev_max": 1.0881857872009277, "train/adam_max_second_moment": 8.738642645766959e-05, "train/version_diff_avg": 3.0, "train/version_diff_min": 3.0, "train/version_diff_max": 3.0, "stats/memory_learner": 7568.37890625, "stats/gpu_mem_learner": 131.2138214111328, "stats/gpu_cache_learner": 274.7268981933594, "stats/wait_policy": 0.0, "stats/step_policy": 0.0017424965044483542, "_wandb": {"runtime": 223}}