{"global_step": 133120, "_timestamp": 1751547904.343012, "stats/master_process_memory_mb": 7489.265625, "_runtime": 893, "_step": 225, "train/lr": 8.888888987712562e-05, "train/actual_lr": 8.888888987712562e-05, "train/obs_running_mean": 0.23435184359550476, "train/obs_running_std": 1.0451323986053467, "train/returns_running_mean": -4.797252178192139, "train/returns_running_std": 3.1044065952301025, "train/valids_fraction": 1.0, "train/same_policy_fraction": 1.0, "train/grad_norm": 0.9999999403953552, "train/loss": 0.2689344584941864, "train/value": 0.3596344292163849, "train/entropy": 4.786281585693359, "train/policy_loss": 0.08286210894584656, "train/kl_loss": 0.025338569656014442, "train/value_loss": 0.1655200570821762, "train/exploration_loss": -0.00478628184646368, "train/act_min": -49.395084381103516, "train/act_max": 25.41122817993164, "train/adv_min": -2.534918785095215, "train/adv_max": 3.137808322906494, "train/adv_std": 0.9268655180931091, "train/adv_mean": 0.33516502380371094, "train/max_abs_logprob": 3.9351370334625244, "train/action_mean": -1.0342066287994385, "train/action_mean_min": -3.977060317993164, "train/action_mean_max": 2.029787063598633, "train/action_log_std_mean": 0.17648878693580627, "train/action_log_std_min": -2.2354345321655273, "train/action_log_std_max": 2.9542760848999023, "train/action_stddev_mean": 2.55861234664917, "train/action_stddev_min": 0.10694564878940582, "train/action_stddev_max": 19.187828063964844, "train/kl_divergence": 0.2533856928348541, "train/kl_divergence_max": 2.433434009552002, "train/value_delta": 0.0862424224615097, "train/value_delta_max": 0.20389136672019958, "train/fraction_clipped": 0.3984375, "train/ratio_mean": 0.27764439582824707, "train/ratio_min": 0.05000000074505806, "train/ratio_max": 3.8881847858428955, "train/num_sgd_steps": 16.0, "train/adam_max_second_moment": 0.006136782001703978, "train/version_diff_avg": 15.0, "train/version_diff_min": 15.0, "train/version_diff_max": 15.0, "perf/_fps": 102.37476348876953, "stats/memory_policy_worker": 7489.265625, "stats/gpu_mem_policy_worker": 55.1541748046875, "stats/gpu_cache_policy_worker": 92.27468872070312, "stats/avg_request_count": 1.0, "stats/memory_learner": 7489.265625, "stats/gpu_mem_learner": 55.72351837158203, "stats/gpu_cache_learner": 92.27468872070312, "perf/_sample_throughput": 123.86590576171875, "reward/reward": -63.21156692504883, "reward/reward_min": -134.60256958007812, "reward/reward_max": 66.4993896484375, "len/len": 66.69999694824219, "len/len_min": 26.0, "len/len_max": 112.0, "policy_stats/avg_min_raw_reward": -100.0, "policy_stats/avg_max_raw_reward": 2.2528703212738037, "stats/wait_policy": 0.0, "stats/step_policy": 0.0013742303708568215, "_wandb": {"runtime": 900}}