{"global_step": 98816, "_timestamp": 1751555612.492299, "stats/master_process_memory_mb": 7558.9140625, "perf/_fps": 102.3384780883789, "stats/memory_policy_worker": 7558.9140625, "stats/gpu_mem_policy_worker": 55.1541748046875, "stats/gpu_cache_policy_worker": 92.27468872070312, "stats/avg_request_count": 1.0, "perf/_sample_throughput": 62.549720764160156, "_runtime": 1522, "_step": 193, "train/lr": 0.00019999999494757503, "train/actual_lr": 0.00019999999494757503, "train/obs_running_mean": 0.1678689420223236, "train/obs_running_std": 1.7935395240783691, "train/returns_running_mean": -3.4181160926818848, "train/returns_running_std": 4.486993312835693, "train/valids_fraction": 1.0, "train/same_policy_fraction": 1.0, "train/grad_norm": 0.9999997615814209, "train/loss": 0.06659168750047684, "train/value": 0.2995600700378418, "train/entropy": 1.066585659980774, "train/policy_loss": -0.01754608005285263, "train/kl_loss": 0.004439524840563536, "train/value_loss": 0.08076483011245728, "train/exploration_loss": -0.001066585653461516, "train/act_min": -13.85887336730957, "train/act_max": 17.266754150390625, "train/adv_min": -3.678676128387451, "train/adv_max": 1.819183588027954, "train/adv_std": 1.0425769090652466, "train/adv_mean": -0.31716376543045044, "train/max_abs_logprob": 2.923502206802368, "train/action_mean": 1.3880515098571777, "train/action_mean_min": -2.1458702087402344, "train/action_mean_max": 2.8725690841674805, "train/action_log_std_mean": -1.0634100437164307, "train/action_log_std_min": -2.8415160179138184, "train/action_log_std_max": 2.246504306793213, "train/action_stddev_mean": 0.69025719165802, "train/action_stddev_min": 0.05833715945482254, "train/action_stddev_max": 9.45462703704834, "train/kl_divergence": 0.04439524561166763, "train/kl_divergence_max": 0.2202105075120926, "train/value_delta": 0.06376248598098755, "train/value_delta_max": 0.18609368801116943, "train/fraction_clipped": 0.4921875, "train/ratio_mean": 0.23157037794589996, "train/ratio_min": 0.32815882563591003, "train/ratio_max": 2.1161327362060547, "train/num_sgd_steps": 16.0, "train/adam_max_second_moment": 0.005000305362045765, "train/version_diff_avg": 15.0, "train/version_diff_min": 15.0, "train/version_diff_max": 15.0, "stats/memory_learner": 7558.9140625, "stats/gpu_mem_learner": 55.72505569458008, "stats/gpu_cache_learner": 92.27468872070312, "reward/reward": 1.3863940238952637, "reward/reward_min": -51.083396911621094, "reward/reward_max": 40.98042297363281, "len/len": 40.150001525878906, "len/len_min": 24.0, "len/len_max": 51.0, "policy_stats/avg_min_raw_reward": -100.0, "policy_stats/avg_max_raw_reward": 7.291608810424805, "stats/wait_policy": 0.0, "stats/step_policy": 0.0012125110952183604, "_wandb": {"runtime": 1528}}