{"global_step": 1114112, "_timestamp": 1751564729.5567682, "stats/master_process_memory_mb": 7589.27734375, "perf/_fps": 0.0, "stats/memory_policy_worker": 7589.27734375, "stats/gpu_mem_policy_worker": 115.79443359375, "stats/gpu_cache_policy_worker": 270.5325927734375, "stats/avg_request_count": 1.0, "perf/_sample_throughput": 111.3744888305664, "reward/reward": 31.301895141601562, "reward/reward_min": -51.746822357177734, "reward/reward_max": 191.22830200195312, "len/len": 54.560001373291016, "len/len_min": 32.0, "len/len_max": 84.0, "policy_stats/avg_min_raw_reward": -100.0, "policy_stats/avg_max_raw_reward": 7.493145942687988, "_runtime": 5172, "_step": 68, "train/lr": 0.0003000000142492354, "train/actual_lr": 0.0003000000142492354, "train/obs_running_mean": 0.16424745321273804, "train/obs_running_std": 1.7256455421447754, "train/returns_running_mean": -3.6539711952209473, "train/returns_running_std": 4.440557479858398, "train/valids_fraction": 1.0, "train/same_policy_fraction": 1.0, "train/grad_norm": 0.9999995231628418, "train/loss": 0.15280087292194366, "train/value": 0.6263902187347412, "train/entropy": 1.2316930294036865, "train/policy_loss": -0.009243801236152649, "train/kl_loss": 0.0024253700394183397, "train/value_loss": 0.16085100173950195, "train/exploration_loss": -0.0012316930806264281, "train/act_min": -3.6059155464172363, "train/act_max": 4.131659030914307, "train/adv_min": -8.486621856689453, "train/adv_max": 8.697408676147461, "train/adv_std": 1.4487063884735107, "train/adv_mean": 0.32256338000297546, "train/max_abs_logprob": 2.5575482845306396, "train/action_mean": 1.2599575519561768, "train/action_mean_min": -2.5453450679779053, "train/action_mean_max": 2.505671501159668, "train/action_log_std_mean": -1.0083742141723633, "train/action_log_std_min": -2.124514579772949, "train/action_log_std_max": -0.03860960900783539, "train/action_stddev_mean": 0.39017295837402344, "train/action_stddev_min": 0.11949095875024796, "train/action_stddev_max": 0.9621262550354004, "train/adam_max_second_moment": 0.007887815125286579, "train/version_diff_avg": 31.0, "train/version_diff_min": 31.0, "train/version_diff_max": 31.0, "stats/memory_learner": 7576.55078125, "stats/gpu_mem_learner": 130.39768981933594, "stats/gpu_cache_learner": 272.6297607421875, "train/kl_divergence": 0.02425369992852211, "train/kl_divergence_max": 0.20837995409965515, "train/value_delta": 0.06450539082288742, "train/value_delta_max": 0.47828829288482666, "train/fraction_clipped": 0.28271484375, "train/ratio_mean": 0.14817878603935242, "train/ratio_min": 0.1326218843460083, "train/ratio_max": 3.8252387046813965, "train/num_sgd_steps": 32.0, "stats/wait_policy": 0.0, "stats/step_policy": 0.0019907187670469284, "_wandb": {"runtime": 5179}}