{"global_step": 7680, "_timestamp": 1751535576.3115582, "stats/master_process_memory_mb": 7513.22265625, "_runtime": 92, "_step": 15, "train/lr": 0.00019999999494757503, "train/actual_lr": 0.00019999999494757503, "train/obs_running_mean": 0.25367769598960876, "train/obs_running_std": 2.899981737136841, "train/returns_running_mean": -4.297974586486816, "train/returns_running_std": 1.593529224395752, "train/valids_fraction": 1.0, "train/same_policy_fraction": 1.0, "train/grad_norm": 0.9999993443489075, "train/loss": 0.12395195662975311, "train/value": -0.5909488797187805, "train/entropy": 4.1348676681518555, "train/policy_loss": -0.005499847233295441, "train/kl_loss": 0.004955166485160589, "train/value_loss": 0.12863150238990784, "train/exploration_loss": -0.0041348678059875965, "train/act_min": -5.521663665771484, "train/act_max": 3.7292747497558594, "train/adv_min": -1.8590856790542603, "train/adv_max": 0.34718742966651917, "train/adv_std": 0.3937600553035736, "train/adv_mean": -0.4674763083457947, "train/max_abs_logprob": 0.5667299628257751, "train/action_mean": -0.0379844605922699, "train/action_mean_min": -0.5541618466377258, "train/action_mean_max": 0.37266361713409424, "train/action_log_std_mean": -0.0406491719186306, "train/action_log_std_min": -0.7768412232398987, "train/action_log_std_max": 0.5490490794181824, "train/action_stddev_mean": 1.002374291419983, "train/action_stddev_min": 0.4598563313484192, "train/action_stddev_max": 1.7316056489944458, "train/kl_divergence": 0.032153163105249405, "train/kl_divergence_max": 0.05902424827218056, "train/value_delta": 0.079343780875206, "train/value_delta_max": 0.19770705699920654, "train/fraction_clipped": 0.421875, "train/ratio_mean": 0.20329783856868744, "train/ratio_min": 0.4437329173088074, "train/ratio_max": 2.3021857738494873, "train/num_sgd_steps": 16.0, "train/adam_max_second_moment": 0.0078001730144023895, "train/version_diff_avg": 12.5, "train/version_diff_min": 12.0, "train/version_diff_max": 28.0, "perf/_fps": 51.35868453979492, "stats/memory_policy_worker": 7513.22265625, "stats/gpu_mem_policy_worker": 56.301055908203125, "stats/gpu_cache_policy_worker": 94.37184143066406, "stats/avg_request_count": 1.0, "stats/memory_learner": 7513.06640625, "stats/gpu_mem_learner": 56.870399475097656, "stats/gpu_cache_learner": 92.27468872070312, "perf/_sample_throughput": 99.9063949584961}