{"global_step": 1441792, "_timestamp": 1751467774.8944175, "stats/master_process_memory_mb": 7522.42578125, "perf/_fps": 0.0, "stats/memory_policy_worker": 7522.42578125, "stats/gpu_mem_policy_worker": 259.8415222167969, "stats/gpu_cache_policy_worker": 1298.1370849609375, "stats/avg_request_count": 1.0, "perf/_sample_throughput": 1451.5194091796875, "reward/reward": -25.8857479095459, "reward/reward_min": -255.69044494628906, "reward/reward_max": 219.95108032226562, "len/len": 80.2265625, "len/len_min": 1.0, "len/len_max": 101.0, "policy_stats/avg_min_raw_reward": -114.30911254882812, "policy_stats/avg_max_raw_reward": 1.4537901878356934, "_runtime": 1052, "_step": 11, "train/lr": 0.002278124913573265, "train/actual_lr": 0.002278124913573265, "train/obs_running_mean": 0.16165393590927124, "train/obs_running_std": 2.913274049758911, "train/returns_running_mean": -3.435246467590332, "train/returns_running_std": 3.415548324584961, "train/valids_fraction": 1.0, "train/same_policy_fraction": 1.0, "train/grad_norm": 0.899336040019989, "train/loss": 0.31992968916893005, "train/value": 0.6967077851295471, "train/entropy": 3.8365867137908936, "train/policy_loss": -0.007887128740549088, "train/kl_loss": 0.001501178601756692, "train/value_loss": 0.3301522135734558, "train/exploration_loss": -0.0038365868385881186, "train/act_min": -3.8892552852630615, "train/act_max": 4.487514495849609, "train/adv_min": -11.520681381225586, "train/adv_max": 10.773319244384766, "train/adv_std": 1.5149667263031006, "train/adv_mean": 0.7354062795639038, "train/max_abs_logprob": 1.4595776796340942, "train/action_mean": 0.2796100676059723, "train/action_mean_min": -1.1716742515563965, "train/action_mean_max": 1.566893458366394, "train/action_log_std_mean": -0.14007627964019775, "train/action_log_std_min": -0.632676899433136, "train/action_log_std_max": 0.4192688763141632, "train/action_stddev_mean": 0.8812393546104431, "train/action_stddev_min": 0.5311680436134338, "train/action_stddev_max": 1.5208492279052734, "train/kl_divergence": 0.015011785551905632, "train/kl_divergence_max": 0.0909591019153595, "train/value_delta": 0.21273627877235413, "train/value_delta_max": 0.8562142848968506, "train/fraction_clipped": 0.22540283203125, "train/ratio_mean": 0.12654858827590942, "train/ratio_min": 0.0630609393119812, "train/ratio_max": 3.2273285388946533, "train/num_sgd_steps": 32.0, "train/adam_max_second_moment": 0.008396795019507408, "train/version_diff_avg": 31.0, "train/version_diff_min": 31.0, "train/version_diff_max": 31.0, "stats/memory_learner": 7522.42578125, "stats/gpu_mem_learner": 338.1524353027344, "stats/gpu_cache_learner": 1300.2342529296875, "stats/wait_policy": 0.0, "stats/step_policy": 0.0010838985908776522, "_wandb": {"runtime": 1060}}