{"global_step": 0, "_timestamp": 1751557530.8987253, "stats/master_process_memory_mb": 7418.3125, "perf/_fps": 0.0, "stats/memory_policy_worker": 7417.53125, "stats/gpu_mem_policy_worker": 112.806396484375, "stats/gpu_cache_policy_worker": 268.4354553222656, "stats/avg_request_count": 1.0, "perf/_sample_throughput": 142.83090209960938, "reward/reward": -77.3689193725586, "reward/reward_min": -106.27030944824219, "reward/reward_max": -51.29269027709961, "len/len": 9.5, "len/len_min": 6.0, "len/len_max": 12.0, "policy_stats/avg_min_raw_reward": -100.0, "policy_stats/avg_max_raw_reward": 6.068025588989258, "_runtime": 21, "_step": 0, "_wandb": {"runtime": 27}}