{"global_step": 116736, "_timestamp": 1751356823.8660421, "stats/master_process_memory_mb": 7338.63671875, "_runtime": 434, "_step": 57, "train/lr": 0.0003000000142492354, "train/actual_lr": 0.0003000000142492354, "train/image_obs_running_mean": -4242.38623046875, "train/image_obs_running_std": 12.227168083190918, "train/observations_running_mean": 0.2513517141342163, "train/observations_running_std": 2.6290102005004883, "train/returns_running_mean": 3.6908140182495117, "train/returns_running_std": 6.619340896606445, "train/valids_fraction": 1.0, "train/same_policy_fraction": 1.0, "train/grad_norm": 0.9999997615814209, "train/loss": 0.32588228583335876, "train/value": 0.8116105198860168, "train/entropy": 4.892236232757568, "train/policy_loss": -0.001470046117901802, "train/kl_loss": 0.00013693167420569807, "train/value_loss": 0.33210763335227966, "train/exploration_loss": -0.004892236553132534, "train/act_min": -4.594790935516357, "train/act_max": 5.827545166015625, "train/adv_min": -16.185359954833984, "train/adv_max": 7.246242523193359, "train/adv_std": 2.510728120803833, "train/adv_mean": 1.1937190294265747, "train/max_abs_logprob": 2.0379793643951416, "train/action_mean": 0.26859214901924133, "train/action_mean_min": -2.0259385108947754, "train/action_mean_max": 1.9337196350097656, "train/action_log_std_mean": -0.1958794742822647, "train/action_log_std_min": -0.984747052192688, "train/action_log_std_max": 0.7878933548927307, "train/action_stddev_mean": 0.884384274482727, "train/action_stddev_min": 0.373533695936203, "train/action_stddev_max": 2.1987595558166504, "train/adam_max_second_moment": 0.007458964362740517, "train/version_diff_avg": 2.0, "train/version_diff_min": 2.0, "train/version_diff_max": 2.0, "perf/_fps": 410.2174377441406, "stats/memory_policy_worker": 7338.63671875, "stats/gpu_mem_policy_worker": 4562.91748046875, "stats/gpu_cache_policy_worker": 5486.1494140625, "stats/avg_request_count": 1.0, "stats/memory_learner": 7338.63671875, "stats/gpu_mem_learner": 4830.49365234375, "stats/gpu_cache_learner": 5486.1494140625, "perf/_sample_throughput": 299.3254089355469, "reward/reward": 15.486620903015137, "reward/reward_min": -245.8914337158203, "reward/reward_max": 286.9185485839844, "len/len": 83.73999786376953, "len/len_min": 11.0, "len/len_max": 101.0, "policy_stats/avg_min_raw_reward": -127.2953109741211, "policy_stats/avg_max_raw_reward": 4.27191162109375, "train/kl_divergence": 0.03668830543756485, "train/kl_divergence_max": 0.2547851800918579, "train/value_delta": 0.11945637315511703, "train/value_delta_max": 0.5177210569381714, "train/fraction_clipped": 0.41796875, "train/ratio_mean": 0.19389374554157257, "train/ratio_min": 0.15319447219371796, "train/ratio_max": 2.5283827781677246, "train/num_sgd_steps": 16.0, "stats/wait_policy": 0.0, "stats/step_policy": 0.002416205359622836, "_wandb": {"runtime": 425}}