{"global_step": 2752512, "_timestamp": 1751459854.3243475, "stats/master_process_memory_mb": 7474.1796875, "reward/reward": 59.44173812866211, "reward/reward_min": -249.62088012695312, "reward/reward_max": 411.4140625, "len/len": 91.1875, "len/len_min": 12.0, "len/len_max": 101.0, "policy_stats/avg_min_raw_reward": -134.64743041992188, "policy_stats/avg_max_raw_reward": 5.372771263122559, "perf/_fps": 0.0, "stats/memory_policy_worker": 7474.1796875, "stats/gpu_mem_policy_worker": 259.87225341796875, "stats/gpu_cache_policy_worker": 1298.1370849609375, "stats/avg_request_count": 1.0, "perf/_sample_throughput": 1426.632568359375, "_runtime": 2012, "_step": 21, "train/lr": 0.0034171876031905413, "train/actual_lr": 0.0034171876031905413, "train/obs_running_mean": 0.194723442196846, "train/obs_running_std": 2.749654531478882, "train/returns_running_mean": -0.7428398728370667, "train/returns_running_std": 4.146599292755127, "train/valids_fraction": 1.0, "train/same_policy_fraction": 1.0, "train/grad_norm": 0.9046859741210938, "train/loss": 0.2971328794956207, "train/value": 1.0976953506469727, "train/entropy": 3.882913589477539, "train/policy_loss": 0.0005986541509628296, "train/kl_loss": 0.0026285795029252768, "train/value_loss": 0.2977885603904724, "train/exploration_loss": -0.00388291385024786, "train/act_min": -4.672999858856201, "train/act_max": 4.914781093597412, "train/adv_min": -19.07147979736328, "train/adv_max": 11.032773971557617, "train/adv_std": 1.7735767364501953, "train/adv_mean": 0.7258552312850952, "train/max_abs_logprob": 1.8950474262237549, "train/action_mean": 0.30476462841033936, "train/action_mean_min": -1.8454841375350952, "train/action_mean_max": 1.9511339664459229, "train/action_log_std_mean": -0.12463393062353134, "train/action_log_std_min": -0.7999731302261353, "train/action_log_std_max": 0.49691784381866455, "train/action_stddev_mean": 0.9006266593933105, "train/action_stddev_min": 0.4493410587310791, "train/action_stddev_max": 1.6436474323272705, "train/kl_divergence": 0.026285793632268906, "train/kl_divergence_max": 0.29977452754974365, "train/value_delta": 0.19572405517101288, "train/value_delta_max": 1.2359858751296997, "train/fraction_clipped": 0.32086181640625, "train/ratio_mean": 0.16009041666984558, "train/ratio_min": 0.05000000074505806, "train/ratio_max": 8.731022834777832, "train/num_sgd_steps": 32.0, "train/adam_max_second_moment": 0.011101442389190197, "train/version_diff_avg": 31.0, "train/version_diff_min": 31.0, "train/version_diff_max": 31.0, "stats/memory_learner": 7474.1796875, "stats/gpu_mem_learner": 338.18212890625, "stats/gpu_cache_learner": 1302.3314208984375, "stats/wait_policy": 0.0, "stats/step_policy": 0.0012243938399478793, "_wandb": {"runtime": 2015}}