{"global_step": 0, "_timestamp": 1751584676.6472266, "stats/master_process_memory_mb": 7430.3671875, "perf/_fps": 0.0, "stats/memory_policy_worker": 7430.3671875, "stats/gpu_mem_policy_worker": 113.60460662841797, "stats/gpu_cache_policy_worker": 268.4354553222656, "stats/avg_request_count": 1.0, "perf/_sample_throughput": 229.26719665527344, "reward/reward": -23.661962509155273, "reward/reward_min": -73.4787826538086, "reward/reward_max": 27.088104248046875, "len/len": 11.399999618530273, "len/len_min": 9.0, "len/len_max": 18.0, "policy_stats/avg_min_raw_reward": -100.0, "policy_stats/avg_max_raw_reward": 12.9219388961792, "_runtime": 92, "_step": 0}