{"_runtime": 1058, "_step": 17, "_timestamp": 1751398149.4128892, "global_step": 262144, "len/len": 84.0, "len/len_max": 101.0, "len/len_min": 11.0, "perf/_fps": 0.0, "perf/_sample_throughput": 294.2108154296875, "policy_stats/avg_max_raw_reward": 3.9325618743896484, "policy_stats/avg_min_raw_reward": -124.87821960449219, "reward/reward": 5.496989727020264, "reward/reward_max": 339.8800964355469, "reward/reward_min": -246.1475067138672, "stats/avg_request_count": 1.0, "stats/gpu_cache_policy_worker": 262.1440124511719, "stats/gpu_mem_policy_worker": 97.5308837890625, "stats/master_process_memory_mb": 7479.44140625, "stats/memory_policy_worker": 7479.44140625, "train/lr": 0.001518749981187284, "train/actual_lr": 0.001518749981187284, "train/obs_running_mean": 0.1605362445116043, "train/obs_running_std": 2.831012487411499, "train/returns_running_mean": -2.2145745754241943, "train/returns_running_std": 4.03999662399292, "train/valids_fraction": 1.0, "train/same_policy_fraction": 1.0, "train/grad_norm": 0.9168515801429749, "train/loss": 0.19364462792873383, "train/value": 1.0208666324615479, "train/entropy": 3.8686885833740234, "train/policy_loss": -0.01655026525259018, "train/kl_loss": 0.003666280535981059, "train/value_loss": 0.21039730310440063, "train/exploration_loss": -0.003868688829243183, "train/act_min": -4.555737495422363, "train/act_max": 4.818825721740723, "train/adv_min": -9.258829116821289, "train/adv_max": 6.6555376052856445, "train/adv_std": 1.6593122482299805, "train/adv_mean": 0.7166777849197388, "train/max_abs_logprob": 1.478497862815857, "train/action_mean": 0.36881861090660095, "train/action_mean_min": -1.0850639343261719, "train/action_mean_max": 1.5188825130462646, "train/action_log_std_mean": -0.1293756663799286, "train/action_log_std_min": -0.7961921095848083, "train/action_log_std_max": 0.6514372825622559, "train/action_stddev_mean": 0.9021255970001221, "train/action_stddev_min": 0.4510432183742523, "train/action_stddev_max": 1.918295979499817, "train/adam_max_second_moment": 0.012405335903167725, "train/version_diff_avg": 28.0, "train/version_diff_min": 28.0, "train/version_diff_max": 28.0, "stats/memory_learner": 7479.44140625, "stats/gpu_mem_learner": 107.31929779052734, "stats/gpu_cache_learner": 264.24114990234375, "stats/wait_policy": 0.0, "stats/step_policy": 0.0011616325937211514, "train/kl_divergence": 0.029986856505274773, "train/kl_divergence_max": 0.27020880579948425, "train/value_delta": 0.1725544035434723, "train/value_delta_max": 1.6754542589187622, "train/fraction_clipped": 0.33984375, "train/ratio_mean": 0.17317643761634827, "train/ratio_min": 0.06996878236532211, "train/ratio_max": 7.788791656494141, "train/num_sgd_steps": 32.0, "_wandb": {"runtime": 1060}}