{"_runtime": 49443, "_step": 845, "_timestamp": 1751448275.8597744, "global_step": 13811712, "len/len": 91.62999725341797, "len/len_max": 101.0, "len/len_min": 1.0, "perf/_fps": 0.0, "perf/_sample_throughput": 260.2151184082031, "policy_stats/avg_max_raw_reward": 9.03420639038086, "policy_stats/avg_min_raw_reward": -142.3837890625, "reward/reward": 447.0432434082031, "reward/reward_max": 773.660888671875, "reward/reward_min": -276.64056396484375, "stats/avg_request_count": 1.0, "stats/gpu_cache_learner": 264.24114990234375, "stats/gpu_cache_policy_worker": 260.0468444824219, "stats/gpu_mem_learner": 107.33567810058594, "stats/gpu_mem_policy_worker": 96.68505859375, "stats/master_process_memory_mb": 7320.56640625, "stats/memory_learner": 7471.68359375, "stats/memory_policy_worker": 7320.56640625, "stats/step_policy": 0.0014743757201358676, "stats/wait_policy": 0, "train/act_max": 8.442397117614746, "train/act_min": -7.605075359344482, "train/action_log_std_max": 1.392064094543457, "train/action_log_std_mean": -1.8642985820770264, "train/action_log_std_min": -4.349580764770508, "train/action_mean": 0.27274399995803833, "train/action_mean_max": 2.2446398735046387, "train/action_mean_min": -1.9759066104888916, "train/action_stddev_max": 4.02314567565918, "train/action_stddev_mean": 0.39521345496177673, "train/action_stddev_min": 0.012912224978208542, "train/actual_lr": 8.888888987712562e-05, "train/adam_max_second_moment": 0.008244631811976433, "train/adv_max": 39.92753601074219, "train/adv_mean": -0.982734441757202, "train/adv_min": -151.24107360839844, "train/adv_std": 15.286120414733888, "train/entropy": -1.3360799551010132, "train/exploration_loss": 0.0013360800221562386, "train/fraction_clipped": 0.1884765625, "train/grad_norm": 0.9999998211860656, "train/kl_divergence": 0.02429833635687828, "train/kl_divergence_max": 0.8066461682319641, "train/kl_loss": 0.002429833635687828, "train/loss": 0.16282960772514343, "train/lr": 8.888888987712562e-05, "train/max_abs_logprob": 4.335933685302734, "train/num_sgd_steps": 32, "train/obs_running_mean": 0.3793526887893677, "train/obs_running_std": 2.444211483001709, "train/policy_loss": -0.02006830647587776, "train/ratio_max": 3.029935836791992, "train/ratio_mean": 0.12250962108373642, "train/ratio_min": 0.05000000074505806, "train/returns_running_mean": 107.6779556274414, "train/returns_running_std": 50.545196533203125, "train/same_policy_fraction": 1, "train/valids_fraction": 1, "train/value": 0.3921885490417481, "train/value_delta": 0.01147445384413004, "train/value_delta_max": 0.11528712511062622, "train/value_loss": 0.17913199961185455, "train/version_diff_avg": 31, "train/version_diff_max": 31, "train/version_diff_min": 31, "_wandb": {"runtime": 49449}}