{"global_step": 239616, "_timestamp": 1751357660.3379653, "stats/master_process_memory_mb": 7304.21484375, "_runtime": 796, "_step": 117, "train/lr": 0.0003000000142492354, "train/actual_lr": 0.0003000000142492354, "train/image_obs_running_mean": -4242.40478515625, "train/image_obs_running_std": 8.534384727478027, "train/observations_running_mean": 0.2083062082529068, "train/observations_running_std": 2.5513174533843994, "train/returns_running_mean": 8.977972984313965, "train/returns_running_std": 8.899421691894531, "train/valids_fraction": 1.0, "train/same_policy_fraction": 1.0, "train/grad_norm": 0.9999998211860657, "train/loss": 0.08964857459068298, "train/value": 0.5078772306442261, "train/entropy": 3.530177354812622, "train/policy_loss": -0.013111334294080734, "train/kl_loss": 0.0003660882357507944, "train/value_loss": 0.10592399537563324, "train/exploration_loss": -0.0035301775205880404, "train/act_min": -7.195263862609863, "train/act_max": 4.784779071807861, "train/adv_min": -10.116416931152344, "train/adv_max": 6.6528496742248535, "train/adv_std": 1.9980065822601318, "train/adv_mean": 0.5080645084381104, "train/max_abs_logprob": 2.521054744720459, "train/action_mean": 0.1907016932964325, "train/action_mean_min": -1.1109769344329834, "train/action_mean_max": 2.150982618331909, "train/action_log_std_mean": -0.5363941788673401, "train/action_log_std_min": -2.5019772052764893, "train/action_log_std_max": 0.9279958605766296, "train/action_stddev_mean": 0.7401676177978516, "train/action_stddev_min": 0.08192285895347595, "train/action_stddev_max": 2.5294346809387207, "train/adam_max_second_moment": 0.013562587089836597, "train/version_diff_avg": 5.0, "train/version_diff_min": 5.0, "train/version_diff_max": 5.0, "perf/_fps": 408.5099792480469, "stats/memory_policy_worker": 7304.21484375, "stats/gpu_mem_policy_worker": 4562.921875, "stats/gpu_cache_policy_worker": 5486.1494140625, "stats/avg_request_count": 1.0, "stats/memory_learner": 7304.21484375, "stats/gpu_mem_learner": 4830.49853515625, "stats/gpu_cache_learner": 5486.1494140625, "perf/_sample_throughput": 344.96026611328125, "train/kl_divergence": 0.06544888019561768, "train/kl_divergence_max": 0.5402741432189941, "train/value_delta": 0.10341621190309525, "train/value_delta_max": 0.34896326065063477, "train/fraction_clipped": 0.46875, "train/ratio_mean": 0.2435610294342041, "train/ratio_min": 0.08075437694787979, "train/ratio_max": 4.522575378417969, "train/num_sgd_steps": 16.0, "reward/reward": 118.3258285522461, "reward/reward_min": -251.38136291503906, "reward/reward_max": 423.6007080078125, "len/len": 92.3499984741211, "len/len_min": 21.0, "len/len_max": 101.0, "policy_stats/avg_min_raw_reward": -142.6298370361328, "policy_stats/avg_max_raw_reward": 6.533663749694824, "stats/wait_policy": 0.0, "stats/step_policy": 0.0014759302139282227, "_wandb": {"runtime": 802}}