{"global_step": 0, "_timestamp": 1751455804.2964513, "stats/master_process_memory_mb": 7034.22265625, "perf/_fps": 0.0, "stats/memory_policy_worker": 7034.22265625, "stats/gpu_mem_policy_worker": 141.92384338378906, "stats/gpu_cache_policy_worker": 406.84747314453125, "stats/avg_request_count": 1.0, "perf/_sample_throughput": 423.7146911621094, "reward/reward": -94.89907836914062, "reward/reward_min": -168.05984497070312, "reward/reward_max": -2.4700393676757812, "len/len": 29.899999618530273, "len/len_min": 9.0, "len/len_max": 69.0, "policy_stats/avg_min_raw_reward": -100.0, "policy_stats/avg_max_raw_reward": 2.134084701538086, "_runtime": 22, "_step": 0, "_wandb": {"runtime": 28}}