{"global_step": 92160, "_timestamp": 1751550438.8460698, "stats/master_process_memory_mb": 7496.34375, "_runtime": 654, "_step": 164, "train/lr": 8.888888987712562e-05, "train/actual_lr": 8.888888987712562e-05, "train/obs_running_mean": 0.25026917457580566, "train/obs_running_std": 1.0543667078018188, "train/returns_running_mean": -5.700791835784912, "train/returns_running_std": 2.7239692211151123, "train/valids_fraction": 1.0, "train/same_policy_fraction": 1.0, "train/grad_norm": 0.9999998807907104, "train/loss": 0.21389265358448029, "train/value": 0.2957454323768616, "train/entropy": 1.4161920547485352, "train/policy_loss": -0.0001930445432662964, "train/kl_loss": 0.00010933203157037497, "train/value_loss": 0.2153925597667694, "train/exploration_loss": -0.0014161921571940184, "train/act_min": -13.119726181030273, "train/act_max": 16.405012130737305, "train/adv_min": -2.0774917602539062, "train/adv_max": 1.6637669801712036, "train/adv_std": 0.782440185546875, "train/adv_mean": 0.4358880817890167, "train/max_abs_logprob": 2.841024875640869, "train/action_mean": 0.024187615141272545, "train/action_mean_min": -2.428816318511963, "train/action_mean_max": 2.639039993286133, "train/action_log_std_mean": -0.9468744993209839, "train/action_log_std_min": -2.837974786758423, "train/action_log_std_max": 2.0717926025390625, "train/action_stddev_mean": 0.9713854789733887, "train/action_stddev_min": 0.0585441067814827, "train/action_stddev_max": 7.939042091369629, "train/adam_max_second_moment": 0.007508056238293648, "train/version_diff_avg": 0.5, "train/version_diff_min": 0.0, "train/version_diff_max": 16.0, "perf/_fps": 204.79078674316406, "stats/memory_policy_worker": 7496.34375, "stats/gpu_mem_policy_worker": 55.15264129638672, "stats/gpu_cache_policy_worker": 92.27468872070312, "stats/avg_request_count": 1.0, "stats/memory_learner": 7496.34375, "stats/gpu_mem_learner": 55.72198486328125, "stats/gpu_cache_learner": 92.27468872070312, "perf/_sample_throughput": 155.74990844726562, "train/kl_divergence": 0.022662393748760223, "train/kl_divergence_max": 0.08934907615184784, "train/value_delta": 0.15552960336208344, "train/value_delta_max": 0.2984303832054138, "train/fraction_clipped": 0.3046875, "train/ratio_mean": 0.16136670112609863, "train/ratio_min": 0.3891897201538086, "train/ratio_max": 2.0497937202453613, "train/num_sgd_steps": 16.0, "reward/reward": -75.79461669921875, "reward/reward_min": -146.60240173339844, "reward/reward_max": 74.91490173339844, "len/len": 58.630001068115234, "len/len_min": 18.0, "len/len_max": 91.0, "policy_stats/avg_min_raw_reward": -100.0, "policy_stats/avg_max_raw_reward": 2.511613368988037, "stats/wait_policy": 0.0, "stats/step_policy": 0.0014061260735616088}