{"global_step": 16384, "_timestamp": 1751570369.4354258, "stats/master_process_memory_mb": 7577.01953125, "perf/_fps": 0.0, "stats/memory_policy_worker": 7577.01953125, "stats/gpu_mem_policy_worker": 116.5823974609375, "stats/gpu_cache_policy_worker": 272.6297607421875, "stats/avg_request_count": 1.0, "perf/_sample_throughput": 113.19300842285156, "reward/reward": -30.195938110351562, "reward/reward_min": -64.29150390625, "reward/reward_max": 28.033309936523438, "len/len": 11.84000015258789, "len/len_min": 10.0, "len/len_max": 17.0, "policy_stats/avg_min_raw_reward": -100.0, "policy_stats/avg_max_raw_reward": 10.88316535949707, "stats/wait_policy": 0.0, "stats/step_policy": 0.0027114057447761297, "_runtime": 202, "_step": 1, "train/lr": 0.0003000000142492354, "train/actual_lr": 0.0003000000142492354, "train/obs_running_mean": -0.1468958854675293, "train/obs_running_std": 1.5597598552703857, "train/returns_running_mean": -3.1075282096862793, "train/returns_running_std": 4.441032409667969, "train/valids_fraction": 1.0, "train/same_policy_fraction": 1.0, "train/grad_norm": 0.9999995827674866, "train/loss": 1.3691856861114502, "train/value": 0.006526342127472162, "train/entropy": 5.66911506652832, "train/policy_loss": 0.015856971964240074, "train/kl_loss": 0.0025699634570628405, "train/value_loss": 1.3564279079437256, "train/exploration_loss": -0.005669115111231804, "train/act_min": -4.817253589630127, "train/act_max": 4.012032985687256, "train/adv_min": -10.12362003326416, "train/adv_max": 7.279111862182617, "train/adv_std": 4.470964431762695, "train/adv_mean": -3.0273654460906982, "train/max_abs_logprob": 0.23981329798698425, "train/action_mean": -0.009894751012325287, "train/action_mean_min": -0.157146617770195, "train/action_mean_max": 0.18938936293125153, "train/action_log_std_mean": -0.0016597055364400148, "train/action_log_std_min": -0.17496222257614136, "train/action_log_std_max": 0.285055935382843, "train/action_stddev_mean": 1.0005651712417603, "train/action_stddev_min": 0.839488685131073, "train/action_stddev_max": 1.329836368560791, "train/adam_max_second_moment": 5.228606460150331e-05, "train/version_diff_avg": 4.0, "train/version_diff_min": 4.0, "train/version_diff_max": 4.0, "stats/memory_learner": 7573.73828125, "stats/gpu_mem_learner": 131.21023559570312, "stats/gpu_cache_learner": 274.7268981933594, "_wandb": {"runtime": 212}}