{"global_step": 27648, "_timestamp": 1751541790.3622508, "stats/master_process_memory_mb": 7516.640625, "perf/_fps": 102.43348693847656, "stats/memory_policy_worker": 7516.640625, "stats/gpu_mem_policy_worker": 56.301055908203125, "stats/gpu_cache_policy_worker": 92.27468872070312, "stats/avg_request_count": 1.0, "perf/_sample_throughput": 93.12055969238281, "_runtime": 335, "_step": 54, "train/lr": 0.00013333333481568843, "train/actual_lr": 0.00013333333481568843, "train/obs_running_mean": 0.22617408633232117, "train/obs_running_std": 2.8630576133728027, "train/returns_running_mean": -4.232403755187988, "train/returns_running_std": 1.1641647815704346, "train/valids_fraction": 1.0, "train/same_policy_fraction": 1.0, "train/grad_norm": 1.0, "train/loss": 7.1227264404296875, "train/value": -0.14444610476493835, "train/entropy": 3.1559391021728516, "train/policy_loss": 0.005208328366279602, "train/kl_loss": 0.002182986354455352, "train/value_loss": 7.118491172790527, "train/exploration_loss": -0.003155939280986786, "train/act_min": -3.0994932651519775, "train/act_max": 3.0751426219940186, "train/adv_min": -1.0677610635757446, "train/adv_max": 11.418194770812988, "train/adv_std": 3.0125887393951416, "train/adv_mean": 1.2382004261016846, "train/max_abs_logprob": 1.2997878789901733, "train/action_mean": -0.05382564663887024, "train/action_mean_min": -1.295691967010498, "train/action_mean_max": 0.944495677947998, "train/action_log_std_mean": -0.3669588565826416, "train/action_log_std_min": -1.3254050016403198, "train/action_log_std_max": 0.7704454660415649, "train/action_stddev_mean": 0.762852668762207, "train/action_stddev_min": 0.26569533348083496, "train/action_stddev_max": 2.160728693008423, "train/adam_max_second_moment": 0.01748589426279068, "train/version_diff_avg": 15.0, "train/version_diff_min": 15.0, "train/version_diff_max": 15.0, "train/kl_divergence": 0.021829862147569656, "train/kl_divergence_max": 0.053818829357624054, "train/value_delta": 0.1061181128025055, "train/value_delta_max": 0.24446463584899902, "train/fraction_clipped": 0.34375, "train/ratio_mean": 0.15846535563468933, "train/ratio_min": 0.2844490110874176, "train/ratio_max": 1.6409558057785034, "train/num_sgd_steps": 16.0, "stats/memory_learner": 7516.640625, "stats/gpu_mem_learner": 56.870399475097656, "stats/gpu_cache_learner": 92.27468872070312, "reward/reward": -142.1536407470703, "reward/reward_min": -236.4217529296875, "reward/reward_max": 137.06971740722656, "len/len": 117.62000274658203, "len/len_min": 1.0, "len/len_max": 193.0, "policy_stats/avg_min_raw_reward": -50.0, "policy_stats/avg_max_raw_reward": 0.4562128484249115, "stats/wait_policy": 0.0, "stats/step_policy": 0.0017026233254000545}