{"global_step": 19968, "_timestamp": 1751553484.376302, "stats/master_process_memory_mb": 7507.890625, "perf/_fps": 51.103580474853516, "stats/memory_policy_worker": 7507.890625, "stats/gpu_mem_policy_worker": 55.157249450683594, "stats/gpu_cache_policy_worker": 92.27468872070312, "stats/avg_request_count": 1.0, "perf/_sample_throughput": 54.14834213256836, "_runtime": 352, "_step": 39, "train/lr": 0.00013333333481568843, "train/actual_lr": 0.00013333333481568843, "train/obs_running_mean": 0.19280679523944855, "train/obs_running_std": 1.096354365348816, "train/returns_running_mean": -7.393177509307861, "train/returns_running_std": 1.8987815380096436, "train/valids_fraction": 1.0, "train/same_policy_fraction": 1.0, "train/grad_norm": 0.9999996423721313, "train/loss": 0.19484634697437286, "train/value": 0.5758174657821655, "train/entropy": 2.801882028579712, "train/policy_loss": -0.030965227633714676, "train/kl_loss": 0.00462975213304162, "train/value_loss": 0.22398370504379272, "train/exploration_loss": -0.002801882103085518, "train/act_min": -5.3190741539001465, "train/act_max": 4.201077461242676, "train/adv_min": -2.5029425621032715, "train/adv_max": 2.6735451221466064, "train/adv_std": 0.7667896747589111, "train/adv_mean": -0.3485347330570221, "train/max_abs_logprob": 1.9737999439239502, "train/action_mean": 0.5078051090240479, "train/action_mean_min": -1.66445791721344, "train/action_mean_max": 1.9423658847808838, "train/action_log_std_mean": -0.4849779009819031, "train/action_log_std_min": -1.745284914970398, "train/action_log_std_max": 0.8584626913070679, "train/action_stddev_mean": 0.733230471611023, "train/action_stddev_min": 0.17459523677825928, "train/action_stddev_max": 2.359530448913574, "train/kl_divergence": 0.04629752039909363, "train/kl_divergence_max": 0.37236252427101135, "train/value_delta": 0.1454373598098755, "train/value_delta_max": 0.5816988945007324, "train/fraction_clipped": 0.4453125, "train/ratio_mean": 0.23308151960372925, "train/ratio_min": 0.14159338176250458, "train/ratio_max": 4.117518901824951, "train/num_sgd_steps": 16.0, "train/adam_max_second_moment": 0.0074889869429171085, "train/version_diff_avg": 15.0, "train/version_diff_min": 15.0, "train/version_diff_max": 15.0, "stats/memory_learner": 7507.890625, "stats/gpu_mem_learner": 55.726593017578125, "stats/gpu_cache_learner": 92.27468872070312, "reward/reward": -85.65137481689453, "reward/reward_min": -131.93899536132812, "reward/reward_max": -26.7691650390625, "len/len": 16.8799991607666, "len/len_min": 9.0, "len/len_max": 29.0, "policy_stats/avg_min_raw_reward": -100.0, "policy_stats/avg_max_raw_reward": 4.561197280883789, "stats/wait_policy": 0.0, "stats/step_policy": 0.0015326929278671741}