{"global_step": 43008, "_timestamp": 1751393080.561549, "stats/master_process_memory_mb": 7179.45703125, "perf/_fps": 0.0, "stats/memory_policy_worker": 7179.45703125, "stats/gpu_mem_policy_worker": 68.3345947265625, "stats/gpu_cache_policy_worker": 140.50918579101562, "stats/avg_request_count": 1.0, "perf/_sample_throughput": 104.10210418701172, "reward/reward": -99.67974853515625, "reward/reward_min": -238.98593139648438, "reward/reward_max": 55.68133544921875, "len/len": 43.97999954223633, "len/len_min": 12.0, "len/len_max": 94.0, "policy_stats/avg_min_raw_reward": -102.04485321044922, "policy_stats/avg_max_raw_reward": 1.9697390794754028, "_runtime": 462, "_step": 7, "train/lr": 0.0010125000262632966, "train/actual_lr": 0.0010125000262632966, "train/obs_running_mean": 0.18152804672718048, "train/obs_running_std": 3.056697368621826, "train/returns_running_mean": -4.297074794769287, "train/returns_running_std": 3.484729528427124, "train/valids_fraction": 1.0, "train/same_policy_fraction": 1.0, "train/grad_norm": 0.7073017954826355, "train/loss": 0.26081275939941406, "train/value": -0.2922626733779907, "train/entropy": 8.322904586791992, "train/policy_loss": -0.0002473294734954834, "train/kl_loss": 7.170312892412767e-05, "train/value_loss": 0.2693112790584564, "train/exploration_loss": -0.00832290481775999, "train/act_min": -4.8146586418151855, "train/act_max": 3.6305315494537354, "train/adv_min": -8.450807571411133, "train/adv_max": 4.939186096191406, "train/adv_std": 1.268947720527649, "train/adv_mean": 0.09078750014305115, "train/max_abs_logprob": 0.771714985370636, "train/action_mean": 0.03266686946153641, "train/action_mean_min": -0.6259334683418274, "train/action_mean_max": 0.7952865362167358, "train/action_log_std_mean": -0.031787775456905365, "train/action_log_std_min": -0.47070741653442383, "train/action_log_std_max": 0.4502561092376709, "train/action_stddev_mean": 0.9770756959915161, "train/action_stddev_min": 0.6245602965354919, "train/action_stddev_max": 1.568713903427124, "train/adam_max_second_moment": 0.006562087219208479, "train/version_diff_avg": 1.0, "train/version_diff_min": 1.0, "train/version_diff_max": 1.0, "stats/memory_learner": 7179.45703125, "stats/gpu_mem_learner": 73.09465789794922, "stats/gpu_cache_learner": 140.50918579101562, "stats/wait_policy": 0.0, "stats/step_policy": 0.0015218924963846803, "train/kl_divergence": 0.037469372153282166, "train/kl_divergence_max": 0.16905522346496582, "train/value_delta": 0.12717193365097046, "train/value_delta_max": 0.6534229516983032, "train/fraction_clipped": 0.4212239682674408, "train/ratio_mean": 0.19691410660743713, "train/ratio_min": 0.24900397658348083, "train/ratio_max": 4.1183671951293945, "train/num_sgd_steps": 16.0, "_wandb": {"runtime": 463}}