{"global_step": 65536, "_timestamp": 1751570139.3543808, "stats/master_process_memory_mb": 7560.41015625, "perf/_fps": 0.0, "stats/memory_policy_worker": 7560.41015625, "stats/gpu_mem_policy_worker": 116.58751678466797, "stats/gpu_cache_policy_worker": 272.6297607421875, "stats/avg_request_count": 1.0, "perf/_sample_throughput": 124.8195571899414, "reward/reward": -56.639259338378906, "reward/reward_min": -101.94606018066406, "reward/reward_max": 9.217681884765625, "len/len": 10.130000114440918, "len/len_min": 6.0, "len/len_max": 16.0, "policy_stats/avg_min_raw_reward": -100.0, "policy_stats/avg_max_raw_reward": 8.172243118286133, "_runtime": 542, "_step": 4, "train/lr": 0.00044999999227002263, "train/actual_lr": 0.00044999999227002263, "train/obs_running_mean": -0.12517084181308746, "train/obs_running_std": 1.4967707395553589, "train/returns_running_mean": -6.519468784332275, "train/returns_running_std": 2.7025070190429688, "train/valids_fraction": 1.0, "train/same_policy_fraction": 1.0, "train/grad_norm": 0.4621787965297699, "train/loss": 0.14130139350891113, "train/value": -0.13345246016979218, "train/entropy": 5.622878551483154, "train/policy_loss": -0.04073108732700348, "train/kl_loss": 0.0019057166064158082, "train/value_loss": 0.18574965000152588, "train/exploration_loss": -0.005622878670692444, "train/act_min": -3.8243305683135986, "train/act_max": 3.6438610553741455, "train/adv_min": -3.9343669414520264, "train/adv_max": 4.494075775146484, "train/adv_std": 0.8689429759979248, "train/adv_mean": 0.030718740075826645, "train/max_abs_logprob": 0.5211876630783081, "train/action_mean": 0.16384926438331604, "train/action_mean_min": -0.37903663516044617, "train/action_mean_max": 0.700796902179718, "train/action_log_std_mean": -0.01321888342499733, "train/action_log_std_min": -0.26881659030914307, "train/action_log_std_max": 0.2953369915485382, "train/action_stddev_mean": 0.9917933940887451, "train/action_stddev_min": 0.7642834186553955, "train/action_stddev_max": 1.3435790538787842, "train/adam_max_second_moment": 0.005255802068859339, "train/version_diff_avg": 31.0, "train/version_diff_min": 31.0, "train/version_diff_max": 31.0, "stats/memory_learner": 7560.41015625, "stats/gpu_mem_learner": 131.21536254882812, "stats/gpu_cache_learner": 274.7268981933594, "stats/wait_policy": 0.0, "stats/step_policy": 0.0024051570799201727, "train/kl_divergence": 0.01905716583132744, "train/kl_divergence_max": 0.06383161246776581, "train/value_delta": 0.0984342098236084, "train/value_delta_max": 0.4534907341003418, "train/fraction_clipped": 0.3076171875, "train/ratio_mean": 0.14906863868236542, "train/ratio_min": 0.2290864735841751, "train/ratio_max": 2.583695411682129, "train/num_sgd_steps": 32.0, "_wandb": {"runtime": 545}}