{"global_step": 73728, "_timestamp": 1751378123.3976471, "stats/master_process_memory_mb": 7309.8671875, "perf/_fps": 0.0, "stats/memory_policy_worker": 7309.8671875, "stats/gpu_mem_policy_worker": 3454.02880859375, "stats/gpu_cache_policy_worker": 5475.6640625, "stats/avg_request_count": 1.0, "perf/_sample_throughput": 77.92597198486328, "reward/reward": -20.441492080688477, "reward/reward_min": -238.85562133789062, "reward/reward_max": 214.97288513183594, "len/len": 81.88999938964844, "len/len_min": 11.0, "len/len_max": 101.0, "policy_stats/avg_min_raw_reward": -100.14421844482422, "policy_stats/avg_max_raw_reward": 2.07621169090271, "_runtime": 842, "_step": 18, "train/lr": 0.0006750000175088644, "train/actual_lr": 0.0006750000175088644, "train/image_obs_running_mean": -4242.3662109375, "train/image_obs_running_std": 15.385437965393066, "train/observations_running_mean": 0.11186744272708893, "train/observations_running_std": 2.869191884994507, "train/returns_running_mean": -3.1827919483184814, "train/returns_running_std": 3.684898853302002, "train/valids_fraction": 1.0, "train/same_policy_fraction": 1.0, "train/grad_norm": 0.9999998211860657, "train/loss": 0.24631629884243011, "train/value": 1.350177526473999, "train/entropy": 5.1917572021484375, "train/policy_loss": -0.0022480785846710205, "train/kl_loss": 0.005361858755350113, "train/value_loss": 0.24839428067207336, "train/exploration_loss": -0.005191757343709469, "train/act_min": -5.301309585571289, "train/act_max": 5.9266533851623535, "train/adv_min": -12.10392951965332, "train/adv_max": 5.139527320861816, "train/adv_std": 1.3819974660873413, "train/adv_mean": 0.5046840906143188, "train/max_abs_logprob": 1.4029492139816284, "train/action_mean": 0.14457967877388, "train/action_mean_min": -1.2940080165863037, "train/action_mean_max": 1.4074457883834839, "train/action_log_std_mean": -0.12099921703338623, "train/action_log_std_min": -1.0548880100250244, "train/action_log_std_max": 0.7951553463935852, "train/action_stddev_mean": 0.9790074825286865, "train/action_stddev_min": 0.3482314348220825, "train/action_stddev_max": 2.214785099029541, "train/adam_max_second_moment": 0.002728627296164632, "train/version_diff_avg": 12.0625, "train/version_diff_min": 12.0, "train/version_diff_max": 28.0, "stats/memory_learner": 7309.8671875, "stats/gpu_mem_learner": 3987.8564453125, "stats/gpu_cache_learner": 5475.6640625, "stats/wait_policy": 0.0, "stats/step_policy": 0.0016541194636374712, "train/kl_divergence": 0.03452279418706894, "train/kl_divergence_max": 0.23992721736431122, "train/value_delta": 0.17707622051239014, "train/value_delta_max": 1.4233249425888062, "train/fraction_clipped": 0.3759765625, "train/ratio_mean": 0.19016441702842712, "train/ratio_min": 0.09673452377319336, "train/ratio_max": 2.546893835067749, "train/num_sgd_steps": 16.0, "_wandb": {"runtime": 844}}