{"global_step": 0, "_timestamp": 1751556468.5715928, "stats/master_process_memory_mb": 7416.546875, "perf/_fps": 0.0, "stats/memory_policy_worker": 7416.390625, "stats/gpu_mem_policy_worker": 112.80742645263672, "stats/gpu_cache_policy_worker": 268.4354553222656, "stats/avg_request_count": 1.0, "perf/_sample_throughput": 131.8384552001953, "reward/reward": -77.48202514648438, "reward/reward_min": -107.69681549072266, "reward/reward_max": -46.18581008911133, "len/len": 9.850000381469727, "len/len_min": 6.0, "len/len_max": 14.0, "policy_stats/avg_min_raw_reward": -100.0, "policy_stats/avg_max_raw_reward": 5.869865894317627, "_runtime": 22, "_step": 0, "_wandb": {"runtime": 24}}