{"global_step": 16384, "_timestamp": 1751556724.9590702, "stats/master_process_memory_mb": 7675.81640625, "perf/_fps": 0.0, "stats/memory_policy_worker": 7675.81640625, "stats/gpu_mem_policy_worker": 112.81305694580078, "stats/gpu_cache_policy_worker": 268.4354553222656, "stats/avg_request_count": 1.0, "perf/_sample_throughput": 210.2163848876953, "_runtime": 90, "_step": 1, "train/lr": 0.00013333333481568843, "train/actual_lr": 0.00013333333481568843, "train/obs_running_mean": -0.24760207533836365, "train/obs_running_std": 3.768418312072754, "train/returns_running_mean": 1.4019103050231934, "train/returns_running_std": 0.7876446843147278, "train/valids_fraction": 1.0, "train/same_policy_fraction": 1.0, "train/grad_norm": 0.9999992847442627, "train/loss": 1.5206154584884644, "train/value": 0.04260861501097679, "train/entropy": 4.2324419021606445, "train/policy_loss": 0.026044484227895737, "train/kl_loss": 0.004646902903914452, "train/value_loss": 1.4941564798355103, "train/exploration_loss": -0.004232442006468773, "train/act_min": -3.9343137741088867, "train/act_max": 4.261486530303955, "train/adv_min": -0.8140764236450195, "train/adv_max": 4.812434196472168, "train/adv_std": 0.8124485611915588, "train/adv_mean": 1.399082899093628, "train/max_abs_logprob": 0.2742207646369934, "train/action_mean": -0.0068183839321136475, "train/action_mean_min": -0.23620069026947021, "train/action_mean_max": 0.17697055637836456, "train/action_log_std_mean": -0.008124432526528835, "train/action_log_std_min": -0.2409026026725769, "train/action_log_std_max": 0.21048137545585632, "train/action_stddev_mean": 0.9941024780273438, "train/action_stddev_min": 0.7859181761741638, "train/action_stddev_max": 1.2342720031738281, "train/kl_divergence": 0.046469029039144516, "train/kl_divergence_max": 0.08869374543428421, "train/value_delta": 0.22951140999794006, "train/value_delta_max": 1.362136960029602, "train/fraction_clipped": 0.5146484375, "train/ratio_mean": 0.22999730706214905, "train/ratio_min": 0.058476828038692474, "train/ratio_max": 2.2032313346862793, "train/num_sgd_steps": 32.0, "train/adam_max_second_moment": 0.0016013996209949255, "train/version_diff_avg": 31.0, "train/version_diff_min": 31.0, "train/version_diff_max": 31.0, "_wandb": {"runtime": 91}}