{"global_step": 245760, "_timestamp": 1751581778.4091802, "stats/master_process_memory_mb": 7632.73828125, "perf/_fps": 0.0, "stats/memory_policy_worker": 7632.73828125, "stats/gpu_mem_policy_worker": 116.58956909179688, "stats/gpu_cache_policy_worker": 272.6297607421875, "stats/avg_request_count": 1.0, "perf/_sample_throughput": 122.72017669677734, "reward/reward": 2504.26708984375, "reward/reward_min": 911.7373657226562, "reward/reward_max": 5181.0302734375, "len/len": 101.0, "len/len_min": 101.0, "len/len_max": 101.0, "policy_stats/avg_min_raw_reward": -45.018375396728516, "policy_stats/avg_max_raw_reward": 68.84532928466797, "_runtime": 1782, "_step": 15, "train/lr": 0.0006750000175088644, "train/actual_lr": 0.0006750000175088644, "train/obs_running_mean": -0.14334116876125336, "train/obs_running_std": 1.40659499168396, "train/returns_running_mean": 11.856898307800293, "train/returns_running_std": 23.227344512939453, "train/valids_fraction": 1.0, "train/same_policy_fraction": 1.0, "train/grad_norm": 0.9999993443489075, "train/loss": 1.1099340915679932, "train/value": 1.9219504594802856, "train/entropy": 4.755046844482422, "train/policy_loss": -0.004471993073821068, "train/kl_loss": 0.0024178465828299522, "train/value_loss": 1.1167433261871338, "train/exploration_loss": -0.004755047149956226, "train/act_min": -3.8228073120117188, "train/act_max": 4.140390872955322, "train/adv_min": -21.01861572265625, "train/adv_max": 91.31533813476562, "train/adv_std": 19.61294937133789, "train/adv_mean": 16.354549407958984, "train/max_abs_logprob": 1.8727530241012573, "train/action_mean": 0.4334007501602173, "train/action_mean_min": -0.2702994644641876, "train/action_mean_max": 1.952082872390747, "train/action_log_std_mean": -0.23017677664756775, "train/action_log_std_min": -0.6558190584182739, "train/action_log_std_max": 0.4353472590446472, "train/action_stddev_mean": 0.8130568265914917, "train/action_stddev_min": 0.5190168023109436, "train/action_stddev_max": 1.5454996824264526, "train/adam_max_second_moment": 0.011933189816772938, "train/version_diff_avg": 29.0, "train/version_diff_min": 29.0, "train/version_diff_max": 29.0, "stats/memory_learner": 7627.3359375, "stats/gpu_mem_learner": 131.2209930419922, "stats/gpu_cache_learner": 274.7268981933594, "stats/wait_policy": 0.0, "stats/step_policy": 0.0024811888579279184, "train/kl_divergence": 0.026416901499032974, "train/kl_divergence_max": 0.26743802428245544, "train/value_delta": 0.38855838775634766, "train/value_delta_max": 1.6268171072006226, "train/fraction_clipped": 0.33447265625, "train/ratio_mean": 0.16389787197113037, "train/ratio_min": 0.2641485929489136, "train/ratio_max": 2.4729039669036865, "train/num_sgd_steps": 32.0, "_wandb": {"runtime": 1788}}