{"global_step": 0, "_timestamp": 1751377241.373768, "stats/master_process_memory_mb": 7029.6484375, "perf/_fps": 0.0, "stats/memory_policy_worker": 7029.6484375, "stats/gpu_mem_policy_worker": 5028.98828125, "stats/gpu_cache_policy_worker": 5064.6220703125, "stats/avg_request_count": 1.0, "perf/_sample_throughput": 82.93846893310547, "reward/reward": -98.44095611572266, "reward/reward_min": -162.428955078125, "reward/reward_max": -46.656368255615234, "len/len": 30.31999969482422, "len/len_min": 1.0, "len/len_max": 72.0, "policy_stats/avg_min_raw_reward": -100.0, "policy_stats/avg_max_raw_reward": 0.9811362624168396, "_runtime": 82, "_step": 0, "_wandb": {"runtime": 88}}