{"global_step": 0, "_timestamp": 1751568829.6960156, "stats/master_process_memory_mb": 7414.3515625, "perf/_fps": 0.0, "stats/memory_policy_worker": 7414.3515625, "stats/gpu_mem_policy_worker": 113.60921478271484, "stats/gpu_cache_policy_worker": 268.4354553222656, "stats/avg_request_count": 1.0, "perf/_sample_throughput": 149.85226440429688, "reward/reward": -68.871826171875, "reward/reward_min": -107.8270492553711, "reward/reward_max": -39.8178825378418, "len/len": 8.920000076293945, "len/len_min": 6.0, "len/len_max": 12.0, "policy_stats/avg_min_raw_reward": -100.0, "policy_stats/avg_max_raw_reward": 7.4340033531188965, "_runtime": 52, "_step": 0, "_wandb": {"runtime": 63}}