{"global_step": 16384, "_timestamp": 1751583084.931365, "stats/master_process_memory_mb": 7557.140625, "perf/_fps": 0.0, "stats/memory_policy_worker": 7557.140625, "stats/gpu_mem_policy_worker": 116.58751678466797, "stats/gpu_cache_policy_worker": 272.6297607421875, "stats/avg_request_count": 1.0, "perf/_sample_throughput": 209.8201446533203, "reward/reward": -20.314760208129883, "reward/reward_min": -62.64129638671875, "reward/reward_max": 66.2784423828125, "len/len": 11.819999694824219, "len/len_min": 9.0, "len/len_max": 17.0, "policy_stats/avg_min_raw_reward": -100.0, "policy_stats/avg_max_raw_reward": 12.925392150878906, "_runtime": 111, "_step": 1, "train/lr": 0.00019999999494757503, "train/actual_lr": 0.00019999999494757503, "train/obs_running_mean": -0.1431039422750473, "train/obs_running_std": 1.5731258392333984, "train/returns_running_mean": -2.6072564125061035, "train/returns_running_std": 4.777406692504883, "train/valids_fraction": 1.0, "train/same_policy_fraction": 1.0, "train/grad_norm": 0.9999992251396179, "train/loss": 0.7516225576400757, "train/value": -0.06823661178350449, "train/entropy": 5.955096244812012, "train/policy_loss": 0.09165730327367783, "train/kl_loss": 0.012836757116019726, "train/value_loss": 0.6530835628509521, "train/exploration_loss": -0.005955096334218979, "train/act_min": -4.74501371383667, "train/act_max": 4.8313984870910645, "train/adv_min": -9.91833782196045, "train/adv_max": 8.469050407409668, "train/adv_std": 4.758335590362549, "train/adv_mean": -2.4723260402679443, "train/max_abs_logprob": 0.45026731491088867, "train/action_mean": 0.02353345975279808, "train/action_mean_min": -0.26881158351898193, "train/action_mean_max": 0.3395921289920807, "train/action_log_std_mean": 0.0698356181383133, "train/action_log_std_min": -0.22630976140499115, "train/action_log_std_max": 0.3801780045032501, "train/action_stddev_mean": 1.0793111324310303, "train/action_stddev_min": 0.7974710464477539, "train/action_stddev_max": 1.4625449180603027, "train/adam_max_second_moment": 0.00042430718895047903, "train/version_diff_avg": 13.0, "train/version_diff_min": 13.0, "train/version_diff_max": 13.0, "stats/memory_learner": 7557.140625, "stats/gpu_mem_learner": 131.2189483642578, "stats/gpu_cache_learner": 274.7268981933594, "_wandb": {"runtime": 121}}