{"global_step": 0, "_timestamp": 1751582459.7725208, "stats/master_process_memory_mb": 7423.62890625, "perf/_fps": 0.0, "stats/memory_policy_worker": 7423.62890625, "stats/gpu_mem_policy_worker": 113.5989761352539, "stats/gpu_cache_policy_worker": 268.4354553222656, "stats/avg_request_count": 1.0, "perf/_sample_throughput": 139.72964477539062, "reward/reward": -20.254465103149414, "reward/reward_min": -58.89462661743164, "reward/reward_max": 36.50672912597656, "len/len": 11.520000457763672, "len/len_min": 8.0, "len/len_max": 16.0, "policy_stats/avg_min_raw_reward": -100.0, "policy_stats/avg_max_raw_reward": 13.083046913146973, "_runtime": 122, "_step": 0, "_wandb": {"runtime": 130}}