{"global_step": 802816, "_timestamp": 1751614633.0131092, "stats/master_process_memory_mb": 7646.59765625, "perf/_fps": 0.0, "stats/memory_policy_worker": 7646.59765625, "stats/gpu_mem_policy_worker": 116.58751678466797, "stats/gpu_cache_policy_worker": 272.6297607421875, "stats/avg_request_count": 1.0, "perf/_sample_throughput": 186.91734313964844, "reward/reward": 5645.98046875, "reward/reward_min": -23.560012817382812, "reward/reward_max": 6406.90576171875, "len/len": 96.4000015258789, "len/len_min": 13.0, "len/len_max": 101.0, "policy_stats/avg_min_raw_reward": -59.99285125732422, "policy_stats/avg_max_raw_reward": 72.13578796386719, "_runtime": 3962, "_step": 49, "train/lr": 0.0010125000262632966, "train/actual_lr": 0.0010125000262632966, "train/obs_running_mean": 0.26685720682144165, "train/obs_running_std": 1.396765112876892, "train/returns_running_mean": 152.3177490234375, "train/returns_running_std": 97.998779296875, "train/valids_fraction": 1.0, "train/same_policy_fraction": 1.0, "train/grad_norm": 0.7445288300514221, "train/loss": 0.045433830469846725, "train/value": 1.3454716205596924, "train/entropy": 4.889183044433594, "train/policy_loss": -0.006273595616221428, "train/kl_loss": 0.0008504438446834683, "train/value_loss": 0.0557461641728878, "train/exploration_loss": -0.004889183212071657, "train/act_min": -2.972843885421753, "train/act_max": 6.000602722167969, "train/adv_min": -291.0892639160156, "train/adv_max": 45.40732192993164, "train/adv_std": 17.810529708862305, "train/adv_mean": 8.18354606628418, "train/max_abs_logprob": 3.040773391723633, "train/action_mean": 0.6676359176635742, "train/action_mean_min": -1.0641155242919922, "train/action_mean_max": 2.990431070327759, "train/action_log_std_mean": -0.19664287567138672, "train/action_log_std_min": -0.5323984026908875, "train/action_log_std_max": 0.3532382845878601, "train/action_stddev_mean": 0.8308242559432983, "train/action_stddev_min": 0.5871949195861816, "train/action_stddev_max": 1.4236704111099243, "train/adam_max_second_moment": 0.011341969482600689, "train/version_diff_avg": 27.0, "train/version_diff_min": 27.0, "train/version_diff_max": 27.0, "stats/memory_learner": 7592.796875, "stats/gpu_mem_learner": 131.21536254882812, "stats/gpu_cache_learner": 274.7268981933594, "stats/wait_policy": 0.0, "stats/step_policy": 0.0014032507315278053, "train/kl_divergence": 0.056901875883340836, "train/kl_divergence_max": 0.1769879311323166, "train/value_delta": 0.06818924844264984, "train/value_delta_max": 1.0851552486419678, "train/fraction_clipped": 0.55810546875, "train/ratio_mean": 0.2637389302253723, "train/ratio_min": 0.05000000074505806, "train/ratio_max": 3.5023417472839355, "train/num_sgd_steps": 32.0, "_wandb": {"runtime": 3969}}