{"global_step": 2560, "_timestamp": 1751534890.0710914, "stats/master_process_memory_mb": 7606.25390625, "perf/_fps": 48.15956115722656, "stats/memory_policy_worker": 7599.22265625, "stats/gpu_mem_policy_worker": 56.301055908203125, "stats/gpu_cache_policy_worker": 94.37184143066406, "stats/avg_request_count": 1.0, "perf/_sample_throughput": 62.29718017578125, "_runtime": 63, "_step": 5, "train/lr": 0.00044999999227002263, "train/actual_lr": 0.00044999999227002263, "train/obs_running_mean": 0.23283915221691132, "train/obs_running_std": 2.634448766708374, "train/returns_running_mean": -3.0973498821258545, "train/returns_running_std": 1.466685175895691, "train/valids_fraction": 1.0, "train/same_policy_fraction": 1.0, "train/grad_norm": 0.9999992847442627, "train/loss": 0.03854051232337952, "train/value": -0.5164508819580078, "train/entropy": 4.216567039489746, "train/policy_loss": -0.028627827763557434, "train/kl_loss": 0.001389614655636251, "train/value_loss": 0.06999529153108597, "train/exploration_loss": -0.004216567147523165, "train/act_min": -3.1128504276275635, "train/act_max": 2.927549362182617, "train/adv_min": -1.3495906591415405, "train/adv_max": 0.2319454699754715, "train/adv_std": 0.32600000500679016, "train/adv_mean": -0.7435173988342285, "train/max_abs_logprob": 0.30855631828308105, "train/action_mean": -0.07846146076917648, "train/action_mean_min": -0.24505087733268738, "train/action_mean_max": 0.23394307494163513, "train/action_log_std_mean": -0.013416215777397156, "train/action_log_std_min": -0.23095093667507172, "train/action_log_std_max": 0.21471792459487915, "train/action_stddev_mean": 0.9921889305114746, "train/action_stddev_min": 0.7937784790992737, "train/action_stddev_max": 1.239512324333191, "train/kl_divergence": 0.013896146789193153, "train/kl_divergence_max": 0.03319889307022095, "train/value_delta": 0.2514370083808899, "train/value_delta_max": 0.44813990592956543, "train/fraction_clipped": 0.2421875, "train/ratio_mean": 0.1265721172094345, "train/ratio_min": 0.5712475180625916, "train/ratio_max": 1.8903422355651855, "train/num_sgd_steps": 16.0, "train/adam_max_second_moment": 0.003720114240422845, "train/version_diff_avg": 15.0, "train/version_diff_min": 15.0, "train/version_diff_max": 15.0, "stats/memory_learner": 7598.91015625, "stats/gpu_mem_learner": 56.870399475097656, "stats/gpu_cache_learner": 94.37184143066406, "_wandb": {"runtime": 65}}