datetime,gpu_id,gpu_name,memory_used_mb,memory_total_mb,memory_free_mb,memory_used_percent,gpu_utilization,temperature,power_draw
2025-07-09T00:15:55.288302,0,NVIDIA GeForce RTX 4080 Laptop GPU,13,12282,11990,0.11,0,45,3.24
2025-07-09T00:16:05.314382,0,NVIDIA GeForce RTX 4080 Laptop GPU,290,12282,11714,2.36,0,46,18.24
2025-07-09T00:16:15.337487,0,NVIDIA GeForce RTX 4080 Laptop GPU,5372,12282,6632,43.74,1,47,18.89
2025-07-09T00:16:25.381242,0,NVIDIA GeForce RTX 4080 Laptop GPU,5521,12282,6483,44.95,34,50,35.98
2025-07-09T00:16:35.414320,0,NVIDIA GeForce RTX 4080 Laptop GPU,5521,12282,6483,44.95,36,51,33.44
2025-07-09T00:16:45.450899,0,NVIDIA GeForce RTX 4080 Laptop GPU,5521,12282,6483,44.95,30,52,29.15
2025-07-09T00:16:55.483062,0,NVIDIA GeForce RTX 4080 Laptop GPU,5521,12282,6483,44.95,31,53,35.16
2025-07-09T00:17:05.511307,0,NVIDIA GeForce RTX 4080 Laptop GPU,5521,12282,6483,44.95,30,53,30.32
2025-07-09T00:17:15.546188,0,NVIDIA GeForce RTX 4080 Laptop GPU,5521,12282,6483,44.95,33,54,29.53
2025-07-09T00:17:25.583528,0,NVIDIA GeForce RTX 4080 Laptop GPU,5521,12282,6483,44.95,37,54,31.58
2025-07-09T00:17:35.611248,0,NVIDIA GeForce RTX 4080 Laptop GPU,5521,12282,6483,44.95,27,55,29.6
2025-07-09T00:17:45.650097,0,NVIDIA GeForce RTX 4080 Laptop GPU,5521,12282,6483,44.95,35,54,30.6
2025-07-09T00:17:55.686238,0,NVIDIA GeForce RTX 4080 Laptop GPU,5521,12282,6483,44.95,31,54,33.9
2025-07-09T00:18:05.711798,0,NVIDIA GeForce RTX 4080 Laptop GPU,5547,12282,6457,45.16,29,54,33.83
2025-07-09T00:18:15.739246,0,NVIDIA GeForce RTX 4080 Laptop GPU,5545,12282,6459,45.15,30,55,36.92
2025-07-09T00:18:25.769596,0,NVIDIA GeForce RTX 4080 Laptop GPU,5413,12282,6591,44.07,28,53,34.12
2025-07-09T00:18:35.794993,0,NVIDIA GeForce RTX 4080 Laptop GPU,5545,12282,6459,45.15,36,54,30.83
2025-07-09T00:18:45.830982,0,NVIDIA GeForce RTX 4080 Laptop GPU,5545,12282,6459,45.15,32,54,28.79
2025-07-09T00:18:55.861823,0,NVIDIA GeForce RTX 4080 Laptop GPU,5545,12282,6459,45.15,36,53,32.95
2025-07-09T00:19:05.889735,0,NVIDIA GeForce RTX 4080 Laptop GPU,5545,12282,6459,45.15,41,53,33.58
2025-07-09T00:19:15.914974,0,NVIDIA GeForce RTX 4080 Laptop GPU,5545,12282,6459,45.15,42,53,30.1
2025-07-09T00:19:25.944457,0,NVIDIA GeForce RTX 4080 Laptop GPU,5545,12282,6459,45.15,35,52,30.08
2025-07-09T00:19:35.977029,0,NVIDIA GeForce RTX 4080 Laptop GPU,5545,12282,6459,45.15,33,52,29.37
2025-07-09T00:19:46.010353,0,NVIDIA GeForce RTX 4080 Laptop GPU,5547,12282,6457,45.16,31,51,30.18
2025-07-09T00:19:56.037600,0,NVIDIA GeForce RTX 4080 Laptop GPU,5547,12282,6457,45.16,29,52,33.8
2025-07-09T00:20:06.065579,0,NVIDIA GeForce RTX 4080 Laptop GPU,5547,12282,6457,45.16,34,51,30.07
2025-07-09T00:20:16.106307,0,NVIDIA GeForce RTX 4080 Laptop GPU,5545,12282,6459,45.15,37,51,29.51
2025-07-09T00:20:26.133452,0,NVIDIA GeForce RTX 4080 Laptop GPU,5545,12282,6459,45.15,37,51,33.49
2025-07-09T00:20:36.159351,0,NVIDIA GeForce RTX 4080 Laptop GPU,5545,12282,6459,45.15,32,51,33.33
2025-07-09T00:20:46.189350,0,NVIDIA GeForce RTX 4080 Laptop GPU,5545,12282,6459,45.15,42,51,31.49
2025-07-09T00:20:56.220557,0,NVIDIA GeForce RTX 4080 Laptop GPU,5545,12282,6459,45.15,39,51,32.97
2025-07-09T00:21:06.255884,0,NVIDIA GeForce RTX 4080 Laptop GPU,5545,12282,6459,45.15,36,51,32.17
2025-07-09T00:21:16.288780,0,NVIDIA GeForce RTX 4080 Laptop GPU,5545,12282,6459,45.15,37,52,31.38
2025-07-09T00:21:26.322123,0,NVIDIA GeForce RTX 4080 Laptop GPU,5545,12282,6459,45.15,25,51,31.45
2025-07-09T00:21:36.354552,0,NVIDIA GeForce RTX 4080 Laptop GPU,5545,12282,6459,45.15,26,51,32.48
2025-07-09T00:21:46.381666,0,NVIDIA GeForce RTX 4080 Laptop GPU,5545,12282,6459,45.15,27,51,30.08
2025-07-09T00:21:56.413696,0,NVIDIA GeForce RTX 4080 Laptop GPU,5545,12282,6459,45.15,32,51,30.36
2025-07-09T00:22:06.441497,0,NVIDIA GeForce RTX 4080 Laptop GPU,5545,12282,6459,45.15,41,51,33.04
2025-07-09T00:22:16.468078,0,NVIDIA GeForce RTX 4080 Laptop GPU,5545,12282,6459,45.15,34,51,30.42
2025-07-09T00:22:26.498741,0,NVIDIA GeForce RTX 4080 Laptop GPU,5545,12282,6459,45.15,25,52,31.18
2025-07-09T00:22:36.527605,0,NVIDIA GeForce RTX 4080 Laptop GPU,5545,12282,6459,45.15,32,51,31.59
2025-07-09T00:22:46.560632,0,NVIDIA GeForce RTX 4080 Laptop GPU,5545,12282,6459,45.15,33,51,31.68
2025-07-09T00:22:56.588531,0,NVIDIA GeForce RTX 4080 Laptop GPU,5545,12282,6459,45.15,31,51,29.73
2025-07-09T00:23:06.623292,0,NVIDIA GeForce RTX 4080 Laptop GPU,5547,12282,6457,45.16,44,51,30.51
2025-07-09T00:23:16.651374,0,NVIDIA GeForce RTX 4080 Laptop GPU,5545,12282,6459,45.15,20,51,31.79
2025-07-09T00:23:26.678192,0,NVIDIA GeForce RTX 4080 Laptop GPU,5545,12282,6459,45.15,24,50,29.4
2025-07-09T00:23:36.707899,0,NVIDIA GeForce RTX 4080 Laptop GPU,5545,12282,6459,45.15,44,51,30.85
2025-07-09T00:23:46.734643,0,NVIDIA GeForce RTX 4080 Laptop GPU,5545,12282,6459,45.15,35,51,30.56
2025-07-09T00:23:56.766895,0,NVIDIA GeForce RTX 4080 Laptop GPU,5545,12282,6459,45.15,32,51,30.82
2025-07-09T00:24:06.806091,0,NVIDIA GeForce RTX 4080 Laptop GPU,5545,12282,6459,45.15,28,50,28.55
2025-07-09T00:24:16.833341,0,NVIDIA GeForce RTX 4080 Laptop GPU,5545,12282,6459,45.15,35,50,30.89
2025-07-09T00:24:26.861553,0,NVIDIA GeForce RTX 4080 Laptop GPU,5545,12282,6459,45.15,38,50,29.15
2025-07-09T00:24:36.887810,0,NVIDIA GeForce RTX 4080 Laptop GPU,5545,12282,6459,45.15,30,50,31.57
2025-07-09T00:24:46.910591,0,NVIDIA GeForce RTX 4080 Laptop GPU,5547,12282,6457,45.16,42,50,32.89
2025-07-09T00:24:56.946428,0,NVIDIA GeForce RTX 4080 Laptop GPU,5547,12282,6457,45.16,32,50,30.72
2025-07-09T00:25:06.973362,0,NVIDIA GeForce RTX 4080 Laptop GPU,5547,12282,6457,45.16,37,50,33.52
2025-07-09T00:25:16.995091,0,NVIDIA GeForce RTX 4080 Laptop GPU,5545,12282,6459,45.15,39,50,31.86
2025-07-09T00:25:27.028294,0,NVIDIA GeForce RTX 4080 Laptop GPU,5545,12282,6459,45.15,30,50,33.26
2025-07-09T00:25:37.057510,0,NVIDIA GeForce RTX 4080 Laptop GPU,5545,12282,6459,45.15,39,50,33.92
2025-07-09T00:25:47.091714,0,NVIDIA GeForce RTX 4080 Laptop GPU,5545,12282,6459,45.15,35,50,31.95
2025-07-09T00:25:57.122258,0,NVIDIA GeForce RTX 4080 Laptop GPU,5545,12282,6459,45.15,41,50,34.02
2025-07-09T00:26:07.149521,0,NVIDIA GeForce RTX 4080 Laptop GPU,5545,12282,6459,45.15,35,51,34.69
2025-07-09T00:26:17.187155,0,NVIDIA GeForce RTX 4080 Laptop GPU,5545,12282,6459,45.15,38,51,29.93
2025-07-09T00:26:27.216779,0,NVIDIA GeForce RTX 4080 Laptop GPU,5547,12282,6457,45.16,24,50,29.35
2025-07-09T00:26:37.248527,0,NVIDIA GeForce RTX 4080 Laptop GPU,5547,12282,6457,45.16,33,50,28.65
2025-07-09T00:26:47.278578,0,NVIDIA GeForce RTX 4080 Laptop GPU,5545,12282,6459,45.15,37,50,30.54
2025-07-09T00:26:57.305288,0,NVIDIA GeForce RTX 4080 Laptop GPU,5545,12282,6459,45.15,33,50,29.02
2025-07-09T00:27:07.335082,0,NVIDIA GeForce RTX 4080 Laptop GPU,5545,12282,6459,45.15,32,50,30.76
2025-07-09T00:27:17.364027,0,NVIDIA GeForce RTX 4080 Laptop GPU,5545,12282,6459,45.15,43,50,32.51
2025-07-09T00:27:27.394644,0,NVIDIA GeForce RTX 4080 Laptop GPU,5545,12282,6459,45.15,32,50,30.39
2025-07-09T00:27:37.422977,0,NVIDIA GeForce RTX 4080 Laptop GPU,5545,12282,6459,45.15,32,50,32.24
2025-07-09T00:27:47.452902,0,NVIDIA GeForce RTX 4080 Laptop GPU,5545,12282,6459,45.15,28,50,30.91
2025-07-09T00:27:57.478650,0,NVIDIA GeForce RTX 4080 Laptop GPU,5545,12282,6459,45.15,20,50,29.11
2025-07-09T00:28:07.512126,0,NVIDIA GeForce RTX 4080 Laptop GPU,5545,12282,6459,45.15,35,50,32.85
2025-07-09T00:28:17.544621,0,NVIDIA GeForce RTX 4080 Laptop GPU,5545,12282,6459,45.15,34,50,31.73
2025-07-09T00:28:27.581035,0,NVIDIA GeForce RTX 4080 Laptop GPU,5545,12282,6459,45.15,37,51,32.16
2025-07-09T00:28:37.632000,0,NVIDIA GeForce RTX 4080 Laptop GPU,5545,12282,6459,45.15,24,50,38.81
2025-07-09T00:28:47.664835,0,NVIDIA GeForce RTX 4080 Laptop GPU,5545,12282,6459,45.15,32,51,30.86
2025-07-09T00:28:57.694258,0,NVIDIA GeForce RTX 4080 Laptop GPU,5545,12282,6459,45.15,31,51,35.62
2025-07-09T00:29:07.722441,0,NVIDIA GeForce RTX 4080 Laptop GPU,5545,12282,6459,45.15,41,51,43.05
2025-07-09T00:29:17.765614,0,NVIDIA GeForce RTX 4080 Laptop GPU,5545,12282,6459,45.15,35,51,32.34
2025-07-09T00:29:27.783387,0,NVIDIA GeForce RTX 4080 Laptop GPU,5545,12282,6459,45.15,33,52,38.69
2025-07-09T00:29:37.812975,0,NVIDIA GeForce RTX 4080 Laptop GPU,5545,12282,6459,45.15,42,52,43.53
2025-07-09T00:29:47.850753,0,NVIDIA GeForce RTX 4080 Laptop GPU,5545,12282,6459,45.15,37,51,30.66
2025-07-09T00:29:57.880461,0,NVIDIA GeForce RTX 4080 Laptop GPU,5547,12282,6457,45.16,32,51,30.86
2025-07-09T00:30:07.909014,0,NVIDIA GeForce RTX 4080 Laptop GPU,5547,12282,6457,45.16,38,52,37.73
2025-07-09T00:30:17.936088,0,NVIDIA GeForce RTX 4080 Laptop GPU,5545,12282,6459,45.15,29,52,31.56
2025-07-09T00:30:27.964199,0,NVIDIA GeForce RTX 4080 Laptop GPU,5545,12282,6459,45.15,33,52,35.13
2025-07-09T00:30:37.994786,0,NVIDIA GeForce RTX 4080 Laptop GPU,5545,12282,6459,45.15,35,51,31.01
2025-07-09T00:30:48.034444,0,NVIDIA GeForce RTX 4080 Laptop GPU,5545,12282,6459,45.15,30,52,36.85
2025-07-09T00:30:58.070954,0,NVIDIA GeForce RTX 4080 Laptop GPU,5545,12282,6459,45.15,31,52,37.58
2025-07-09T00:31:08.098294,0,NVIDIA GeForce RTX 4080 Laptop GPU,5545,12282,6459,45.15,38,53,42.48
2025-07-09T00:31:18.126201,0,NVIDIA GeForce RTX 4080 Laptop GPU,5545,12282,6459,45.15,28,53,38.24
2025-07-09T00:31:28.152429,0,NVIDIA GeForce RTX 4080 Laptop GPU,5545,12282,6459,45.15,27,53,42.04
2025-07-09T00:31:38.183087,0,NVIDIA GeForce RTX 4080 Laptop GPU,5547,12282,6457,45.16,30,52,31.44
2025-07-09T00:31:48.210422,0,NVIDIA GeForce RTX 4080 Laptop GPU,5545,12282,6459,45.15,41,52,30.2
2025-07-09T00:31:58.239261,0,NVIDIA GeForce RTX 4080 Laptop GPU,5545,12282,6459,45.15,35,52,31.65
2025-07-09T00:32:08.274152,0,NVIDIA GeForce RTX 4080 Laptop GPU,5545,12282,6459,45.15,36,52,29.76
2025-07-09T00:32:18.304773,0,NVIDIA GeForce RTX 4080 Laptop GPU,5545,12282,6459,45.15,40,52,31.35
2025-07-09T00:32:28.330930,0,NVIDIA GeForce RTX 4080 Laptop GPU,5545,12282,6459,45.15,28,53,41.08
2025-07-09T00:32:38.373120,0,NVIDIA GeForce RTX 4080 Laptop GPU,5545,12282,6459,45.15,34,52,33.72
2025-07-09T00:32:48.395291,0,NVIDIA GeForce RTX 4080 Laptop GPU,5545,12282,6459,45.15,39,53,41.33
2025-07-09T00:32:58.421458,0,NVIDIA GeForce RTX 4080 Laptop GPU,5545,12282,6459,45.15,40,52,38.21
2025-07-09T00:33:08.449113,0,NVIDIA GeForce RTX 4080 Laptop GPU,5545,12282,6459,45.15,35,52,38.0
2025-07-09T00:33:18.485723,0,NVIDIA GeForce RTX 4080 Laptop GPU,5545,12282,6459,45.15,34,52,35.24
2025-07-09T00:33:28.512487,0,NVIDIA GeForce RTX 4080 Laptop GPU,5545,12282,6459,45.15,24,52,38.49
2025-07-09T00:33:38.542761,0,NVIDIA GeForce RTX 4080 Laptop GPU,5545,12282,6459,45.15,25,53,40.58
2025-07-09T00:33:48.572609,0,NVIDIA GeForce RTX 4080 Laptop GPU,5545,12282,6459,45.15,31,53,38.23
2025-07-09T00:33:58.609834,0,NVIDIA GeForce RTX 4080 Laptop GPU,5545,12282,6459,45.15,28,52,41.13
2025-07-09T00:34:08.643300,0,NVIDIA GeForce RTX 4080 Laptop GPU,5545,12282,6459,45.15,33,51,36.3
2025-07-09T00:34:18.669783,0,NVIDIA GeForce RTX 4080 Laptop GPU,5545,12282,6459,45.15,29,53,47.35
2025-07-09T00:34:28.696236,0,NVIDIA GeForce RTX 4080 Laptop GPU,5545,12282,6459,45.15,44,53,36.88
2025-07-09T00:34:38.722965,0,NVIDIA GeForce RTX 4080 Laptop GPU,5545,12282,6459,45.15,32,53,35.59
2025-07-09T00:34:48.756453,0,NVIDIA GeForce RTX 4080 Laptop GPU,5545,12282,6459,45.15,33,53,38.6
2025-07-09T00:34:58.782901,0,NVIDIA GeForce RTX 4080 Laptop GPU,5547,12282,6457,45.16,42,53,43.91
2025-07-09T00:35:08.818597,0,NVIDIA GeForce RTX 4080 Laptop GPU,5547,12282,6457,45.16,36,53,40.7
2025-07-09T00:35:18.852191,0,NVIDIA GeForce RTX 4080 Laptop GPU,5545,12282,6459,45.15,32,51,30.98
2025-07-09T00:35:28.879822,0,NVIDIA GeForce RTX 4080 Laptop GPU,5545,12282,6459,45.15,22,53,46.92
2025-07-09T00:35:38.906123,0,NVIDIA GeForce RTX 4080 Laptop GPU,5545,12282,6459,45.15,43,52,31.22
2025-07-09T00:35:48.931689,0,NVIDIA GeForce RTX 4080 Laptop GPU,5545,12282,6459,45.15,36,53,37.06
2025-07-09T00:35:58.957133,0,NVIDIA GeForce RTX 4080 Laptop GPU,5545,12282,6459,45.15,41,53,41.17
2025-07-09T00:36:08.986135,0,NVIDIA GeForce RTX 4080 Laptop GPU,5545,12282,6459,45.15,35,53,42.14
2025-07-09T00:36:19.011874,0,NVIDIA GeForce RTX 4080 Laptop GPU,5545,12282,6459,45.15,39,53,32.19
2025-07-09T00:36:29.043785,0,NVIDIA GeForce RTX 4080 Laptop GPU,5547,12282,6457,45.16,39,53,40.35
2025-07-09T00:36:39.077761,0,NVIDIA GeForce RTX 4080 Laptop GPU,5547,12282,6457,45.16,31,53,34.55
2025-07-09T00:36:49.118086,0,NVIDIA GeForce RTX 4080 Laptop GPU,5545,12282,6459,45.15,31,53,38.3
2025-07-09T00:36:59.143716,0,NVIDIA GeForce RTX 4080 Laptop GPU,5545,12282,6459,45.15,39,53,36.22
2025-07-09T00:37:09.178776,0,NVIDIA GeForce RTX 4080 Laptop GPU,5545,12282,6459,45.15,27,52,31.68
2025-07-09T00:37:19.207721,0,NVIDIA GeForce RTX 4080 Laptop GPU,5545,12282,6459,45.15,37,51,30.64
2025-07-09T00:37:29.235544,0,NVIDIA GeForce RTX 4080 Laptop GPU,5545,12282,6459,45.15,26,53,38.31
2025-07-09T00:37:39.264494,0,NVIDIA GeForce RTX 4080 Laptop GPU,5545,12282,6459,45.15,34,52,34.93
2025-07-09T00:37:49.296801,0,NVIDIA GeForce RTX 4080 Laptop GPU,5545,12282,6459,45.15,38,52,31.32
2025-07-09T00:37:59.324088,0,NVIDIA GeForce RTX 4080 Laptop GPU,5545,12282,6459,45.15,44,52,36.94
2025-07-09T00:38:09.359784,0,NVIDIA GeForce RTX 4080 Laptop GPU,5547,12282,6457,45.16,28,53,45.03
2025-07-09T00:38:19.393221,0,NVIDIA GeForce RTX 4080 Laptop GPU,5545,12282,6459,45.15,33,51,30.08
2025-07-09T00:38:29.429407,0,NVIDIA GeForce RTX 4080 Laptop GPU,5545,12282,6459,45.15,30,52,37.59
2025-07-09T00:38:39.457723,0,NVIDIA GeForce RTX 4080 Laptop GPU,5545,12282,6459,45.15,27,53,43.71
2025-07-09T00:38:49.484328,0,NVIDIA GeForce RTX 4080 Laptop GPU,5545,12282,6459,45.15,25,53,42.15
2025-07-09T00:38:59.518490,0,NVIDIA GeForce RTX 4080 Laptop GPU,5545,12282,6459,45.15,36,52,35.66
2025-07-09T00:39:09.543755,0,NVIDIA GeForce RTX 4080 Laptop GPU,5545,12282,6459,45.15,39,52,34.93
2025-07-09T00:39:19.585365,0,NVIDIA GeForce RTX 4080 Laptop GPU,5545,12282,6459,45.15,36,52,31.45
2025-07-09T00:39:29.614943,0,NVIDIA GeForce RTX 4080 Laptop GPU,5545,12282,6459,45.15,20,52,36.43
2025-07-09T00:39:39.642994,0,NVIDIA GeForce RTX 4080 Laptop GPU,5545,12282,6459,45.15,34,53,34.6
2025-07-09T00:39:49.671161,0,NVIDIA GeForce RTX 4080 Laptop GPU,5547,12282,6457,45.16,24,53,40.05
2025-07-09T00:39:59.696580,0,NVIDIA GeForce RTX 4080 Laptop GPU,5547,12282,6457,45.16,26,54,40.45
2025-07-09T00:40:09.726216,0,NVIDIA GeForce RTX 4080 Laptop GPU,5547,12282,6457,45.16,33,53,36.19
2025-07-09T00:40:19.752919,0,NVIDIA GeForce RTX 4080 Laptop GPU,5545,12282,6459,45.15,36,52,30.98
2025-07-09T00:40:29.798267,0,NVIDIA GeForce RTX 4080 Laptop GPU,5545,12282,6459,45.15,30,53,38.03
2025-07-09T00:40:39.834179,0,NVIDIA GeForce RTX 4080 Laptop GPU,5545,12282,6459,45.15,30,53,37.9
2025-07-09T00:40:49.870383,0,NVIDIA GeForce RTX 4080 Laptop GPU,5545,12282,6459,45.15,35,53,42.86
2025-07-09T00:40:59.896227,0,NVIDIA GeForce RTX 4080 Laptop GPU,5545,12282,6459,45.15,42,53,36.45
2025-07-09T00:41:09.930163,0,NVIDIA GeForce RTX 4080 Laptop GPU,5545,12282,6459,45.15,34,53,35.19
2025-07-09T00:41:19.957218,0,NVIDIA GeForce RTX 4080 Laptop GPU,5545,12282,6459,45.15,32,53,40.62
2025-07-09T00:41:29.992234,0,NVIDIA GeForce RTX 4080 Laptop GPU,5545,12282,6459,45.15,35,52,30.28
2025-07-09T00:41:40.014061,0,NVIDIA GeForce RTX 4080 Laptop GPU,5545,12282,6459,45.15,39,53,34.58
2025-07-09T00:41:50.042421,0,NVIDIA GeForce RTX 4080 Laptop GPU,5545,12282,6459,45.15,31,53,42.7
2025-07-09T00:42:00.068143,0,NVIDIA GeForce RTX 4080 Laptop GPU,5545,12282,6459,45.15,40,53,32.59
2025-07-09T00:42:10.101426,0,NVIDIA GeForce RTX 4080 Laptop GPU,5545,12282,6459,45.15,37,52,30.81
2025-07-09T00:42:20.131452,0,NVIDIA GeForce RTX 4080 Laptop GPU,5545,12282,6459,45.15,21,52,30.24
2025-07-09T00:42:30.167610,0,NVIDIA GeForce RTX 4080 Laptop GPU,5545,12282,6459,45.15,37,52,41.02
2025-07-09T00:42:40.200774,0,NVIDIA GeForce RTX 4080 Laptop GPU,5545,12282,6459,45.15,28,52,42.95
2025-07-09T00:42:50.238463,0,NVIDIA GeForce RTX 4080 Laptop GPU,5545,12282,6459,45.15,27,52,41.84
2025-07-09T00:43:00.268426,0,NVIDIA GeForce RTX 4080 Laptop GPU,5545,12282,6459,45.15,25,52,29.48
2025-07-09T00:43:10.293686,0,NVIDIA GeForce RTX 4080 Laptop GPU,5413,12282,6591,44.07,39,52,35.56
2025-07-09T00:43:20.323334,0,NVIDIA GeForce RTX 4080 Laptop GPU,5545,12282,6459,45.15,28,52,39.79
2025-07-09T00:43:30.353921,0,NVIDIA GeForce RTX 4080 Laptop GPU,5545,12282,6459,45.15,32,52,37.54
2025-07-09T00:43:40.380117,0,NVIDIA GeForce RTX 4080 Laptop GPU,5545,12282,6459,45.15,31,53,44.69
2025-07-09T00:43:50.406664,0,NVIDIA GeForce RTX 4080 Laptop GPU,5545,12282,6459,45.15,41,53,38.0
2025-07-09T00:44:00.432974,0,NVIDIA GeForce RTX 4080 Laptop GPU,5545,12282,6459,45.15,29,53,39.98
2025-07-09T00:44:10.464783,0,NVIDIA GeForce RTX 4080 Laptop GPU,5545,12282,6459,45.15,33,53,36.36
2025-07-09T00:44:20.496241,0,NVIDIA GeForce RTX 4080 Laptop GPU,5545,12282,6459,45.15,25,53,42.2
2025-07-09T00:44:30.526281,0,NVIDIA GeForce RTX 4080 Laptop GPU,5545,12282,6459,45.15,43,52,31.91
2025-07-09T00:44:40.555337,0,NVIDIA GeForce RTX 4080 Laptop GPU,5547,12282,6457,45.16,33,53,41.27
2025-07-09T00:44:50.580842,0,NVIDIA GeForce RTX 4080 Laptop GPU,5547,12282,6457,45.16,38,53,32.64
2025-07-09T00:45:00.612374,0,NVIDIA GeForce RTX 4080 Laptop GPU,5547,12282,6457,45.16,39,54,44.91
2025-07-09T00:45:10.645708,0,NVIDIA GeForce RTX 4080 Laptop GPU,5545,12282,6459,45.15,36,53,34.82
2025-07-09T00:45:20.673205,0,NVIDIA GeForce RTX 4080 Laptop GPU,5545,12282,6459,45.15,35,53,40.73
2025-07-09T00:45:30.708864,0,NVIDIA GeForce RTX 4080 Laptop GPU,5545,12282,6459,45.15,30,53,38.04
2025-07-09T00:45:40.734657,0,NVIDIA GeForce RTX 4080 Laptop GPU,5545,12282,6459,45.15,34,52,34.21
2025-07-09T00:45:50.761075,0,NVIDIA GeForce RTX 4080 Laptop GPU,5545,12282,6459,45.15,28,54,42.55
2025-07-09T00:46:00.787868,0,NVIDIA GeForce RTX 4080 Laptop GPU,5545,12282,6459,45.15,28,53,41.73
2025-07-09T00:46:10.816084,0,NVIDIA GeForce RTX 4080 Laptop GPU,5545,12282,6459,45.15,29,52,35.47
2025-07-09T00:46:20.843860,0,NVIDIA GeForce RTX 4080 Laptop GPU,5547,12282,6457,45.16,40,53,37.82
2025-07-09T00:46:30.877815,0,NVIDIA GeForce RTX 4080 Laptop GPU,5545,12282,6459,45.15,32,52,33.8
2025-07-09T00:46:40.915990,0,NVIDIA GeForce RTX 4080 Laptop GPU,5545,12282,6459,45.15,46,54,33.39
2025-07-09T00:46:50.944061,0,NVIDIA GeForce RTX 4080 Laptop GPU,5545,12282,6459,45.15,41,52,33.3
2025-07-09T00:47:00.972132,0,NVIDIA GeForce RTX 4080 Laptop GPU,5545,12282,6459,45.15,35,52,31.53
2025-07-09T00:47:11.000528,0,NVIDIA GeForce RTX 4080 Laptop GPU,5545,12282,6459,45.15,33,52,30.72
2025-07-09T00:47:21.034394,0,NVIDIA GeForce RTX 4080 Laptop GPU,5545,12282,6459,45.15,19,52,41.17
2025-07-09T00:47:31.060150,0,NVIDIA GeForce RTX 4080 Laptop GPU,5545,12282,6459,45.15,29,52,42.74
2025-07-09T00:47:41.086591,0,NVIDIA GeForce RTX 4080 Laptop GPU,5545,12282,6459,45.15,38,52,36.55
2025-07-09T00:47:51.113437,0,NVIDIA GeForce RTX 4080 Laptop GPU,5545,12282,6459,45.15,34,51,29.82
2025-07-09T00:48:01.145587,0,NVIDIA GeForce RTX 4080 Laptop GPU,5547,12282,6457,45.16,31,52,35.22
2025-07-09T00:48:11.175512,0,NVIDIA GeForce RTX 4080 Laptop GPU,5545,12282,6459,45.15,33,51,34.51
2025-07-09T00:48:21.212703,0,NVIDIA GeForce RTX 4080 Laptop GPU,5545,12282,6459,45.15,34,52,42.27
2025-07-09T00:48:31.240284,0,NVIDIA GeForce RTX 4080 Laptop GPU,5545,12282,6459,45.15,31,53,37.9
2025-07-09T00:48:41.275206,0,NVIDIA GeForce RTX 4080 Laptop GPU,5545,12282,6459,45.15,38,52,37.14
2025-07-09T00:48:51.302059,0,NVIDIA GeForce RTX 4080 Laptop GPU,5545,12282,6459,45.15,43,53,34.58
2025-07-09T00:49:01.328559,0,NVIDIA GeForce RTX 4080 Laptop GPU,5545,12282,6459,45.15,27,53,45.58
2025-07-09T00:49:11.361247,0,NVIDIA GeForce RTX 4080 Laptop GPU,5545,12282,6459,45.15,30,53,38.14
2025-07-09T00:49:21.387750,0,NVIDIA GeForce RTX 4080 Laptop GPU,5545,12282,6459,45.15,36,53,41.48
2025-07-09T00:49:31.426950,0,NVIDIA GeForce RTX 4080 Laptop GPU,5545,12282,6459,45.15,23,52,29.72
2025-07-09T00:49:41.462135,0,NVIDIA GeForce RTX 4080 Laptop GPU,5545,12282,6459,45.15,30,52,39.06
2025-07-09T00:49:51.501980,0,NVIDIA GeForce RTX 4080 Laptop GPU,5545,12282,6459,45.15,34,52,36.38
2025-07-09T00:50:01.540032,0,NVIDIA GeForce RTX 4080 Laptop GPU,5545,12282,6459,45.15,43,52,39.22
2025-07-09T00:50:11.570737,0,NVIDIA GeForce RTX 4080 Laptop GPU,5545,12282,6459,45.15,27,53,41.46
2025-07-09T00:50:21.602747,0,NVIDIA GeForce RTX 4080 Laptop GPU,5545,12282,6459,45.15,36,53,41.27
2025-07-09T00:50:31.634045,0,NVIDIA GeForce RTX 4080 Laptop GPU,5545,12282,6459,45.15,42,53,43.17
2025-07-09T00:50:41.662635,0,NVIDIA GeForce RTX 4080 Laptop GPU,5545,12282,6459,45.15,48,53,31.23
2025-07-09T00:50:51.698607,0,NVIDIA GeForce RTX 4080 Laptop GPU,5545,12282,6459,45.15,31,53,38.05
2025-07-09T00:51:01.728800,0,NVIDIA GeForce RTX 4080 Laptop GPU,5545,12282,6459,45.15,36,52,30.04
2025-07-09T00:51:11.767163,0,NVIDIA GeForce RTX 4080 Laptop GPU,5545,12282,6459,45.15,30,52,36.54
2025-07-09T00:51:21.795220,0,NVIDIA GeForce RTX 4080 Laptop GPU,5547,12282,6457,45.16,36,51,31.35
2025-07-09T00:51:31.830869,0,NVIDIA GeForce RTX 4080 Laptop GPU,5545,12282,6459,45.15,33,51,30.04
2025-07-09T00:51:41.866140,0,NVIDIA GeForce RTX 4080 Laptop GPU,5545,12282,6459,45.15,27,52,41.48
2025-07-09T00:51:51.895192,0,NVIDIA GeForce RTX 4080 Laptop GPU,5545,12282,6459,45.15,35,52,37.75
2025-07-09T00:52:01.921757,0,NVIDIA GeForce RTX 4080 Laptop GPU,5545,12282,6459,45.15,41,53,43.47
2025-07-09T00:52:11.965544,0,NVIDIA GeForce RTX 4080 Laptop GPU,5545,12282,6459,45.15,36,53,38.69
2025-07-09T00:52:21.998197,0,NVIDIA GeForce RTX 4080 Laptop GPU,5545,12282,6459,45.15,33,52,36.33
2025-07-09T00:52:32.025474,0,NVIDIA GeForce RTX 4080 Laptop GPU,5545,12282,6459,45.15,35,52,33.42
2025-07-09T00:52:42.054048,0,NVIDIA GeForce RTX 4080 Laptop GPU,5545,12282,6459,45.15,22,52,42.97
2025-07-09T00:52:52.085690,0,NVIDIA GeForce RTX 4080 Laptop GPU,5545,12282,6459,45.15,28,52,35.94
2025-07-09T00:53:02.119689,0,NVIDIA GeForce RTX 4080 Laptop GPU,5547,12282,6457,45.16,30,53,34.04
2025-07-09T00:53:12.145905,0,NVIDIA GeForce RTX 4080 Laptop GPU,5545,12282,6459,45.15,38,53,45.45
2025-07-09T00:53:22.174172,0,NVIDIA GeForce RTX 4080 Laptop GPU,5545,12282,6459,45.15,35,52,31.33
2025-07-09T00:53:32.205986,0,NVIDIA GeForce RTX 4080 Laptop GPU,5545,12282,6459,45.15,27,52,33.08
2025-07-09T00:53:42.239820,0,NVIDIA GeForce RTX 4080 Laptop GPU,5545,12282,6459,45.15,35,52,29.83
2025-07-09T00:53:52.266182,0,NVIDIA GeForce RTX 4080 Laptop GPU,5545,12282,6459,45.15,28,53,40.35
2025-07-09T00:54:02.290847,0,NVIDIA GeForce RTX 4080 Laptop GPU,5545,12282,6459,45.15,28,52,37.14
2025-07-09T00:54:12.325444,0,NVIDIA GeForce RTX 4080 Laptop GPU,5545,12282,6459,45.15,26,53,43.61
2025-07-09T00:54:22.350664,0,NVIDIA GeForce RTX 4080 Laptop GPU,5545,12282,6459,45.15,41,52,39.88
2025-07-09T00:54:32.379515,0,NVIDIA GeForce RTX 4080 Laptop GPU,5545,12282,6459,45.15,35,52,30.62
2025-07-09T00:54:42.407242,0,NVIDIA GeForce RTX 4080 Laptop GPU,5545,12282,6459,45.15,33,52,35.37
2025-07-09T00:54:52.435692,0,NVIDIA GeForce RTX 4080 Laptop GPU,5545,12282,6459,45.15,31,51,32.3
2025-07-09T00:55:02.461204,0,NVIDIA GeForce RTX 4080 Laptop GPU,5545,12282,6459,45.15,29,53,42.48
2025-07-09T00:55:12.494262,0,NVIDIA GeForce RTX 4080 Laptop GPU,5545,12282,6459,45.15,34,52,38.14
2025-07-09T00:55:22.524247,0,NVIDIA GeForce RTX 4080 Laptop GPU,5545,12282,6459,45.15,28,52,38.01
2025-07-09T00:55:32.550738,0,NVIDIA GeForce RTX 4080 Laptop GPU,5545,12282,6459,45.15,41,53,38.35
2025-07-09T00:55:42.580138,0,NVIDIA GeForce RTX 4080 Laptop GPU,5545,12282,6459,45.15,30,52,33.88
2025-07-09T00:55:52.609656,0,NVIDIA GeForce RTX 4080 Laptop GPU,5545,12282,6459,45.15,31,53,42.71
2025-07-09T00:56:02.641575,0,NVIDIA GeForce RTX 4080 Laptop GPU,5545,12282,6459,45.15,44,52,35.07
2025-07-09T00:56:12.669876,0,NVIDIA GeForce RTX 4080 Laptop GPU,5545,12282,6459,45.15,40,54,51.14
2025-07-09T00:56:22.696873,0,NVIDIA GeForce RTX 4080 Laptop GPU,5547,12282,6457,45.16,38,55,44.14
2025-07-09T00:56:32.723690,0,NVIDIA GeForce RTX 4080 Laptop GPU,5545,12282,6459,45.15,27,53,38.83
2025-07-09T00:56:42.759198,0,NVIDIA GeForce RTX 4080 Laptop GPU,5545,12282,6459,45.15,29,53,39.05
2025-07-09T00:56:52.791297,0,NVIDIA GeForce RTX 4080 Laptop GPU,5545,12282,6459,45.15,34,52,30.43
2025-07-09T00:57:02.818868,0,NVIDIA GeForce RTX 4080 Laptop GPU,5545,12282,6459,45.15,33,53,36.7
2025-07-09T00:57:12.865716,0,NVIDIA GeForce RTX 4080 Laptop GPU,5545,12282,6459,45.15,36,53,37.69
2025-07-09T00:57:22.899318,0,NVIDIA GeForce RTX 4080 Laptop GPU,5545,12282,6459,45.15,27,54,41.12
2025-07-09T00:57:32.931480,0,NVIDIA GeForce RTX 4080 Laptop GPU,5545,12282,6459,45.15,30,52,39.94
2025-07-09T00:57:42.962008,0,NVIDIA GeForce RTX 4080 Laptop GPU,5545,12282,6459,45.15,31,51,30.61
2025-07-09T00:57:52.996281,0,NVIDIA GeForce RTX 4080 Laptop GPU,5545,12282,6459,45.15,18,53,33.68
2025-07-09T00:58:03.023826,0,NVIDIA GeForce RTX 4080 Laptop GPU,5547,12282,6457,45.16,34,52,34.3
2025-07-09T00:58:13.053116,0,NVIDIA GeForce RTX 4080 Laptop GPU,5545,12282,6459,45.15,47,52,34.33
2025-07-09T00:58:23.080667,0,NVIDIA GeForce RTX 4080 Laptop GPU,5545,12282,6459,45.15,38,53,40.37
2025-07-09T00:58:33.114090,0,NVIDIA GeForce RTX 4080 Laptop GPU,5545,12282,6459,45.15,39,52,41.34
2025-07-09T00:58:43.149779,0,NVIDIA GeForce RTX 4080 Laptop GPU,5545,12282,6459,45.15,31,52,33.99
2025-07-09T00:58:53.179194,0,NVIDIA GeForce RTX 4080 Laptop GPU,5545,12282,6459,45.15,32,52,31.7
2025-07-09T00:59:03.208012,0,NVIDIA GeForce RTX 4080 Laptop GPU,5545,12282,6459,45.15,21,53,35.48
2025-07-09T00:59:13.234938,0,NVIDIA GeForce RTX 4080 Laptop GPU,5545,12282,6459,45.15,29,52,38.47
2025-07-09T00:59:23.269814,0,NVIDIA GeForce RTX 4080 Laptop GPU,5545,12282,6459,45.15,18,54,42.48
2025-07-09T00:59:33.297510,0,NVIDIA GeForce RTX 4080 Laptop GPU,5547,12282,6457,45.16,31,52,36.79
2025-07-09T00:59:43.324087,0,NVIDIA GeForce RTX 4080 Laptop GPU,5545,12282,6459,45.15,30,52,38.88
2025-07-09T00:59:53.354757,0,NVIDIA GeForce RTX 4080 Laptop GPU,5545,12282,6459,45.15,36,52,37.0
2025-07-09T01:00:03.374935,0,NVIDIA GeForce RTX 4080 Laptop GPU,5545,12282,6459,45.15,42,53,39.87
2025-07-09T01:00:13.406145,0,NVIDIA GeForce RTX 4080 Laptop GPU,5545,12282,6459,45.15,38,52,33.74
2025-07-09T01:00:23.436222,0,NVIDIA GeForce RTX 4080 Laptop GPU,5545,12282,6459,45.15,26,52,29.82
2025-07-09T01:00:33.469099,0,NVIDIA GeForce RTX 4080 Laptop GPU,5545,12282,6459,45.15,29,53,42.64
2025-07-09T01:00:43.506125,0,NVIDIA GeForce RTX 4080 Laptop GPU,5545,12282,6459,45.15,33,54,39.41
2025-07-09T01:00:53.538254,0,NVIDIA GeForce RTX 4080 Laptop GPU,5545,12282,6459,45.15,21,53,38.62
2025-07-09T01:01:03.568840,0,NVIDIA GeForce RTX 4080 Laptop GPU,5545,12282,6459,45.15,24,53,41.91
2025-07-09T01:01:13.601877,0,NVIDIA GeForce RTX 4080 Laptop GPU,5547,12282,6457,45.16,28,52,32.82
2025-07-09T01:01:23.629274,0,NVIDIA GeForce RTX 4080 Laptop GPU,5547,12282,6457,45.16,31,53,35.69
2025-07-09T01:01:33.665083,0,NVIDIA GeForce RTX 4080 Laptop GPU,5545,12282,6459,45.15,31,53,35.15
2025-07-09T01:01:43.696360,0,NVIDIA GeForce RTX 4080 Laptop GPU,5545,12282,6459,45.15,37,52,34.58
2025-07-09T01:01:53.725731,0,NVIDIA GeForce RTX 4080 Laptop GPU,5545,12282,6459,45.15,28,52,33.46
2025-07-09T01:02:03.769559,0,NVIDIA GeForce RTX 4080 Laptop GPU,5545,12282,6459,45.15,39,53,46.15
2025-07-09T01:02:13.798106,0,NVIDIA GeForce RTX 4080 Laptop GPU,5545,12282,6459,45.15,34,52,31.15
2025-07-09T01:02:23.826896,0,NVIDIA GeForce RTX 4080 Laptop GPU,5545,12282,6459,45.15,40,52,38.77
2025-07-09T01:02:33.853252,0,NVIDIA GeForce RTX 4080 Laptop GPU,5545,12282,6459,45.15,30,52,41.63
2025-07-09T01:02:43.881651,0,NVIDIA GeForce RTX 4080 Laptop GPU,5545,12282,6459,45.15,39,52,39.92
2025-07-09T01:02:53.908929,0,NVIDIA GeForce RTX 4080 Laptop GPU,5547,12282,6457,45.16,36,52,31.25
2025-07-09T01:03:03.949645,0,NVIDIA GeForce RTX 4080 Laptop GPU,5547,12282,6457,45.16,32,52,34.49
2025-07-09T01:03:13.977328,0,NVIDIA GeForce RTX 4080 Laptop GPU,5545,12282,6459,45.15,35,53,38.76
2025-07-09T01:03:24.011155,0,NVIDIA GeForce RTX 4080 Laptop GPU,5545,12282,6459,45.15,27,51,29.47
2025-07-09T01:03:34.043210,0,NVIDIA GeForce RTX 4080 Laptop GPU,5545,12282,6459,45.15,23,53,33.26
2025-07-09T01:03:44.076454,0,NVIDIA GeForce RTX 4080 Laptop GPU,5545,12282,6459,45.15,40,52,33.74
2025-07-09T01:03:54.112517,0,NVIDIA GeForce RTX 4080 Laptop GPU,5545,12282,6459,45.15,33,53,38.05
2025-07-09T01:04:04.140674,0,NVIDIA GeForce RTX 4080 Laptop GPU,5545,12282,6459,45.15,45,51,29.95
2025-07-09T01:04:14.168118,0,NVIDIA GeForce RTX 4080 Laptop GPU,5545,12282,6459,45.15,37,52,38.76
2025-07-09T01:04:24.202094,0,NVIDIA GeForce RTX 4080 Laptop GPU,5545,12282,6459,45.15,33,51,30.05
2025-07-09T01:04:34.241292,0,NVIDIA GeForce RTX 4080 Laptop GPU,5547,12282,6457,45.16,36,54,43.36
2025-07-09T01:04:44.267546,0,NVIDIA GeForce RTX 4080 Laptop GPU,5545,12282,6459,45.15,35,52,31.97
2025-07-09T01:04:54.314773,0,NVIDIA GeForce RTX 4080 Laptop GPU,5545,12282,6459,45.15,20,52,33.47
2025-07-09T01:05:04.344936,0,NVIDIA GeForce RTX 4080 Laptop GPU,5545,12282,6459,45.15,26,53,45.66
2025-07-09T01:05:14.389381,0,NVIDIA GeForce RTX 4080 Laptop GPU,5545,12282,6459,45.15,32,52,35.97
2025-07-09T01:05:24.417200,0,NVIDIA GeForce RTX 4080 Laptop GPU,5545,12282,6459,45.15,42,53,31.11
2025-07-09T01:05:34.450493,0,NVIDIA GeForce RTX 4080 Laptop GPU,5545,12282,6459,45.15,40,52,32.6
2025-07-09T01:05:44.476613,0,NVIDIA GeForce RTX 4080 Laptop GPU,5545,12282,6459,45.15,33,54,38.2
2025-07-09T01:05:54.502171,0,NVIDIA GeForce RTX 4080 Laptop GPU,5545,12282,6459,45.15,39,53,37.01
2025-07-09T01:06:04.533828,0,NVIDIA GeForce RTX 4080 Laptop GPU,5545,12282,6459,45.15,27,52,36.93
2025-07-09T01:06:14.560604,0,NVIDIA GeForce RTX 4080 Laptop GPU,5545,12282,6459,45.15,38,54,39.76
2025-07-09T01:06:24.600909,0,NVIDIA GeForce RTX 4080 Laptop GPU,5545,12282,6459,45.15,32,53,44.31
2025-07-09T01:06:34.638885,0,NVIDIA GeForce RTX 4080 Laptop GPU,5545,12282,6459,45.15,38,52,40.49
2025-07-09T01:06:44.681206,0,NVIDIA GeForce RTX 4080 Laptop GPU,5545,12282,6459,45.15,27,52,34.61
2025-07-09T01:06:54.719605,0,NVIDIA GeForce RTX 4080 Laptop GPU,5545,12282,6459,45.15,31,53,36.97
2025-07-09T01:07:04.753701,0,NVIDIA GeForce RTX 4080 Laptop GPU,5545,12282,6459,45.15,30,52,42.52
2025-07-09T01:07:14.784078,0,NVIDIA GeForce RTX 4080 Laptop GPU,5545,12282,6459,45.15,29,52,42.74
2025-07-09T01:07:24.810147,0,NVIDIA GeForce RTX 4080 Laptop GPU,5545,12282,6459,45.15,31,54,43.24
2025-07-09T01:07:34.841123,0,NVIDIA GeForce RTX 4080 Laptop GPU,5545,12282,6459,45.15,36,52,39.12
2025-07-09T01:07:44.866433,0,NVIDIA GeForce RTX 4080 Laptop GPU,5545,12282,6459,45.15,22,54,41.78
2025-07-09T01:07:54.903943,0,NVIDIA GeForce RTX 4080 Laptop GPU,5547,12282,6457,45.16,34,51,33.6
2025-07-09T01:08:04.936136,0,NVIDIA GeForce RTX 4080 Laptop GPU,5547,12282,6457,45.16,23,52,37.19
2025-07-09T01:08:14.973113,0,NVIDIA GeForce RTX 4080 Laptop GPU,5545,12282,6459,45.15,31,53,44.85
2025-07-09T01:08:25.005819,0,NVIDIA GeForce RTX 4080 Laptop GPU,5545,12282,6459,45.15,32,52,31.31
2025-07-09T01:08:35.040635,0,NVIDIA GeForce RTX 4080 Laptop GPU,5545,12282,6459,45.15,28,53,41.34
2025-07-09T01:08:45.073013,0,NVIDIA GeForce RTX 4080 Laptop GPU,5545,12282,6459,45.15,31,53,36.11
2025-07-09T01:08:55.104460,0,NVIDIA GeForce RTX 4080 Laptop GPU,5545,12282,6459,45.15,35,53,35.04
2025-07-09T01:09:05.140154,0,NVIDIA GeForce RTX 4080 Laptop GPU,5545,12282,6459,45.15,29,51,30.21
2025-07-09T01:09:15.167353,0,NVIDIA GeForce RTX 4080 Laptop GPU,5545,12282,6459,45.15,35,52,40.05
2025-07-09T01:09:25.200377,0,NVIDIA GeForce RTX 4080 Laptop GPU,5545,12282,6459,45.15,27,53,45.28
2025-07-09T01:09:35.228115,0,NVIDIA GeForce RTX 4080 Laptop GPU,5547,12282,6457,45.16,39,52,35.36
2025-07-09T01:09:45.258890,0,NVIDIA GeForce RTX 4080 Laptop GPU,5545,12282,6459,45.15,26,52,34.56
2025-07-09T01:09:55.288300,0,NVIDIA GeForce RTX 4080 Laptop GPU,5545,12282,6459,45.15,24,51,33.77
2025-07-09T01:10:05.316313,0,NVIDIA GeForce RTX 4080 Laptop GPU,5545,12282,6459,45.15,45,51,32.81
2025-07-09T01:10:15.349886,0,NVIDIA GeForce RTX 4080 Laptop GPU,5545,12282,6459,45.15,31,52,42.26
2025-07-09T01:10:25.373589,0,NVIDIA GeForce RTX 4080 Laptop GPU,5545,12282,6459,45.15,20,52,34.59
2025-07-09T01:10:35.414876,0,NVIDIA GeForce RTX 4080 Laptop GPU,5545,12282,6459,45.15,29,52,41.22
2025-07-09T01:10:45.449712,0,NVIDIA GeForce RTX 4080 Laptop GPU,5545,12282,6459,45.15,31,53,42.07
2025-07-09T01:10:55.481215,0,NVIDIA GeForce RTX 4080 Laptop GPU,5545,12282,6459,45.15,31,52,30.89
2025-07-09T01:11:05.508834,0,NVIDIA GeForce RTX 4080 Laptop GPU,5545,12282,6459,45.15,34,51,31.2
2025-07-09T01:11:15.535238,0,NVIDIA GeForce RTX 4080 Laptop GPU,5545,12282,6459,45.15,38,54,39.26
2025-07-09T01:11:25.562252,0,NVIDIA GeForce RTX 4080 Laptop GPU,5545,12282,6459,45.15,30,52,31.2
2025-07-09T01:11:35.588866,0,NVIDIA GeForce RTX 4080 Laptop GPU,5545,12282,6459,45.15,32,51,30.07
2025-07-09T01:11:45.615975,0,NVIDIA GeForce RTX 4080 Laptop GPU,5545,12282,6459,45.15,29,53,44.05
2025-07-09T01:11:55.643138,0,NVIDIA GeForce RTX 4080 Laptop GPU,5545,12282,6459,45.15,32,52,34.12
2025-07-09T01:12:05.674543,0,NVIDIA GeForce RTX 4080 Laptop GPU,5545,12282,6459,45.15,28,52,35.21
2025-07-09T01:12:15.703057,0,NVIDIA GeForce RTX 4080 Laptop GPU,5545,12282,6459,45.15,40,52,32.3
2025-07-09T01:12:25.730537,0,NVIDIA GeForce RTX 4080 Laptop GPU,5545,12282,6459,45.15,27,53,43.33
2025-07-09T01:12:35.760884,0,NVIDIA GeForce RTX 4080 Laptop GPU,5545,12282,6459,45.15,40,54,40.88
2025-07-09T01:12:45.799726,0,NVIDIA GeForce RTX 4080 Laptop GPU,5545,12282,6459,45.15,23,52,33.9
2025-07-09T01:12:55.825819,0,NVIDIA GeForce RTX 4080 Laptop GPU,5547,12282,6457,45.16,30,52,38.37
2025-07-09T01:13:05.854795,0,NVIDIA GeForce RTX 4080 Laptop GPU,5547,12282,6457,45.16,23,52,35.99
2025-07-09T01:13:15.883678,0,NVIDIA GeForce RTX 4080 Laptop GPU,5545,12282,6459,45.15,36,52,43.82
2025-07-09T01:13:25.906273,0,NVIDIA GeForce RTX 4080 Laptop GPU,5545,12282,6459,45.15,42,53,32.6
2025-07-09T01:13:35.943143,0,NVIDIA GeForce RTX 4080 Laptop GPU,5545,12282,6459,45.15,32,52,37.35
2025-07-09T01:13:45.977831,0,NVIDIA GeForce RTX 4080 Laptop GPU,5545,12282,6459,45.15,32,53,40.4
2025-07-09T01:13:56.006882,0,NVIDIA GeForce RTX 4080 Laptop GPU,5545,12282,6459,45.15,36,53,35.72
2025-07-09T01:14:06.043171,0,NVIDIA GeForce RTX 4080 Laptop GPU,5545,12282,6459,45.15,37,52,36.53
2025-07-09T01:14:16.078986,0,NVIDIA GeForce RTX 4080 Laptop GPU,5545,12282,6459,45.15,43,52,31.33
2025-07-09T01:14:26.108173,0,NVIDIA GeForce RTX 4080 Laptop GPU,5545,12282,6459,45.15,36,51,30.0
2025-07-09T01:14:36.139136,0,NVIDIA GeForce RTX 4080 Laptop GPU,5547,12282,6457,45.16,35,53,41.38
2025-07-09T01:14:46.179059,0,NVIDIA GeForce RTX 4080 Laptop GPU,5545,12282,6459,45.15,33,52,38.01
2025-07-09T01:14:56.205799,0,NVIDIA GeForce RTX 4080 Laptop GPU,5545,12282,6459,45.15,37,54,49.21
2025-07-09T01:15:06.232326,0,NVIDIA GeForce RTX 4080 Laptop GPU,5545,12282,6459,45.15,44,54,40.08
2025-07-09T01:15:16.262548,0,NVIDIA GeForce RTX 4080 Laptop GPU,5545,12282,6459,45.15,29,53,38.27
2025-07-09T01:15:26.304393,0,NVIDIA GeForce RTX 4080 Laptop GPU,5545,12282,6459,45.15,40,53,44.33
2025-07-09T01:15:36.339680,0,NVIDIA GeForce RTX 4080 Laptop GPU,5545,12282,6459,45.15,42,51,31.84
2025-07-09T01:15:46.365428,0,NVIDIA GeForce RTX 4080 Laptop GPU,5545,12282,6459,45.15,26,53,47.92
2025-07-09T01:15:56.391242,0,NVIDIA GeForce RTX 4080 Laptop GPU,5545,12282,6459,45.15,33,51,31.58
2025-07-09T01:16:06.422468,0,NVIDIA GeForce RTX 4080 Laptop GPU,5547,12282,6457,45.16,41,54,46.69
2025-07-09T01:16:16.456727,0,NVIDIA GeForce RTX 4080 Laptop GPU,5545,12282,6459,45.15,31,52,34.33
2025-07-09T01:16:26.483819,0,NVIDIA GeForce RTX 4080 Laptop GPU,5545,12282,6459,45.15,43,53,36.72
2025-07-09T01:16:36.520990,0,NVIDIA GeForce RTX 4080 Laptop GPU,5545,12282,6459,45.15,29,53,47.11
2025-07-09T01:16:46.548100,0,NVIDIA GeForce RTX 4080 Laptop GPU,5545,12282,6459,45.15,32,52,38.26
2025-07-09T01:16:56.581160,0,NVIDIA GeForce RTX 4080 Laptop GPU,5545,12282,6459,45.15,33,52,39.59
2025-07-09T01:17:06.606998,0,NVIDIA GeForce RTX 4080 Laptop GPU,5545,12282,6459,45.15,28,53,43.63
2025-07-09T01:17:16.642237,0,NVIDIA GeForce RTX 4080 Laptop GPU,5545,12282,6459,45.15,25,52,35.33
2025-07-09T01:17:26.679838,0,NVIDIA GeForce RTX 4080 Laptop GPU,5545,12282,6459,45.15,26,53,33.78
2025-07-09T01:17:36.709318,0,NVIDIA GeForce RTX 4080 Laptop GPU,5545,12282,6459,45.15,30,53,36.06
2025-07-09T01:17:46.740467,0,NVIDIA GeForce RTX 4080 Laptop GPU,5547,12282,6457,45.16,34,52,37.46
2025-07-09T01:17:56.772268,0,NVIDIA GeForce RTX 4080 Laptop GPU,5547,12282,6457,45.16,40,53,47.98
2025-07-09T01:18:06.799250,0,NVIDIA GeForce RTX 4080 Laptop GPU,5547,12282,6457,45.16,37,54,45.44
2025-07-09T01:18:16.837752,0,NVIDIA GeForce RTX 4080 Laptop GPU,5545,12282,6459,45.15,27,53,35.04
2025-07-09T01:18:26.877306,0,NVIDIA GeForce RTX 4080 Laptop GPU,5545,12282,6459,45.15,29,52,29.49
2025-07-09T01:18:36.908707,0,NVIDIA GeForce RTX 4080 Laptop GPU,5545,12282,6459,45.15,32,52,39.92
2025-07-09T01:18:46.946415,0,NVIDIA GeForce RTX 4080 Laptop GPU,5545,12282,6459,45.15,19,54,43.17
2025-07-09T01:18:56.976429,0,NVIDIA GeForce RTX 4080 Laptop GPU,5545,12282,6459,45.15,21,52,34.46
2025-07-09T01:19:07.003399,0,NVIDIA GeForce RTX 4080 Laptop GPU,5545,12282,6459,45.15,38,53,39.96
2025-07-09T01:19:17.028078,0,NVIDIA GeForce RTX 4080 Laptop GPU,5545,12282,6459,45.15,33,52,32.92
2025-07-09T01:19:27.057698,0,NVIDIA GeForce RTX 4080 Laptop GPU,5545,12282,6459,45.15,23,52,39.2
2025-07-09T01:19:37.099055,0,NVIDIA GeForce RTX 4080 Laptop GPU,5545,12282,6459,45.15,34,52,36.1
2025-07-09T01:19:47.125949,0,NVIDIA GeForce RTX 4080 Laptop GPU,5545,12282,6459,45.15,34,53,35.29
2025-07-09T01:19:57.155601,0,NVIDIA GeForce RTX 4080 Laptop GPU,5545,12282,6459,45.15,31,52,36.02
2025-07-09T01:20:07.190300,0,NVIDIA GeForce RTX 4080 Laptop GPU,5545,12282,6459,45.15,35,51,30.42
2025-07-09T01:20:17.232958,0,NVIDIA GeForce RTX 4080 Laptop GPU,5545,12282,6459,45.15,28,51,35.66
2025-07-09T01:20:27.253809,0,NVIDIA GeForce RTX 4080 Laptop GPU,5545,12282,6459,45.15,29,51,32.69
2025-07-09T01:20:37.290088,0,NVIDIA GeForce RTX 4080 Laptop GPU,5545,12282,6459,45.15,32,51,34.49
2025-07-09T01:20:47.320253,0,NVIDIA GeForce RTX 4080 Laptop GPU,5545,12282,6459,45.15,31,52,40.11
2025-07-09T01:20:57.349700,0,NVIDIA GeForce RTX 4080 Laptop GPU,5545,12282,6459,45.15,36,52,37.62
2025-07-09T01:21:07.391305,0,NVIDIA GeForce RTX 4080 Laptop GPU,5547,12282,6457,45.16,30,51,35.93
2025-07-09T01:21:17.412721,0,NVIDIA GeForce RTX 4080 Laptop GPU,5545,12282,6459,45.15,38,53,44.24
2025-07-09T01:21:27.437899,0,NVIDIA GeForce RTX 4080 Laptop GPU,5545,12282,6459,45.15,40,54,44.3
2025-07-09T01:21:37.466046,0,NVIDIA GeForce RTX 4080 Laptop GPU,5545,12282,6459,45.15,31,52,40.81
2025-07-09T01:21:47.497151,0,NVIDIA GeForce RTX 4080 Laptop GPU,5545,12282,6459,45.15,38,55,47.53
2025-07-09T01:21:57.527561,0,NVIDIA GeForce RTX 4080 Laptop GPU,5545,12282,6459,45.15,24,53,35.9
2025-07-09T01:22:07.572796,0,NVIDIA GeForce RTX 4080 Laptop GPU,5545,12282,6459,45.15,20,52,35.82
2025-07-09T01:22:17.609009,0,NVIDIA GeForce RTX 4080 Laptop GPU,5545,12282,6459,45.15,33,53,45.92
2025-07-09T01:22:27.643581,0,NVIDIA GeForce RTX 4080 Laptop GPU,5545,12282,6459,45.15,19,52,42.51
2025-07-09T01:22:37.679840,0,NVIDIA GeForce RTX 4080 Laptop GPU,5545,12282,6459,45.15,36,51,29.6
2025-07-09T01:22:47.710869,0,NVIDIA GeForce RTX 4080 Laptop GPU,5547,12282,6457,45.16,25,52,40.01
2025-07-09T01:22:57.739686,0,NVIDIA GeForce RTX 4080 Laptop GPU,5547,12282,6457,45.16,30,53,45.45
2025-07-09T01:23:07.770515,0,NVIDIA GeForce RTX 4080 Laptop GPU,5547,12282,6457,45.16,23,53,37.78
2025-07-09T01:23:17.810154,0,NVIDIA GeForce RTX 4080 Laptop GPU,5545,12282,6459,45.15,28,52,35.9
2025-07-09T01:23:27.838666,0,NVIDIA GeForce RTX 4080 Laptop GPU,5545,12282,6459,45.15,33,53,41.98
2025-07-09T01:23:37.866870,0,NVIDIA GeForce RTX 4080 Laptop GPU,5545,12282,6459,45.15,34,52,36.71
2025-07-09T01:23:47.900150,0,NVIDIA GeForce RTX 4080 Laptop GPU,5545,12282,6459,45.15,35,53,42.04
2025-07-09T01:23:57.935504,0,NVIDIA GeForce RTX 4080 Laptop GPU,5545,12282,6459,45.15,30,53,44.78
2025-07-09T01:24:07.967907,0,NVIDIA GeForce RTX 4080 Laptop GPU,5545,12282,6459,45.15,34,51,30.14
2025-07-09T01:24:17.995348,0,NVIDIA GeForce RTX 4080 Laptop GPU,5545,12282,6459,45.15,26,51,33.51
2025-07-09T01:24:28.028172,0,NVIDIA GeForce RTX 4080 Laptop GPU,5545,12282,6459,45.15,39,52,33.99
2025-07-09T01:24:38.055496,0,NVIDIA GeForce RTX 4080 Laptop GPU,5545,12282,6459,45.15,33,52,44.38
2025-07-09T01:24:48.083261,0,NVIDIA GeForce RTX 4080 Laptop GPU,5545,12282,6459,45.15,38,53,45.02
2025-07-09T01:24:58.115130,0,NVIDIA GeForce RTX 4080 Laptop GPU,5545,12282,6459,45.15,33,51,29.94
2025-07-09T01:25:08.151825,0,NVIDIA GeForce RTX 4080 Laptop GPU,5545,12282,6459,45.15,34,53,36.53
2025-07-09T01:25:18.179628,0,NVIDIA GeForce RTX 4080 Laptop GPU,5545,12282,6459,45.15,37,51,29.3
2025-07-09T01:25:28.210578,0,NVIDIA GeForce RTX 4080 Laptop GPU,5545,12282,6459,45.15,37,51,30.14
2025-07-09T01:25:38.243462,0,NVIDIA GeForce RTX 4080 Laptop GPU,5545,12282,6459,45.15,38,52,40.69
2025-07-09T01:25:48.271449,0,NVIDIA GeForce RTX 4080 Laptop GPU,5545,12282,6459,45.15,41,52,37.68
2025-07-09T01:25:58.299868,0,NVIDIA GeForce RTX 4080 Laptop GPU,5545,12282,6459,45.15,31,52,40.4
2025-07-09T01:26:08.330290,0,NVIDIA GeForce RTX 4080 Laptop GPU,5547,12282,6457,45.16,25,53,44.99
2025-07-09T01:26:18.363297,0,NVIDIA GeForce RTX 4080 Laptop GPU,5545,12282,6459,45.15,38,52,31.14
2025-07-09T01:26:28.393831,0,NVIDIA GeForce RTX 4080 Laptop GPU,5545,12282,6459,45.15,27,52,33.34
2025-07-09T01:26:38.421893,0,NVIDIA GeForce RTX 4080 Laptop GPU,5545,12282,6459,45.15,41,53,39.43
2025-07-09T01:26:48.450857,0,NVIDIA GeForce RTX 4080 Laptop GPU,5545,12282,6459,45.15,30,53,45.7
2025-07-09T01:26:58.482504,0,NVIDIA GeForce RTX 4080 Laptop GPU,5545,12282,6459,45.15,29,53,44.45
2025-07-09T01:27:08.513962,0,NVIDIA GeForce RTX 4080 Laptop GPU,5545,12282,6459,45.15,30,52,35.53
2025-07-09T01:27:18.549550,0,NVIDIA GeForce RTX 4080 Laptop GPU,5545,12282,6459,45.15,26,52,36.87
2025-07-09T01:27:28.582294,0,NVIDIA GeForce RTX 4080 Laptop GPU,5545,12282,6459,45.15,25,51,29.16
2025-07-09T01:27:38.609363,0,NVIDIA GeForce RTX 4080 Laptop GPU,5545,12282,6459,45.15,28,51,31.44
2025-07-09T01:27:48.639033,0,NVIDIA GeForce RTX 4080 Laptop GPU,5547,12282,6457,45.16,44,52,37.7
2025-07-09T01:27:58.665026,0,NVIDIA GeForce RTX 4080 Laptop GPU,5547,12282,6457,45.16,37,52,35.02
2025-07-09T01:28:08.692993,0,NVIDIA GeForce RTX 4080 Laptop GPU,5547,12282,6457,45.16,29,52,43.69
2025-07-09T01:28:18.736200,0,NVIDIA GeForce RTX 4080 Laptop GPU,5545,12282,6459,45.15,31,52,34.85
2025-07-09T01:28:28.764191,0,NVIDIA GeForce RTX 4080 Laptop GPU,5545,12282,6459,45.15,44,52,37.7
2025-07-09T01:28:38.795076,0,NVIDIA GeForce RTX 4080 Laptop GPU,5545,12282,6459,45.15,38,52,34.43
2025-07-09T01:28:48.827133,0,NVIDIA GeForce RTX 4080 Laptop GPU,5545,12282,6459,45.15,31,52,40.0
2025-07-09T01:28:58.854644,0,NVIDIA GeForce RTX 4080 Laptop GPU,5545,12282,6459,45.15,28,54,44.62
2025-07-09T01:29:08.883211,0,NVIDIA GeForce RTX 4080 Laptop GPU,5545,12282,6459,45.15,26,52,37.63
2025-07-09T01:29:18.917343,0,NVIDIA GeForce RTX 4080 Laptop GPU,5545,12282,6459,45.15,33,52,29.69
2025-07-09T01:29:28.937685,0,NVIDIA GeForce RTX 4080 Laptop GPU,5545,12282,6459,45.15,45,52,34.19
2025-07-09T01:29:38.969531,0,NVIDIA GeForce RTX 4080 Laptop GPU,5545,12282,6459,45.15,38,51,36.49
2025-07-09T01:29:48.996164,0,NVIDIA GeForce RTX 4080 Laptop GPU,5545,12282,6459,45.15,48,53,36.1
2025-07-09T01:29:59.028188,0,NVIDIA GeForce RTX 4080 Laptop GPU,5545,12282,6459,45.15,33,52,43.24
2025-07-09T01:30:09.067968,0,NVIDIA GeForce RTX 4080 Laptop GPU,5545,12282,6459,45.15,39,52,36.77
2025-07-09T01:30:19.103862,0,NVIDIA GeForce RTX 4080 Laptop GPU,5545,12282,6459,45.15,35,52,31.52
2025-07-09T01:30:29.130216,0,NVIDIA GeForce RTX 4080 Laptop GPU,5545,12282,6459,45.15,35,51,34.57
2025-07-09T01:30:39.159236,0,NVIDIA GeForce RTX 4080 Laptop GPU,5545,12282,6459,45.15,34,52,40.23
2025-07-09T01:30:49.197787,0,NVIDIA GeForce RTX 4080 Laptop GPU,5545,12282,6459,45.15,44,51,32.64
2025-07-09T01:30:59.224667,0,NVIDIA GeForce RTX 4080 Laptop GPU,5545,12282,6459,45.15,36,51,37.23
2025-07-09T01:31:09.259638,0,NVIDIA GeForce RTX 4080 Laptop GPU,5547,12282,6457,45.16,22,53,44.17
2025-07-09T01:31:19.292936,0,NVIDIA GeForce RTX 4080 Laptop GPU,5545,12282,6459,45.15,30,52,39.12
2025-07-09T01:31:29.320302,0,NVIDIA GeForce RTX 4080 Laptop GPU,5545,12282,6459,45.15,44,51,30.28
2025-07-09T01:31:39.348183,0,NVIDIA GeForce RTX 4080 Laptop GPU,5545,12282,6459,45.15,35,52,31.48
2025-07-09T01:31:49.378842,0,NVIDIA GeForce RTX 4080 Laptop GPU,5545,12282,6459,45.15,35,51,29.94
2025-07-09T01:31:59.409239,0,NVIDIA GeForce RTX 4080 Laptop GPU,5545,12282,6459,45.15,30,51,35.37
2025-07-09T01:32:09.444151,0,NVIDIA GeForce RTX 4080 Laptop GPU,5545,12282,6459,45.15,31,53,45.15
2025-07-09T01:32:19.474278,0,NVIDIA GeForce RTX 4080 Laptop GPU,5545,12282,6459,45.15,28,52,39.97
2025-07-09T01:32:29.504443,0,NVIDIA GeForce RTX 4080 Laptop GPU,5545,12282,6459,45.15,42,52,34.64
2025-07-09T01:32:39.530225,0,NVIDIA GeForce RTX 4080 Laptop GPU,5545,12282,6459,45.15,40,53,38.18
2025-07-09T01:32:49.558558,0,NVIDIA GeForce RTX 4080 Laptop GPU,5547,12282,6457,45.16,35,53,38.92
2025-07-09T01:32:59.584828,0,NVIDIA GeForce RTX 4080 Laptop GPU,5547,12282,6457,45.16,43,51,31.33
2025-07-09T01:33:09.621943,0,NVIDIA GeForce RTX 4080 Laptop GPU,5547,12282,6457,45.16,22,51,33.79
2025-07-09T01:33:19.653041,0,NVIDIA GeForce RTX 4080 Laptop GPU,5545,12282,6459,45.15,25,51,36.84
2025-07-09T01:33:29.683176,0,NVIDIA GeForce RTX 4080 Laptop GPU,5545,12282,6459,45.15,33,51,33.42
2025-07-09T01:33:39.712541,0,NVIDIA GeForce RTX 4080 Laptop GPU,5545,12282,6459,45.15,36,53,42.2
2025-07-09T01:33:49.745939,0,NVIDIA GeForce RTX 4080 Laptop GPU,5545,12282,6459,45.15,30,52,32.75
2025-07-09T01:33:59.776276,0,NVIDIA GeForce RTX 4080 Laptop GPU,5545,12282,6459,45.15,44,53,35.18
2025-07-09T01:34:09.808270,0,NVIDIA GeForce RTX 4080 Laptop GPU,5545,12282,6459,45.15,33,53,32.2
2025-07-09T01:34:19.835062,0,NVIDIA GeForce RTX 4080 Laptop GPU,5545,12282,6459,45.15,36,52,38.23
2025-07-09T01:34:29.873334,0,NVIDIA GeForce RTX 4080 Laptop GPU,5547,12282,6457,45.16,27,51,37.16
2025-07-09T01:34:39.900517,0,NVIDIA GeForce RTX 4080 Laptop GPU,5547,12282,6457,45.16,48,51,31.03
2025-07-09T01:34:49.938300,0,NVIDIA GeForce RTX 4080 Laptop GPU,5545,12282,6459,45.15,28,52,36.27
2025-07-09T01:34:59.963746,0,NVIDIA GeForce RTX 4080 Laptop GPU,5545,12282,6459,45.15,41,52,37.89
2025-07-09T01:35:09.999226,0,NVIDIA GeForce RTX 4080 Laptop GPU,5545,12282,6459,45.15,37,53,39.59
2025-07-09T01:35:20.034334,0,NVIDIA GeForce RTX 4080 Laptop GPU,5545,12282,6459,45.15,45,53,37.28
2025-07-09T01:35:30.067220,0,NVIDIA GeForce RTX 4080 Laptop GPU,5545,12282,6459,45.15,30,53,44.11
2025-07-09T01:35:40.103432,0,NVIDIA GeForce RTX 4080 Laptop GPU,5545,12282,6459,45.15,39,51,29.9
2025-07-09T01:35:50.135726,0,NVIDIA GeForce RTX 4080 Laptop GPU,5545,12282,6459,45.15,31,52,39.2
2025-07-09T01:36:00.163957,0,NVIDIA GeForce RTX 4080 Laptop GPU,5545,12282,6459,45.15,28,53,42.1
2025-07-09T01:36:10.192031,0,NVIDIA GeForce RTX 4080 Laptop GPU,5413,12282,6591,44.07,39,52,37.24
2025-07-09T01:36:20.219328,0,NVIDIA GeForce RTX 4080 Laptop GPU,5545,12282,6459,45.15,42,54,39.74
2025-07-09T01:36:30.258037,0,NVIDIA GeForce RTX 4080 Laptop GPU,5545,12282,6459,45.15,34,51,34.77
2025-07-09T01:36:40.292737,0,NVIDIA GeForce RTX 4080 Laptop GPU,5545,12282,6459,45.15,28,53,39.48
2025-07-09T01:36:50.330504,0,NVIDIA GeForce RTX 4080 Laptop GPU,5545,12282,6459,45.15,24,52,41.6
2025-07-09T01:37:00.362092,0,NVIDIA GeForce RTX 4080 Laptop GPU,5545,12282,6459,45.15,26,52,40.64
2025-07-09T01:37:10.390683,0,NVIDIA GeForce RTX 4080 Laptop GPU,5545,12282,6459,45.15,34,52,30.82
2025-07-09T01:37:20.420913,0,NVIDIA GeForce RTX 4080 Laptop GPU,5545,12282,6459,45.15,30,52,46.09
2025-07-09T01:37:30.452867,0,NVIDIA GeForce RTX 4080 Laptop GPU,5545,12282,6459,45.15,44,52,34.07
2025-07-09T01:37:40.480727,0,NVIDIA GeForce RTX 4080 Laptop GPU,5545,12282,6459,45.15,33,52,41.49
2025-07-09T01:37:50.507873,0,NVIDIA GeForce RTX 4080 Laptop GPU,5547,12282,6457,45.16,40,52,37.76
2025-07-09T01:38:00.531773,0,NVIDIA GeForce RTX 4080 Laptop GPU,5547,12282,6457,45.16,35,51,33.17
2025-07-09T01:38:10.560960,0,NVIDIA GeForce RTX 4080 Laptop GPU,5545,12282,6459,45.15,28,53,45.34
2025-07-09T01:38:20.592955,0,NVIDIA GeForce RTX 4080 Laptop GPU,5545,12282,6459,45.15,23,52,47.18
2025-07-09T01:38:30.620286,0,NVIDIA GeForce RTX 4080 Laptop GPU,5545,12282,6459,45.15,48,53,30.57
2025-07-09T01:38:40.646212,0,NVIDIA GeForce RTX 4080 Laptop GPU,5545,12282,6459,45.15,39,52,39.01
2025-07-09T01:38:50.673630,0,NVIDIA GeForce RTX 4080 Laptop GPU,5545,12282,6459,45.15,38,52,39.36
2025-07-09T01:39:00.707754,0,NVIDIA GeForce RTX 4080 Laptop GPU,5545,12282,6459,45.15,24,52,34.08
2025-07-09T01:39:10.735226,0,NVIDIA GeForce RTX 4080 Laptop GPU,5545,12282,6459,45.15,37,53,42.45
2025-07-09T01:39:20.772935,0,NVIDIA GeForce RTX 4080 Laptop GPU,5545,12282,6459,45.15,26,54,44.21
2025-07-09T01:39:30.804479,0,NVIDIA GeForce RTX 4080 Laptop GPU,5545,12282,6459,45.15,21,52,30.28
2025-07-09T01:39:40.828409,0,NVIDIA GeForce RTX 4080 Laptop GPU,5545,12282,6459,45.15,22,53,41.51
2025-07-09T01:39:50.854621,0,NVIDIA GeForce RTX 4080 Laptop GPU,5545,12282,6459,45.15,28,52,37.02
2025-07-09T01:40:00.880018,0,NVIDIA GeForce RTX 4080 Laptop GPU,5545,12282,6459,45.15,38,52,35.51
2025-07-09T01:40:10.906048,0,NVIDIA GeForce RTX 4080 Laptop GPU,5545,12282,6459,45.15,30,52,35.34
2025-07-09T01:40:20.936890,0,NVIDIA GeForce RTX 4080 Laptop GPU,5545,12282,6459,45.15,34,52,37.42
2025-07-09T01:40:30.976357,0,NVIDIA GeForce RTX 4080 Laptop GPU,5545,12282,6459,45.15,25,52,45.76
2025-07-09T01:40:41.004426,0,NVIDIA GeForce RTX 4080 Laptop GPU,5545,12282,6459,45.15,48,52,32.93
2025-07-09T01:40:51.038583,0,NVIDIA GeForce RTX 4080 Laptop GPU,5545,12282,6459,45.15,30,52,45.08
2025-07-09T01:41:01.063465,0,NVIDIA GeForce RTX 4080 Laptop GPU,5545,12282,6459,45.15,39,52,32.17
2025-07-09T01:41:11.095017,0,NVIDIA GeForce RTX 4080 Laptop GPU,5545,12282,6459,45.15,29,53,39.31
2025-07-09T01:41:21.119999,0,NVIDIA GeForce RTX 4080 Laptop GPU,5545,12282,6459,45.15,35,51,30.76
2025-07-09T01:41:31.146352,0,NVIDIA GeForce RTX 4080 Laptop GPU,5545,12282,6459,45.15,33,51,30.28
2025-07-09T01:41:41.183054,0,NVIDIA GeForce RTX 4080 Laptop GPU,5545,12282,6459,45.15,30,52,43.03
2025-07-09T01:41:51.218394,0,NVIDIA GeForce RTX 4080 Laptop GPU,5545,12282,6459,45.15,32,52,43.57
2025-07-09T01:42:01.245366,0,NVIDIA GeForce RTX 4080 Laptop GPU,5545,12282,6459,45.15,30,51,36.64
2025-07-09T01:42:11.271959,0,NVIDIA GeForce RTX 4080 Laptop GPU,5545,12282,6459,45.15,21,51,35.15
2025-07-09T01:42:21.298756,0,NVIDIA GeForce RTX 4080 Laptop GPU,5545,12282,6459,45.15,43,52,35.96
2025-07-09T01:42:31.334545,0,NVIDIA GeForce RTX 4080 Laptop GPU,5545,12282,6459,45.15,30,51,42.83
2025-07-09T01:42:41.367730,0,NVIDIA GeForce RTX 4080 Laptop GPU,5545,12282,6459,45.15,32,51,31.68
2025-07-09T01:42:51.397785,0,NVIDIA GeForce RTX 4080 Laptop GPU,5547,12282,6457,45.16,30,51,40.15
2025-07-09T01:43:01.424245,0,NVIDIA GeForce RTX 4080 Laptop GPU,5547,12282,6457,45.16,29,52,36.35
2025-07-09T01:43:11.458064,0,NVIDIA GeForce RTX 4080 Laptop GPU,5545,12282,6459,45.15,27,51,35.61
2025-07-09T01:43:21.491758,0,NVIDIA GeForce RTX 4080 Laptop GPU,5545,12282,6459,45.15,37,51,37.13
2025-07-09T01:43:31.534551,0,NVIDIA GeForce RTX 4080 Laptop GPU,5545,12282,6459,45.15,25,51,33.76
2025-07-09T01:43:41.575189,0,NVIDIA GeForce RTX 4080 Laptop GPU,5545,12282,6459,45.15,26,52,38.19
2025-07-09T01:43:51.604041,0,NVIDIA GeForce RTX 4080 Laptop GPU,5545,12282,6459,45.15,35,51,33.93
2025-07-09T01:44:01.631650,0,NVIDIA GeForce RTX 4080 Laptop GPU,5545,12282,6459,45.15,33,51,32.42
2025-07-09T01:44:11.660176,0,NVIDIA GeForce RTX 4080 Laptop GPU,5545,12282,6459,45.15,45,51,30.95
2025-07-09T01:44:21.686164,0,NVIDIA GeForce RTX 4080 Laptop GPU,5545,12282,6459,45.15,38,52,46.32
2025-07-09T01:44:31.727544,0,NVIDIA GeForce RTX 4080 Laptop GPU,5545,12282,6459,45.15,33,51,34.31
2025-07-09T01:44:41.760394,0,NVIDIA GeForce RTX 4080 Laptop GPU,5545,12282,6459,45.15,29,51,42.75
2025-07-09T01:44:51.785493,0,NVIDIA GeForce RTX 4080 Laptop GPU,5545,12282,6459,45.15,30,52,43.38
2025-07-09T01:45:01.814571,0,NVIDIA GeForce RTX 4080 Laptop GPU,5545,12282,6459,45.15,29,51,36.94
2025-07-09T01:45:11.840915,0,NVIDIA GeForce RTX 4080 Laptop GPU,5545,12282,6459,45.15,33,52,38.24
2025-07-09T01:45:21.875955,0,NVIDIA GeForce RTX 4080 Laptop GPU,5545,12282,6459,45.15,30,52,48.71
2025-07-09T01:45:31.903628,0,NVIDIA GeForce RTX 4080 Laptop GPU,5545,12282,6459,45.15,29,52,40.39
2025-07-09T01:45:41.938444,0,NVIDIA GeForce RTX 4080 Laptop GPU,5545,12282,6459,45.15,32,52,35.08
2025-07-09T01:45:51.969585,0,NVIDIA GeForce RTX 4080 Laptop GPU,5545,12282,6459,45.15,33,52,37.72
2025-07-09T01:46:01.996290,0,NVIDIA GeForce RTX 4080 Laptop GPU,5545,12282,6459,45.15,35,52,38.82
2025-07-09T01:46:12.027612,0,NVIDIA GeForce RTX 4080 Laptop GPU,5545,12282,6459,45.15,39,51,35.95
2025-07-09T01:46:22.065187,0,NVIDIA GeForce RTX 4080 Laptop GPU,5545,12282,6459,45.15,38,51,38.19
2025-07-09T01:46:32.095135,0,NVIDIA GeForce RTX 4080 Laptop GPU,5545,12282,6459,45.15,31,51,41.02
2025-07-09T01:46:42.123094,0,NVIDIA GeForce RTX 4080 Laptop GPU,5545,12282,6459,45.15,28,52,41.99
2025-07-09T01:46:52.151756,0,NVIDIA GeForce RTX 4080 Laptop GPU,5545,12282,6459,45.15,32,52,39.63
2025-07-09T01:47:02.183211,0,NVIDIA GeForce RTX 4080 Laptop GPU,5545,12282,6459,45.15,31,51,32.66
2025-07-09T01:47:12.220865,0,NVIDIA GeForce RTX 4080 Laptop GPU,5545,12282,6459,45.15,29,51,33.21
2025-07-09T01:47:22.268082,0,NVIDIA GeForce RTX 4080 Laptop GPU,5545,12282,6459,45.15,44,52,39.22
2025-07-09T01:47:32.297902,0,NVIDIA GeForce RTX 4080 Laptop GPU,5545,12282,6459,45.15,38,52,42.97
2025-07-09T01:47:42.333002,0,NVIDIA GeForce RTX 4080 Laptop GPU,5545,12282,6459,45.15,31,52,34.53
2025-07-09T01:47:52.363656,0,NVIDIA GeForce RTX 4080 Laptop GPU,5547,12282,6457,45.16,36,53,34.85
2025-07-09T01:48:02.399176,0,NVIDIA GeForce RTX 4080 Laptop GPU,5547,12282,6457,45.16,22,52,28.27
2025-07-09T01:48:12.436788,0,NVIDIA GeForce RTX 4080 Laptop GPU,5545,12282,6459,45.15,29,51,41.84
2025-07-09T01:48:22.469362,0,NVIDIA GeForce RTX 4080 Laptop GPU,5545,12282,6459,45.15,23,52,45.79
2025-07-09T01:48:32.497276,0,NVIDIA GeForce RTX 4080 Laptop GPU,5545,12282,6459,45.15,28,51,37.3
2025-07-09T01:48:42.530161,0,NVIDIA GeForce RTX 4080 Laptop GPU,5545,12282,6459,45.15,34,53,33.29
2025-07-09T01:48:52.566140,0,NVIDIA GeForce RTX 4080 Laptop GPU,5545,12282,6459,45.15,30,51,36.03
2025-07-09T01:49:02.596642,0,NVIDIA GeForce RTX 4080 Laptop GPU,5545,12282,6459,45.15,33,51,39.21
2025-07-09T01:49:12.631496,0,NVIDIA GeForce RTX 4080 Laptop GPU,5545,12282,6459,45.15,33,51,37.18
2025-07-09T01:49:22.658816,0,NVIDIA GeForce RTX 4080 Laptop GPU,5545,12282,6459,45.15,38,52,39.21
2025-07-09T01:49:32.687800,0,NVIDIA GeForce RTX 4080 Laptop GPU,5547,12282,6457,45.16,32,51,29.91
2025-07-09T01:49:42.717678,0,NVIDIA GeForce RTX 4080 Laptop GPU,5545,12282,6459,45.15,23,52,36.13
2025-07-09T01:49:52.748582,0,NVIDIA GeForce RTX 4080 Laptop GPU,5545,12282,6459,45.15,30,52,43.53
2025-07-09T01:50:02.780317,0,NVIDIA GeForce RTX 4080 Laptop GPU,5545,12282,6459,45.15,36,52,34.57
2025-07-09T01:50:12.812465,0,NVIDIA GeForce RTX 4080 Laptop GPU,5545,12282,6459,45.15,27,52,32.91
2025-07-09T01:50:22.845716,0,NVIDIA GeForce RTX 4080 Laptop GPU,5545,12282,6459,45.15,23,51,31.53
2025-07-09T01:50:32.874779,0,NVIDIA GeForce RTX 4080 Laptop GPU,5545,12282,6459,45.15,28,52,42.47
2025-07-09T01:50:42.904653,0,NVIDIA GeForce RTX 4080 Laptop GPU,5545,12282,6459,45.15,37,51,37.08
2025-07-09T01:50:52.925153,0,NVIDIA GeForce RTX 4080 Laptop GPU,5545,12282,6459,45.15,36,51,30.14
2025-07-09T01:51:02.957157,0,NVIDIA GeForce RTX 4080 Laptop GPU,5545,12282,6459,45.15,33,52,35.92
2025-07-09T01:51:12.993301,0,NVIDIA GeForce RTX 4080 Laptop GPU,5545,12282,6459,45.15,31,52,43.36
2025-07-09T01:51:23.019619,0,NVIDIA GeForce RTX 4080 Laptop GPU,5545,12282,6459,45.15,25,51,32.35
2025-07-09T01:51:33.051279,0,NVIDIA GeForce RTX 4080 Laptop GPU,5545,12282,6459,45.15,28,51,41.56
2025-07-09T01:51:43.081982,0,NVIDIA GeForce RTX 4080 Laptop GPU,5545,12282,6459,45.15,33,52,42.38
2025-07-09T01:51:53.116521,0,NVIDIA GeForce RTX 4080 Laptop GPU,5545,12282,6459,45.15,37,52,42.7
2025-07-09T01:52:03.150830,0,NVIDIA GeForce RTX 4080 Laptop GPU,5545,12282,6459,45.15,39,52,34.06
2025-07-09T01:52:13.180168,0,NVIDIA GeForce RTX 4080 Laptop GPU,5545,12282,6459,45.15,33,52,36.91
2025-07-09T01:52:23.207518,0,NVIDIA GeForce RTX 4080 Laptop GPU,5545,12282,6459,45.15,34,52,43.74
2025-07-09T01:52:33.242027,0,NVIDIA GeForce RTX 4080 Laptop GPU,5545,12282,6459,45.15,37,52,33.25
2025-07-09T01:52:43.279324,0,NVIDIA GeForce RTX 4080 Laptop GPU,5545,12282,6459,45.15,35,51,34.85
2025-07-09T01:52:53.318407,0,NVIDIA GeForce RTX 4080 Laptop GPU,5547,12282,6457,45.16,32,51,35.57
2025-07-09T01:53:03.354902,0,NVIDIA GeForce RTX 4080 Laptop GPU,5547,12282,6457,45.16,18,52,44.22
2025-07-09T01:53:13.388780,0,NVIDIA GeForce RTX 4080 Laptop GPU,5545,12282,6459,45.15,38,53,35.01
2025-07-09T01:53:23.415778,0,NVIDIA GeForce RTX 4080 Laptop GPU,5545,12282,6459,45.15,21,52,35.15
2025-07-09T01:53:33.445236,0,NVIDIA GeForce RTX 4080 Laptop GPU,5545,12282,6459,45.15,41,52,39.12
2025-07-09T01:53:43.471632,0,NVIDIA GeForce RTX 4080 Laptop GPU,5545,12282,6459,45.15,36,52,40.48
2025-07-09T01:53:53.497281,0,NVIDIA GeForce RTX 4080 Laptop GPU,5545,12282,6459,45.15,37,53,44.31
2025-07-09T01:54:03.534828,0,NVIDIA GeForce RTX 4080 Laptop GPU,5545,12282,6459,45.15,33,52,38.5
2025-07-09T01:54:13.564557,0,NVIDIA GeForce RTX 4080 Laptop GPU,5545,12282,6459,45.15,38,52,35.07
2025-07-09T01:54:23.599488,0,NVIDIA GeForce RTX 4080 Laptop GPU,5545,12282,6459,45.15,28,52,38.64
2025-07-09T01:54:33.629577,0,NVIDIA GeForce RTX 4080 Laptop GPU,5545,12282,6459,45.15,40,51,32.85
2025-07-09T01:54:43.658052,0,NVIDIA GeForce RTX 4080 Laptop GPU,5545,12282,6459,45.15,29,51,38.04
2025-07-09T01:54:53.685716,0,NVIDIA GeForce RTX 4080 Laptop GPU,5545,12282,6459,45.15,23,51,33.2
2025-07-09T01:55:03.716060,0,NVIDIA GeForce RTX 4080 Laptop GPU,5545,12282,6459,45.15,42,52,42.53
2025-07-09T01:55:13.744919,0,NVIDIA GeForce RTX 4080 Laptop GPU,5545,12282,6459,45.15,29,51,38.99
2025-07-09T01:55:23.772001,0,NVIDIA GeForce RTX 4080 Laptop GPU,5545,12282,6459,45.15,37,54,44.72
2025-07-09T01:55:33.800738,0,NVIDIA GeForce RTX 4080 Laptop GPU,5545,12282,6459,45.15,41,51,36.31
2025-07-09T01:55:43.827131,0,NVIDIA GeForce RTX 4080 Laptop GPU,5545,12282,6459,45.15,33,52,41.59
2025-07-09T01:55:53.863188,0,NVIDIA GeForce RTX 4080 Laptop GPU,5545,12282,6459,45.15,38,52,39.6
2025-07-09T01:56:03.901218,0,NVIDIA GeForce RTX 4080 Laptop GPU,5545,12282,6459,45.15,29,52,38.98
2025-07-09T01:56:13.927790,0,NVIDIA GeForce RTX 4080 Laptop GPU,5545,12282,6459,45.15,35,52,39.36
2025-07-09T01:56:23.956647,0,NVIDIA GeForce RTX 4080 Laptop GPU,5545,12282,6459,45.15,30,53,45.28
2025-07-09T01:56:33.983805,0,NVIDIA GeForce RTX 4080 Laptop GPU,5545,12282,6459,45.15,24,52,37.88
2025-07-09T01:56:44.011220,0,NVIDIA GeForce RTX 4080 Laptop GPU,5545,12282,6459,45.15,32,53,45.62
2025-07-09T01:56:54.033317,0,NVIDIA GeForce RTX 4080 Laptop GPU,5545,12282,6459,45.15,33,51,32.14
2025-07-09T01:57:04.075159,0,NVIDIA GeForce RTX 4080 Laptop GPU,5545,12282,6459,45.15,27,51,33.58
2025-07-09T01:57:14.111334,0,NVIDIA GeForce RTX 4080 Laptop GPU,5545,12282,6459,45.15,24,52,33.25
2025-07-09T01:57:24.138266,0,NVIDIA GeForce RTX 4080 Laptop GPU,5545,12282,6459,45.15,21,52,38.07
2025-07-09T01:57:34.179613,0,NVIDIA GeForce RTX 4080 Laptop GPU,5545,12282,6459,45.15,41,51,36.09
2025-07-09T01:57:44.215930,0,NVIDIA GeForce RTX 4080 Laptop GPU,5547,12282,6457,45.16,43,51,31.77
2025-07-09T01:57:54.243397,0,NVIDIA GeForce RTX 4080 Laptop GPU,5547,12282,6457,45.16,24,51,32.44
2025-07-09T01:58:04.271374,0,NVIDIA GeForce RTX 4080 Laptop GPU,5547,12282,6457,45.16,17,52,36.03
2025-07-09T01:58:14.302774,0,NVIDIA GeForce RTX 4080 Laptop GPU,5545,12282,6459,45.15,31,51,31.17
2025-07-09T01:58:24.319401,0,NVIDIA GeForce RTX 4080 Laptop GPU,5545,12282,6459,45.15,30,53,42.11
2025-07-09T01:58:34.347504,0,NVIDIA GeForce RTX 4080 Laptop GPU,5545,12282,6459,45.15,43,53,45.12
2025-07-09T01:58:44.378490,0,NVIDIA GeForce RTX 4080 Laptop GPU,5545,12282,6459,45.15,36,53,44.32
2025-07-09T01:58:54.405779,0,NVIDIA GeForce RTX 4080 Laptop GPU,5545,12282,6459,45.15,29,53,45.71
2025-07-09T01:59:04.436226,0,NVIDIA GeForce RTX 4080 Laptop GPU,5545,12282,6459,45.15,31,52,36.64
2025-07-09T01:59:14.463145,0,NVIDIA GeForce RTX 4080 Laptop GPU,5545,12282,6459,45.15,40,52,30.81
2025-07-09T01:59:24.493277,0,NVIDIA GeForce RTX 4080 Laptop GPU,5547,12282,6457,45.16,48,52,36.35
2025-07-09T01:59:34.520468,0,NVIDIA GeForce RTX 4080 Laptop GPU,5545,12282,6459,45.15,21,51,32.1
2025-07-09T01:59:44.551109,0,NVIDIA GeForce RTX 4080 Laptop GPU,5545,12282,6459,45.15,27,51,36.58
2025-07-09T01:59:54.572555,0,NVIDIA GeForce RTX 4080 Laptop GPU,5545,12282,6459,45.15,27,51,36.37
2025-07-09T02:00:04.599304,0,NVIDIA GeForce RTX 4080 Laptop GPU,5545,12282,6459,45.15,37,51,30.79
2025-07-09T02:00:14.629458,0,NVIDIA GeForce RTX 4080 Laptop GPU,5545,12282,6459,45.15,42,52,36.93
2025-07-09T02:00:24.666608,0,NVIDIA GeForce RTX 4080 Laptop GPU,5545,12282,6459,45.15,33,52,37.83
2025-07-09T02:00:34.695150,0,NVIDIA GeForce RTX 4080 Laptop GPU,5545,12282,6459,45.15,29,51,36.94
2025-07-09T02:00:44.732307,0,NVIDIA GeForce RTX 4080 Laptop GPU,5545,12282,6459,45.15,39,54,41.31
2025-07-09T02:00:54.765246,0,NVIDIA GeForce RTX 4080 Laptop GPU,5545,12282,6459,45.15,39,51,29.16
2025-07-09T02:01:04.797162,0,NVIDIA GeForce RTX 4080 Laptop GPU,5547,12282,6457,45.16,43,52,31.09
2025-07-09T02:01:14.822913,0,NVIDIA GeForce RTX 4080 Laptop GPU,5545,12282,6459,45.15,47,51,34.45
2025-07-09T02:01:24.853122,0,NVIDIA GeForce RTX 4080 Laptop GPU,5545,12282,6459,45.15,31,51,28.86
2025-07-09T02:01:34.884567,0,NVIDIA GeForce RTX 4080 Laptop GPU,5545,12282,6459,45.15,31,52,45.37
2025-07-09T02:01:44.911464,0,NVIDIA GeForce RTX 4080 Laptop GPU,5545,12282,6459,45.15,41,52,41.63
2025-07-09T02:01:54.940331,0,NVIDIA GeForce RTX 4080 Laptop GPU,5545,12282,6459,45.15,38,51,34.13
2025-07-09T02:02:04.978106,0,NVIDIA GeForce RTX 4080 Laptop GPU,5545,12282,6459,45.15,31,52,42.79
2025-07-09T02:02:15.011675,0,NVIDIA GeForce RTX 4080 Laptop GPU,5545,12282,6459,45.15,29,51,30.08
2025-07-09T02:02:25.038206,0,NVIDIA GeForce RTX 4080 Laptop GPU,5545,12282,6459,45.15,38,51,35.18
2025-07-09T02:02:35.072250,0,NVIDIA GeForce RTX 4080 Laptop GPU,5545,12282,6459,45.15,34,52,48.96
2025-07-09T02:02:45.100851,0,NVIDIA GeForce RTX 4080 Laptop GPU,5547,12282,6457,45.16,34,51,30.71
2025-07-09T02:02:55.130917,0,NVIDIA GeForce RTX 4080 Laptop GPU,5547,12282,6457,45.16,29,52,36.68
2025-07-09T02:03:05.163856,0,NVIDIA GeForce RTX 4080 Laptop GPU,5547,12282,6457,45.16,33,51,31.19
2025-07-09T02:03:15.190687,0,NVIDIA GeForce RTX 4080 Laptop GPU,5545,12282,6459,45.15,40,53,45.9
2025-07-09T02:03:25.217682,0,NVIDIA GeForce RTX 4080 Laptop GPU,5545,12282,6459,45.15,28,53,37.47
2025-07-09T02:03:35.242851,0,NVIDIA GeForce RTX 4080 Laptop GPU,5545,12282,6459,45.15,39,52,37.59
2025-07-09T02:03:45.272777,0,NVIDIA GeForce RTX 4080 Laptop GPU,5545,12282,6459,45.15,41,51,29.37
2025-07-09T02:03:55.308062,0,NVIDIA GeForce RTX 4080 Laptop GPU,5545,12282,6459,45.15,28,51,36.88
2025-07-09T02:04:05.337767,0,NVIDIA GeForce RTX 4080 Laptop GPU,5545,12282,6459,45.15,33,52,34.47
2025-07-09T02:04:15.362730,0,NVIDIA GeForce RTX 4080 Laptop GPU,5545,12282,6459,45.15,34,54,47.55
2025-07-09T02:04:25.390770,0,NVIDIA GeForce RTX 4080 Laptop GPU,5547,12282,6457,45.16,38,51,29.7
2025-07-09T02:04:35.420321,0,NVIDIA GeForce RTX 4080 Laptop GPU,5545,12282,6459,45.15,31,51,39.75
2025-07-09T02:04:45.456811,0,NVIDIA GeForce RTX 4080 Laptop GPU,5545,12282,6459,45.15,28,52,34.35
2025-07-09T02:04:55.483889,0,NVIDIA GeForce RTX 4080 Laptop GPU,5545,12282,6459,45.15,35,52,37.8
2025-07-09T02:05:05.519906,0,NVIDIA GeForce RTX 4080 Laptop GPU,5545,12282,6459,45.15,23,53,40.05
2025-07-09T02:05:15.548857,0,NVIDIA GeForce RTX 4080 Laptop GPU,5545,12282,6459,45.15,39,52,33.03
2025-07-09T02:05:25.579893,0,NVIDIA GeForce RTX 4080 Laptop GPU,5545,12282,6459,45.15,37,51,31.54
2025-07-09T02:05:35.609905,0,NVIDIA GeForce RTX 4080 Laptop GPU,5545,12282,6459,45.15,30,51,36.73
2025-07-09T02:05:45.635805,0,NVIDIA GeForce RTX 4080 Laptop GPU,5545,12282,6459,45.15,29,51,36.32
2025-07-09T02:05:55.663479,0,NVIDIA GeForce RTX 4080 Laptop GPU,5545,12282,6459,45.15,26,54,47.0
2025-07-09T02:06:05.695865,0,NVIDIA GeForce RTX 4080 Laptop GPU,5547,12282,6457,45.16,40,53,46.26
2025-07-09T02:06:15.734484,0,NVIDIA GeForce RTX 4080 Laptop GPU,5545,12282,6459,45.15,36,52,39.29
2025-07-09T02:06:25.758528,0,NVIDIA GeForce RTX 4080 Laptop GPU,5415,12282,6589,44.09,31,52,39.08
2025-07-09T02:06:35.784895,0,NVIDIA GeForce RTX 4080 Laptop GPU,5545,12282,6459,45.15,32,51,35.03
2025-07-09T02:06:45.812869,0,NVIDIA GeForce RTX 4080 Laptop GPU,5545,12282,6459,45.15,28,52,39.91
2025-07-09T02:06:55.845797,0,NVIDIA GeForce RTX 4080 Laptop GPU,5545,12282,6459,45.15,39,51,31.4
2025-07-09T02:07:05.876141,0,NVIDIA GeForce RTX 4080 Laptop GPU,5545,12282,6459,45.15,33,53,39.58
2025-07-09T02:07:15.909584,0,NVIDIA GeForce RTX 4080 Laptop GPU,5545,12282,6459,45.15,34,52,36.21
2025-07-09T02:07:25.937532,0,NVIDIA GeForce RTX 4080 Laptop GPU,5545,12282,6459,45.15,35,54,44.61
2025-07-09T02:07:35.973285,0,NVIDIA GeForce RTX 4080 Laptop GPU,5545,12282,6459,45.15,48,51,33.15
2025-07-09T02:07:46.003265,0,NVIDIA GeForce RTX 4080 Laptop GPU,5547,12282,6457,45.16,23,53,45.66
2025-07-09T02:07:56.057085,0,NVIDIA GeForce RTX 4080 Laptop GPU,5547,12282,6457,45.16,20,52,45.31
2025-07-09T02:08:06.084131,0,NVIDIA GeForce RTX 4080 Laptop GPU,5547,12282,6457,45.16,26,52,40.25
2025-07-09T02:08:16.117431,0,NVIDIA GeForce RTX 4080 Laptop GPU,5545,12282,6459,45.15,29,52,39.41
2025-07-09T02:08:26.152374,0,NVIDIA GeForce RTX 4080 Laptop GPU,5545,12282,6459,45.15,33,52,38.65
2025-07-09T02:08:36.187180,0,NVIDIA GeForce RTX 4080 Laptop GPU,5545,12282,6459,45.15,33,52,31.99
2025-07-09T02:08:46.213853,0,NVIDIA GeForce RTX 4080 Laptop GPU,5545,12282,6459,45.15,32,53,43.55
2025-07-09T02:08:56.256183,0,NVIDIA GeForce RTX 4080 Laptop GPU,5545,12282,6459,45.15,30,53,36.28
2025-07-09T02:09:06.283248,0,NVIDIA GeForce RTX 4080 Laptop GPU,5545,12282,6459,45.15,30,52,43.36
2025-07-09T02:09:16.308906,0,NVIDIA GeForce RTX 4080 Laptop GPU,5545,12282,6459,45.15,34,55,44.68
2025-07-09T02:09:26.336378,0,NVIDIA GeForce RTX 4080 Laptop GPU,5545,12282,6459,45.15,31,51,35.04
2025-07-09T02:09:36.364025,0,NVIDIA GeForce RTX 4080 Laptop GPU,5545,12282,6459,45.15,32,53,36.54
2025-07-09T02:09:46.393728,0,NVIDIA GeForce RTX 4080 Laptop GPU,5545,12282,6459,45.15,26,53,43.81
2025-07-09T02:09:56.424699,0,NVIDIA GeForce RTX 4080 Laptop GPU,5545,12282,6459,45.15,37,52,35.67
2025-07-09T02:10:06.457784,0,NVIDIA GeForce RTX 4080 Laptop GPU,5545,12282,6459,45.15,35,52,37.37
2025-07-09T02:10:16.486788,0,NVIDIA GeForce RTX 4080 Laptop GPU,5545,12282,6459,45.15,34,52,35.05
2025-07-09T02:10:26.514993,0,NVIDIA GeForce RTX 4080 Laptop GPU,5545,12282,6459,45.15,29,53,38.88
2025-07-09T02:10:36.551587,0,NVIDIA GeForce RTX 4080 Laptop GPU,5545,12282,6459,45.15,31,52,31.53
2025-07-09T02:10:46.583595,0,NVIDIA GeForce RTX 4080 Laptop GPU,5545,12282,6459,45.15,36,52,30.37
2025-07-09T02:10:56.623971,0,NVIDIA GeForce RTX 4080 Laptop GPU,5545,12282,6459,45.15,31,51,38.24
2025-07-09T02:11:06.659817,0,NVIDIA GeForce RTX 4080 Laptop GPU,5547,12282,6457,45.16,32,53,44.07
2025-07-09T02:11:16.688302,0,NVIDIA GeForce RTX 4080 Laptop GPU,5545,12282,6459,45.15,29,52,43.26
2025-07-09T02:11:26.722455,0,NVIDIA GeForce RTX 4080 Laptop GPU,5545,12282,6459,45.15,34,51,33.23
2025-07-09T02:11:36.755373,0,NVIDIA GeForce RTX 4080 Laptop GPU,5545,12282,6459,45.15,34,53,42.97
2025-07-09T02:11:46.787868,0,NVIDIA GeForce RTX 4080 Laptop GPU,5545,12282,6459,45.15,35,52,33.19
2025-07-09T02:11:56.820348,0,NVIDIA GeForce RTX 4080 Laptop GPU,5545,12282,6459,45.15,25,52,43.55
2025-07-09T02:12:06.845922,0,NVIDIA GeForce RTX 4080 Laptop GPU,5545,12282,6459,45.15,44,53,38.56
2025-07-09T02:12:16.880628,0,NVIDIA GeForce RTX 4080 Laptop GPU,5545,12282,6459,45.15,29,52,34.6
2025-07-09T02:12:26.916274,0,NVIDIA GeForce RTX 4080 Laptop GPU,5545,12282,6459,45.15,38,53,43.65
2025-07-09T02:12:36.944381,0,NVIDIA GeForce RTX 4080 Laptop GPU,5547,12282,6457,45.16,24,51,30.63
2025-07-09T02:12:46.971552,0,NVIDIA GeForce RTX 4080 Laptop GPU,5545,12282,6459,45.15,37,53,35.02
2025-07-09T02:12:56.997617,0,NVIDIA GeForce RTX 4080 Laptop GPU,5545,12282,6459,45.15,44,52,36.51
2025-07-09T02:13:07.024144,0,NVIDIA GeForce RTX 4080 Laptop GPU,5545,12282,6459,45.15,30,52,44.4
2025-07-09T02:13:17.063355,0,NVIDIA GeForce RTX 4080 Laptop GPU,5545,12282,6459,45.15,32,51,31.46
2025-07-09T02:13:27.089395,0,NVIDIA GeForce RTX 4080 Laptop GPU,5545,12282,6459,45.15,29,52,46.09
2025-07-09T02:13:37.117660,0,NVIDIA GeForce RTX 4080 Laptop GPU,5545,12282,6459,45.15,29,52,44.1
2025-07-09T02:13:47.145283,0,NVIDIA GeForce RTX 4080 Laptop GPU,5545,12282,6459,45.15,41,52,42.27
2025-07-09T02:13:57.178948,0,NVIDIA GeForce RTX 4080 Laptop GPU,5545,12282,6459,45.15,22,52,39.94
2025-07-09T02:14:07.210205,0,NVIDIA GeForce RTX 4080 Laptop GPU,5545,12282,6459,45.15,29,52,41.3
2025-07-09T02:14:17.239417,0,NVIDIA GeForce RTX 4080 Laptop GPU,5547,12282,6457,45.16,38,52,30.09
2025-07-09T02:14:27.269716,0,NVIDIA GeForce RTX 4080 Laptop GPU,5545,12282,6459,45.15,35,51,34.85
2025-07-09T02:14:37.302323,0,NVIDIA GeForce RTX 4080 Laptop GPU,5545,12282,6459,45.15,42,51,34.75
2025-07-09T02:14:47.335204,0,NVIDIA GeForce RTX 4080 Laptop GPU,5545,12282,6459,45.15,37,51,34.47
2025-07-09T02:14:57.363156,0,NVIDIA GeForce RTX 4080 Laptop GPU,5545,12282,6459,45.15,42,54,41.88
2025-07-09T02:15:07.389692,0,NVIDIA GeForce RTX 4080 Laptop GPU,5545,12282,6459,45.15,36,52,41.54
2025-07-09T02:15:17.415761,0,NVIDIA GeForce RTX 4080 Laptop GPU,5545,12282,6459,45.15,39,53,41.16
2025-07-09T02:15:27.442405,0,NVIDIA GeForce RTX 4080 Laptop GPU,5545,12282,6459,45.15,33,52,38.61
2025-07-09T02:15:37.472502,0,NVIDIA GeForce RTX 4080 Laptop GPU,5545,12282,6459,45.15,27,52,37.26
2025-07-09T02:15:47.510235,0,NVIDIA GeForce RTX 4080 Laptop GPU,5545,12282,6459,45.15,28,52,39.32
2025-07-09T02:15:57.538465,0,NVIDIA GeForce RTX 4080 Laptop GPU,5547,12282,6457,45.16,29,52,38.53
2025-07-09T02:16:07.569661,0,NVIDIA GeForce RTX 4080 Laptop GPU,5547,12282,6457,45.16,33,53,47.54
2025-07-09T02:16:17.609236,0,NVIDIA GeForce RTX 4080 Laptop GPU,5545,12282,6459,45.15,39,53,40.53
2025-07-09T02:16:27.645114,0,NVIDIA GeForce RTX 4080 Laptop GPU,5545,12282,6459,45.15,33,51,34.26
2025-07-09T02:16:37.688095,0,NVIDIA GeForce RTX 4080 Laptop GPU,5545,12282,6459,45.15,29,51,37.51
2025-07-09T02:16:47.723505,0,NVIDIA GeForce RTX 4080 Laptop GPU,5545,12282,6459,45.15,31,52,40.17
2025-07-09T02:16:57.749842,0,NVIDIA GeForce RTX 4080 Laptop GPU,5545,12282,6459,45.15,26,52,36.1
2025-07-09T02:17:07.786989,0,NVIDIA GeForce RTX 4080 Laptop GPU,5545,12282,6459,45.15,31,51,38.52
2025-07-09T02:17:17.816777,0,NVIDIA GeForce RTX 4080 Laptop GPU,5545,12282,6459,45.15,33,53,37.06
2025-07-09T02:17:27.848536,0,NVIDIA GeForce RTX 4080 Laptop GPU,5545,12282,6459,45.15,29,52,37.99
2025-07-09T02:17:37.883746,0,NVIDIA GeForce RTX 4080 Laptop GPU,5547,12282,6457,45.16,30,52,42.0
2025-07-09T02:17:47.923445,0,NVIDIA GeForce RTX 4080 Laptop GPU,5545,12282,6459,45.15,31,52,32.41
2025-07-09T02:17:57.951611,0,NVIDIA GeForce RTX 4080 Laptop GPU,5545,12282,6459,45.15,31,53,42.82
2025-07-09T02:18:07.994472,0,NVIDIA GeForce RTX 4080 Laptop GPU,5545,12282,6459,45.15,42,52,32.84
2025-07-09T02:18:18.026056,0,NVIDIA GeForce RTX 4080 Laptop GPU,5545,12282,6459,45.15,24,52,37.58
2025-07-09T02:18:28.059547,0,NVIDIA GeForce RTX 4080 Laptop GPU,5545,12282,6459,45.15,27,52,38.17
2025-07-09T02:18:38.090853,0,NVIDIA GeForce RTX 4080 Laptop GPU,5545,12282,6459,45.15,28,51,33.48
2025-07-09T02:18:48.119392,0,NVIDIA GeForce RTX 4080 Laptop GPU,5545,12282,6459,45.15,31,52,38.31
2025-07-09T02:18:58.145983,0,NVIDIA GeForce RTX 4080 Laptop GPU,5545,12282,6459,45.15,29,53,43.58
2025-07-09T02:19:08.172222,0,NVIDIA GeForce RTX 4080 Laptop GPU,5545,12282,6459,45.15,34,51,29.89
2025-07-09T02:19:18.201392,0,NVIDIA GeForce RTX 4080 Laptop GPU,5547,12282,6457,45.16,38,52,41.35
2025-07-09T02:19:28.238168,0,NVIDIA GeForce RTX 4080 Laptop GPU,5545,12282,6459,45.15,30,50,30.65
2025-07-09T02:19:38.274066,0,NVIDIA GeForce RTX 4080 Laptop GPU,5545,12282,6459,45.15,39,52,44.5
2025-07-09T02:19:48.312975,0,NVIDIA GeForce RTX 4080 Laptop GPU,5545,12282,6459,45.15,27,50,29.81
2025-07-09T02:19:58.340546,0,NVIDIA GeForce RTX 4080 Laptop GPU,5545,12282,6459,45.15,37,51,35.32
2025-07-09T02:20:08.372640,0,NVIDIA GeForce RTX 4080 Laptop GPU,5545,12282,6459,45.15,42,51,36.56
2025-07-09T02:20:18.401082,0,NVIDIA GeForce RTX 4080 Laptop GPU,5545,12282,6459,45.15,41,53,42.77
2025-07-09T02:20:28.431513,0,NVIDIA GeForce RTX 4080 Laptop GPU,5545,12282,6459,45.15,41,51,30.61
2025-07-09T02:20:38.460341,0,NVIDIA GeForce RTX 4080 Laptop GPU,5545,12282,6459,45.15,23,51,38.73
2025-07-09T02:20:48.499751,0,NVIDIA GeForce RTX 4080 Laptop GPU,5545,12282,6459,45.15,30,53,43.94
2025-07-09T02:20:58.526007,0,NVIDIA GeForce RTX 4080 Laptop GPU,5547,12282,6457,45.16,29,52,40.96
2025-07-09T02:21:08.554197,0,NVIDIA GeForce RTX 4080 Laptop GPU,5547,12282,6457,45.16,41,52,39.52
2025-07-09T02:21:18.593314,0,NVIDIA GeForce RTX 4080 Laptop GPU,5545,12282,6459,45.15,29,52,40.05
2025-07-09T02:21:28.624044,0,NVIDIA GeForce RTX 4080 Laptop GPU,5545,12282,6459,45.15,34,53,45.32
2025-07-09T02:21:38.652197,0,NVIDIA GeForce RTX 4080 Laptop GPU,5545,12282,6459,45.15,44,52,36.47
2025-07-09T02:21:48.679773,0,NVIDIA GeForce RTX 4080 Laptop GPU,5545,12282,6459,45.15,35,52,33.1
2025-07-09T02:21:58.707619,0,NVIDIA GeForce RTX 4080 Laptop GPU,5545,12282,6459,45.15,26,51,34.01
2025-07-09T02:22:08.737285,0,NVIDIA GeForce RTX 4080 Laptop GPU,5545,12282,6459,45.15,26,51,34.69
2025-07-09T02:22:18.773428,0,NVIDIA GeForce RTX 4080 Laptop GPU,5545,12282,6459,45.15,30,52,45.47
2025-07-09T02:22:28.805035,0,NVIDIA GeForce RTX 4080 Laptop GPU,5547,12282,6457,45.16,33,53,44.7
2025-07-09T02:22:38.838322,0,NVIDIA GeForce RTX 4080 Laptop GPU,5547,12282,6457,45.16,39,52,41.41
2025-07-09T02:22:48.875475,0,NVIDIA GeForce RTX 4080 Laptop GPU,5545,12282,6459,45.15,33,51,31.76
2025-07-09T02:22:58.902368,0,NVIDIA GeForce RTX 4080 Laptop GPU,5545,12282,6459,45.15,28,51,36.59
2025-07-09T02:23:08.928952,0,NVIDIA GeForce RTX 4080 Laptop GPU,5545,12282,6459,45.15,34,52,37.99
2025-07-09T02:23:18.956230,0,NVIDIA GeForce RTX 4080 Laptop GPU,5545,12282,6459,45.15,38,53,36.55
2025-07-09T02:23:28.982058,0,NVIDIA GeForce RTX 4080 Laptop GPU,5545,12282,6459,45.15,33,52,44.38
2025-07-09T02:23:39.009987,0,NVIDIA GeForce RTX 4080 Laptop GPU,5545,12282,6459,45.15,42,52,33.15
2025-07-09T02:23:49.038347,0,NVIDIA GeForce RTX 4080 Laptop GPU,5545,12282,6459,45.15,29,53,40.72
2025-07-09T02:23:59.071398,0,NVIDIA GeForce RTX 4080 Laptop GPU,5545,12282,6459,45.15,30,51,34.01
2025-07-09T02:24:09.098117,0,NVIDIA GeForce RTX 4080 Laptop GPU,5547,12282,6457,45.16,19,51,35.42
2025-07-09T02:24:19.133759,0,NVIDIA GeForce RTX 4080 Laptop GPU,5545,12282,6459,45.15,33,51,31.98
2025-07-09T02:24:29.158930,0,NVIDIA GeForce RTX 4080 Laptop GPU,5545,12282,6459,45.15,34,52,43.96
2025-07-09T02:24:39.194809,0,NVIDIA GeForce RTX 4080 Laptop GPU,5545,12282,6459,45.15,45,51,34.31
2025-07-09T02:24:49.221894,0,NVIDIA GeForce RTX 4080 Laptop GPU,5545,12282,6459,45.15,41,52,44.78
2025-07-09T02:24:59.253963,0,NVIDIA GeForce RTX 4080 Laptop GPU,5545,12282,6459,45.15,46,52,31.73
2025-07-09T02:25:09.282469,0,NVIDIA GeForce RTX 4080 Laptop GPU,5545,12282,6459,45.15,44,52,31.84
2025-07-09T02:25:19.313497,0,NVIDIA GeForce RTX 4080 Laptop GPU,5545,12282,6459,45.15,29,51,35.7
2025-07-09T02:25:29.343284,0,NVIDIA GeForce RTX 4080 Laptop GPU,5545,12282,6459,45.15,22,51,30.18
2025-07-09T02:25:39.369199,0,NVIDIA GeForce RTX 4080 Laptop GPU,5545,12282,6459,45.15,35,52,41.01
2025-07-09T02:25:49.395212,0,NVIDIA GeForce RTX 4080 Laptop GPU,5547,12282,6457,45.16,40,53,41.56
2025-07-09T02:25:59.428156,0,NVIDIA GeForce RTX 4080 Laptop GPU,5547,12282,6457,45.16,37,51,37.27
2025-07-09T02:26:09.454695,0,NVIDIA GeForce RTX 4080 Laptop GPU,5547,12282,6457,45.16,28,51,33.17
2025-07-09T02:26:19.496794,0,NVIDIA GeForce RTX 4080 Laptop GPU,5545,12282,6459,45.15,28,51,36.33
2025-07-09T02:26:29.525880,0,NVIDIA GeForce RTX 4080 Laptop GPU,5545,12282,6459,45.15,24,52,41.82
2025-07-09T02:26:39.552802,0,NVIDIA GeForce RTX 4080 Laptop GPU,5545,12282,6459,45.15,23,51,39.1
2025-07-09T02:26:49.579463,0,NVIDIA GeForce RTX 4080 Laptop GPU,5545,12282,6459,45.15,31,52,40.64
2025-07-09T02:26:59.610269,0,NVIDIA GeForce RTX 4080 Laptop GPU,5545,12282,6459,45.15,28,51,42.54
2025-07-09T02:27:09.636806,0,NVIDIA GeForce RTX 4080 Laptop GPU,5545,12282,6459,45.15,30,52,40.66
2025-07-09T02:27:19.673498,0,NVIDIA GeForce RTX 4080 Laptop GPU,5545,12282,6459,45.15,29,52,39.71
2025-07-09T02:27:29.705317,0,NVIDIA GeForce RTX 4080 Laptop GPU,5545,12282,6459,45.15,32,51,30.11
2025-07-09T02:27:39.748961,0,NVIDIA GeForce RTX 4080 Laptop GPU,5545,12282,6459,45.15,22,51,39.28
2025-07-09T02:27:49.785286,0,NVIDIA GeForce RTX 4080 Laptop GPU,5545,12282,6459,45.15,40,51,33.39
2025-07-09T02:27:59.812641,0,NVIDIA GeForce RTX 4080 Laptop GPU,5545,12282,6459,45.15,24,52,43.01
2025-07-09T02:28:09.844867,0,NVIDIA GeForce RTX 4080 Laptop GPU,5545,12282,6459,45.15,28,51,30.6
2025-07-09T02:28:19.872280,0,NVIDIA GeForce RTX 4080 Laptop GPU,5545,12282,6459,45.15,32,51,37.67
2025-07-09T02:28:29.903360,0,NVIDIA GeForce RTX 4080 Laptop GPU,5545,12282,6459,45.15,31,51,33.63
2025-07-09T02:28:39.930994,0,NVIDIA GeForce RTX 4080 Laptop GPU,5545,12282,6459,45.15,33,52,39.23
2025-07-09T02:28:49.964515,0,NVIDIA GeForce RTX 4080 Laptop GPU,5545,12282,6459,45.15,33,52,44.36
2025-07-09T02:29:00.000616,0,NVIDIA GeForce RTX 4080 Laptop GPU,5545,12282,6459,45.15,40,51,36.47
2025-07-09T02:29:10.019062,0,NVIDIA GeForce RTX 4080 Laptop GPU,5547,12282,6457,45.16,38,52,44.27
2025-07-09T02:29:20.045944,0,NVIDIA GeForce RTX 4080 Laptop GPU,5545,12282,6459,45.15,29,52,42.32
2025-07-09T02:29:30.079342,0,NVIDIA GeForce RTX 4080 Laptop GPU,5545,12282,6459,45.15,38,51,31.59
2025-07-09T02:29:40.112896,0,NVIDIA GeForce RTX 4080 Laptop GPU,5545,12282,6459,45.15,32,52,41.81
2025-07-09T02:29:50.145283,0,NVIDIA GeForce RTX 4080 Laptop GPU,5545,12282,6459,45.15,21,52,38.32
2025-07-09T02:30:00.171364,0,NVIDIA GeForce RTX 4080 Laptop GPU,5545,12282,6459,45.15,42,51,35.64
2025-07-09T02:30:10.197353,0,NVIDIA GeForce RTX 4080 Laptop GPU,5545,12282,6459,45.15,28,52,46.62
2025-07-09T02:30:20.219716,0,NVIDIA GeForce RTX 4080 Laptop GPU,5545,12282,6459,45.15,25,53,43.8
2025-07-09T02:30:30.249129,0,NVIDIA GeForce RTX 4080 Laptop GPU,5545,12282,6459,45.15,27,51,34.94
2025-07-09T02:30:40.275487,0,NVIDIA GeForce RTX 4080 Laptop GPU,5545,12282,6459,45.15,37,51,36.43
2025-07-09T02:30:50.303141,0,NVIDIA GeForce RTX 4080 Laptop GPU,5547,12282,6457,45.16,30,52,45.16
2025-07-09T02:31:00.338309,0,NVIDIA GeForce RTX 4080 Laptop GPU,5547,12282,6457,45.16,30,51,33.85
2025-07-09T02:31:10.372039,0,NVIDIA GeForce RTX 4080 Laptop GPU,5545,12282,6459,45.15,35,51,38.23
2025-07-09T02:31:20.402154,0,NVIDIA GeForce RTX 4080 Laptop GPU,5545,12282,6459,45.15,31,51,37.7
2025-07-09T02:31:30.434541,0,NVIDIA GeForce RTX 4080 Laptop GPU,5545,12282,6459,45.15,27,52,38.13
2025-07-09T02:31:40.461321,0,NVIDIA GeForce RTX 4080 Laptop GPU,5545,12282,6459,45.15,34,51,33.42
2025-07-09T02:31:50.489761,0,NVIDIA GeForce RTX 4080 Laptop GPU,5545,12282,6459,45.15,32,51,33.82
2025-07-09T02:32:00.516736,0,NVIDIA GeForce RTX 4080 Laptop GPU,5545,12282,6459,45.15,28,53,43.63
2025-07-09T02:32:10.544262,0,NVIDIA GeForce RTX 4080 Laptop GPU,5545,12282,6459,45.15,47,51,35.26
2025-07-09T02:32:20.579552,0,NVIDIA GeForce RTX 4080 Laptop GPU,5545,12282,6459,45.15,30,53,43.84
2025-07-09T02:32:30.611121,0,NVIDIA GeForce RTX 4080 Laptop GPU,5545,12282,6459,45.15,30,53,43.65
2025-07-09T02:32:40.650854,0,NVIDIA GeForce RTX 4080 Laptop GPU,5545,12282,6459,45.15,37,52,36.16
2025-07-09T02:32:50.691344,0,NVIDIA GeForce RTX 4080 Laptop GPU,5545,12282,6459,45.15,35,52,46.6
2025-07-09T02:33:00.719028,0,NVIDIA GeForce RTX 4080 Laptop GPU,5545,12282,6459,45.15,36,53,44.45
2025-07-09T02:33:10.758316,0,NVIDIA GeForce RTX 4080 Laptop GPU,5545,12282,6459,45.15,33,52,34.96
2025-07-09T02:33:20.788935,0,NVIDIA GeForce RTX 4080 Laptop GPU,5545,12282,6459,45.15,37,51,29.5
2025-07-09T02:33:30.809889,0,NVIDIA GeForce RTX 4080 Laptop GPU,5545,12282,6459,45.15,44,53,39.72
2025-07-09T02:33:40.841340,0,NVIDIA GeForce RTX 4080 Laptop GPU,5545,12282,6459,45.15,28,51,30.12
2025-07-09T02:33:50.874523,0,NVIDIA GeForce RTX 4080 Laptop GPU,5545,12282,6459,45.15,31,52,42.32
2025-07-09T02:34:00.903157,0,NVIDIA GeForce RTX 4080 Laptop GPU,5547,12282,6457,45.16,37,52,44.19
2025-07-09T02:34:10.937077,0,NVIDIA GeForce RTX 4080 Laptop GPU,5545,12282,6459,45.15,34,51,32.28
2025-07-09T02:34:20.977004,0,NVIDIA GeForce RTX 4080 Laptop GPU,5545,12282,6459,45.15,26,52,42.29
2025-07-09T02:34:31.007657,0,NVIDIA GeForce RTX 4080 Laptop GPU,5545,12282,6459,45.15,34,51,33.79
2025-07-09T02:34:41.034605,0,NVIDIA GeForce RTX 4080 Laptop GPU,5545,12282,6459,45.15,39,52,40.47
2025-07-09T02:34:51.068789,0,NVIDIA GeForce RTX 4080 Laptop GPU,5545,12282,6459,45.15,28,51,41.93
2025-07-09T02:35:01.095131,0,NVIDIA GeForce RTX 4080 Laptop GPU,5545,12282,6459,45.15,40,51,31.29
2025-07-09T02:35:11.128059,0,NVIDIA GeForce RTX 4080 Laptop GPU,5545,12282,6459,45.15,37,52,34.83
2025-07-09T02:35:21.163971,0,NVIDIA GeForce RTX 4080 Laptop GPU,5545,12282,6459,45.15,33,52,35.06
2025-07-09T02:35:31.196169,0,NVIDIA GeForce RTX 4080 Laptop GPU,5545,12282,6459,45.15,38,50,32.56
2025-07-09T02:35:41.226827,0,NVIDIA GeForce RTX 4080 Laptop GPU,5545,12282,6459,45.15,28,51,37.09
2025-07-09T02:35:51.256902,0,NVIDIA GeForce RTX 4080 Laptop GPU,5545,12282,6459,45.15,23,51,35.78
2025-07-09T02:36:01.286072,0,NVIDIA GeForce RTX 4080 Laptop GPU,5545,12282,6459,45.15,39,51,33.15
2025-07-09T02:36:11.312543,0,NVIDIA GeForce RTX 4080 Laptop GPU,5545,12282,6459,45.15,40,52,30.49
2025-07-09T02:36:21.341796,0,NVIDIA GeForce RTX 4080 Laptop GPU,5545,12282,6459,45.15,23,50,29.24
2025-07-09T02:36:31.371160,0,NVIDIA GeForce RTX 4080 Laptop GPU,5545,12282,6459,45.15,18,51,32.43
2025-07-09T02:36:41.399645,0,NVIDIA GeForce RTX 4080 Laptop GPU,5545,12282,6459,45.15,33,50,29.57
2025-07-09T02:36:51.424366,0,NVIDIA GeForce RTX 4080 Laptop GPU,5545,12282,6459,45.15,33,51,41.46
2025-07-09T02:37:01.451891,0,NVIDIA GeForce RTX 4080 Laptop GPU,5545,12282,6459,45.15,37,51,37.99
2025-07-09T02:37:11.479867,0,NVIDIA GeForce RTX 4080 Laptop GPU,5545,12282,6459,45.15,37,51,31.11
2025-07-09T02:37:21.511983,0,NVIDIA GeForce RTX 4080 Laptop GPU,5547,12282,6457,45.16,30,52,32.45
2025-07-09T02:37:31.539423,0,NVIDIA GeForce RTX 4080 Laptop GPU,5545,12282,6459,45.15,39,53,47.69
2025-07-09T02:37:41.574232,0,NVIDIA GeForce RTX 4080 Laptop GPU,5545,12282,6459,45.15,29,52,29.52
2025-07-09T02:37:51.600399,0,NVIDIA GeForce RTX 4080 Laptop GPU,5545,12282,6459,45.15,28,51,35.11
2025-07-09T02:38:01.638096,0,NVIDIA GeForce RTX 4080 Laptop GPU,5545,12282,6459,45.15,30,51,35.08
2025-07-09T02:38:11.669533,0,NVIDIA GeForce RTX 4080 Laptop GPU,5545,12282,6459,45.15,29,52,47.37
2025-07-09T02:38:21.695809,0,NVIDIA GeForce RTX 4080 Laptop GPU,5545,12282,6459,45.15,33,52,39.68
2025-07-09T02:38:31.728281,0,NVIDIA GeForce RTX 4080 Laptop GPU,5545,12282,6459,45.15,27,51,38.46
2025-07-09T02:38:41.755611,0,NVIDIA GeForce RTX 4080 Laptop GPU,5545,12282,6459,45.15,41,52,36.21
2025-07-09T02:38:51.774535,0,NVIDIA GeForce RTX 4080 Laptop GPU,5545,12282,6459,45.15,30,53,38.96
2025-07-09T02:39:01.803476,0,NVIDIA GeForce RTX 4080 Laptop GPU,5547,12282,6457,45.16,23,52,38.92
2025-07-09T02:39:11.837958,0,NVIDIA GeForce RTX 4080 Laptop GPU,5545,12282,6459,45.15,40,52,44.13
2025-07-09T02:39:21.871868,0,NVIDIA GeForce RTX 4080 Laptop GPU,5545,12282,6459,45.15,28,53,41.42
2025-07-09T02:39:31.899605,0,NVIDIA GeForce RTX 4080 Laptop GPU,5545,12282,6459,45.15,30,52,39.0
2025-07-09T02:39:41.919057,0,NVIDIA GeForce RTX 4080 Laptop GPU,5545,12282,6459,45.15,25,52,45.3
2025-07-09T02:39:51.946585,0,NVIDIA GeForce RTX 4080 Laptop GPU,5545,12282,6459,45.15,35,52,40.95
2025-07-09T02:40:01.972396,0,NVIDIA GeForce RTX 4080 Laptop GPU,5545,12282,6459,45.15,40,51,31.85
2025-07-09T02:40:12.006588,0,NVIDIA GeForce RTX 4080 Laptop GPU,5545,12282,6459,45.15,30,52,41.64
2025-07-09T02:40:22.038340,0,NVIDIA GeForce RTX 4080 Laptop GPU,5545,12282,6459,45.15,39,51,37.64
2025-07-09T02:40:32.060350,0,NVIDIA GeForce RTX 4080 Laptop GPU,5545,12282,6459,45.15,43,51,37.41
2025-07-09T02:40:42.088690,0,NVIDIA GeForce RTX 4080 Laptop GPU,5545,12282,6459,45.15,30,51,34.81
2025-07-09T02:40:52.130396,0,NVIDIA GeForce RTX 4080 Laptop GPU,5545,12282,6459,45.15,24,52,38.75
2025-07-09T02:41:02.158252,0,NVIDIA GeForce RTX 4080 Laptop GPU,5545,12282,6459,45.15,43,51,35.42
2025-07-09T02:41:12.198252,0,NVIDIA GeForce RTX 4080 Laptop GPU,5545,12282,6459,45.15,32,52,42.07
2025-07-09T02:41:22.225265,0,NVIDIA GeForce RTX 4080 Laptop GPU,5545,12282,6459,45.15,33,53,39.8
2025-07-09T02:41:32.257017,0,NVIDIA GeForce RTX 4080 Laptop GPU,5545,12282,6459,45.15,28,52,39.53
2025-07-09T02:41:42.282986,0,NVIDIA GeForce RTX 4080 Laptop GPU,5545,12282,6459,45.15,28,52,48.33
2025-07-09T02:41:52.312518,0,NVIDIA GeForce RTX 4080 Laptop GPU,5545,12282,6459,45.15,30,52,36.92
2025-07-09T02:42:02.347813,0,NVIDIA GeForce RTX 4080 Laptop GPU,5545,12282,6459,45.15,24,51,29.21
2025-07-09T02:42:12.378518,0,NVIDIA GeForce RTX 4080 Laptop GPU,5545,12282,6459,45.15,33,51,30.66
2025-07-09T02:42:22.407949,0,NVIDIA GeForce RTX 4080 Laptop GPU,5547,12282,6457,45.16,33,52,35.82
2025-07-09T02:42:32.438242,0,NVIDIA GeForce RTX 4080 Laptop GPU,5545,12282,6459,45.15,28,51,41.81
2025-07-09T02:42:42.461210,0,NVIDIA GeForce RTX 4080 Laptop GPU,5545,12282,6459,45.15,20,50,31.76
2025-07-09T02:42:52.486765,0,NVIDIA GeForce RTX 4080 Laptop GPU,5545,12282,6459,45.15,29,51,40.98
2025-07-09T02:43:02.516283,0,NVIDIA GeForce RTX 4080 Laptop GPU,5545,12282,6459,45.15,22,50,36.87
2025-07-09T02:43:12.561619,0,NVIDIA GeForce RTX 4080 Laptop GPU,5545,12282,6459,45.15,23,49,30.55
2025-07-09T02:43:22.582296,0,NVIDIA GeForce RTX 4080 Laptop GPU,5545,12282,6459,45.15,43,50,32.95
2025-07-09T02:43:32.614429,0,NVIDIA GeForce RTX 4080 Laptop GPU,5545,12282,6459,45.15,41,51,33.18
2025-07-09T02:43:42.650279,0,NVIDIA GeForce RTX 4080 Laptop GPU,5545,12282,6459,45.15,28,51,44.2
2025-07-09T02:43:52.677242,0,NVIDIA GeForce RTX 4080 Laptop GPU,5545,12282,6459,45.15,22,51,36.28
2025-07-09T02:44:02.705133,0,NVIDIA GeForce RTX 4080 Laptop GPU,5547,12282,6457,45.16,43,51,34.88
2025-07-09T02:44:12.740233,0,NVIDIA GeForce RTX 4080 Laptop GPU,5545,12282,6459,45.15,32,51,34.16
2025-07-09T02:44:22.766843,0,NVIDIA GeForce RTX 4080 Laptop GPU,5545,12282,6459,45.15,29,52,45.06
2025-07-09T02:44:32.795565,0,NVIDIA GeForce RTX 4080 Laptop GPU,5545,12282,6459,45.15,34,51,43.06
2025-07-09T02:44:42.824918,0,NVIDIA GeForce RTX 4080 Laptop GPU,5545,12282,6459,45.15,42,53,35.47
2025-07-09T02:44:52.854563,0,NVIDIA GeForce RTX 4080 Laptop GPU,5545,12282,6459,45.15,29,52,43.56
2025-07-09T02:45:02.881205,0,NVIDIA GeForce RTX 4080 Laptop GPU,5545,12282,6459,45.15,39,52,39.8
2025-07-09T02:45:12.918934,0,NVIDIA GeForce RTX 4080 Laptop GPU,5545,12282,6459,45.15,39,51,40.28
2025-07-09T02:45:22.945802,0,NVIDIA GeForce RTX 4080 Laptop GPU,5545,12282,6459,45.15,38,52,39.12
2025-07-09T02:45:32.983873,0,NVIDIA GeForce RTX 4080 Laptop GPU,5545,12282,6459,45.15,33,51,34.14
2025-07-09T02:45:43.019852,0,NVIDIA GeForce RTX 4080 Laptop GPU,5545,12282,6459,45.15,25,51,36.61
2025-07-09T02:45:53.048351,0,NVIDIA GeForce RTX 4080 Laptop GPU,5545,12282,6459,45.15,38,52,39.25
2025-07-09T02:46:03.084130,0,NVIDIA GeForce RTX 4080 Laptop GPU,5545,12282,6459,45.15,28,53,40.94
2025-07-09T02:46:13.112512,0,NVIDIA GeForce RTX 4080 Laptop GPU,5545,12282,6459,45.15,32,52,47.3
2025-07-09T02:46:23.139320,0,NVIDIA GeForce RTX 4080 Laptop GPU,5545,12282,6459,45.15,35,52,37.6
2025-07-09T02:46:33.166471,0,NVIDIA GeForce RTX 4080 Laptop GPU,5545,12282,6459,45.15,44,51,32.08
2025-07-09T02:46:43.201408,0,NVIDIA GeForce RTX 4080 Laptop GPU,5545,12282,6459,45.15,30,51,36.44
2025-07-09T02:46:53.227975,0,NVIDIA GeForce RTX 4080 Laptop GPU,5545,12282,6459,45.15,30,51,39.63
2025-07-09T02:47:03.258716,0,NVIDIA GeForce RTX 4080 Laptop GPU,5545,12282,6459,45.15,42,51,30.77
2025-07-09T02:47:13.300340,0,NVIDIA GeForce RTX 4080 Laptop GPU,5545,12282,6459,45.15,34,51,36.44
2025-07-09T02:47:23.331060,0,NVIDIA GeForce RTX 4080 Laptop GPU,5547,12282,6457,45.16,29,51,34.66
2025-07-09T02:47:33.368186,0,NVIDIA GeForce RTX 4080 Laptop GPU,5545,12282,6459,45.15,35,51,38.08
2025-07-09T02:47:43.398854,0,NVIDIA GeForce RTX 4080 Laptop GPU,5545,12282,6459,45.15,26,51,41.52
2025-07-09T02:47:53.434727,0,NVIDIA GeForce RTX 4080 Laptop GPU,5545,12282,6459,45.15,35,51,32.17
2025-07-09T02:48:03.463208,0,NVIDIA GeForce RTX 4080 Laptop GPU,5545,12282,6459,45.15,33,52,42.43
2025-07-09T02:48:13.491836,0,NVIDIA GeForce RTX 4080 Laptop GPU,5545,12282,6459,45.15,39,54,47.4
2025-07-09T02:48:23.522341,0,NVIDIA GeForce RTX 4080 Laptop GPU,5545,12282,6459,45.15,23,51,29.79
2025-07-09T02:48:33.551361,0,NVIDIA GeForce RTX 4080 Laptop GPU,5545,12282,6459,45.15,18,51,34.66
2025-07-09T02:48:43.579977,0,NVIDIA GeForce RTX 4080 Laptop GPU,5545,12282,6459,45.15,33,52,45.12
2025-07-09T02:48:53.610373,0,NVIDIA GeForce RTX 4080 Laptop GPU,5547,12282,6457,45.16,29,52,37.21
2025-07-09T02:49:03.642747,0,NVIDIA GeForce RTX 4080 Laptop GPU,5547,12282,6457,45.16,31,51,34.08
2025-07-09T02:49:13.676138,0,NVIDIA GeForce RTX 4080 Laptop GPU,5545,12282,6459,45.15,27,52,40.72
2025-07-09T02:49:23.711460,0,NVIDIA GeForce RTX 4080 Laptop GPU,5545,12282,6459,45.15,31,53,45.47
2025-07-09T02:49:33.738140,0,NVIDIA GeForce RTX 4080 Laptop GPU,5545,12282,6459,45.15,42,52,36.15
2025-07-09T02:49:43.765171,0,NVIDIA GeForce RTX 4080 Laptop GPU,5545,12282,6459,45.15,39,51,34.08
2025-07-09T02:49:53.792412,0,NVIDIA GeForce RTX 4080 Laptop GPU,5545,12282,6459,45.15,35,51,33.03
2025-07-09T02:50:03.822919,0,NVIDIA GeForce RTX 4080 Laptop GPU,5545,12282,6459,45.15,32,51,39.26
2025-07-09T02:50:13.855363,0,NVIDIA GeForce RTX 4080 Laptop GPU,5545,12282,6459,45.15,30,54,40.57
2025-07-09T02:50:23.892115,0,NVIDIA GeForce RTX 4080 Laptop GPU,5545,12282,6459,45.15,35,51,32.32
2025-07-09T02:50:33.927883,0,NVIDIA GeForce RTX 4080 Laptop GPU,5547,12282,6457,45.16,37,51,30.98
2025-07-09T02:50:43.964396,0,NVIDIA GeForce RTX 4080 Laptop GPU,5545,12282,6459,45.15,30,51,43.03
2025-07-09T02:50:53.990748,0,NVIDIA GeForce RTX 4080 Laptop GPU,5545,12282,6459,45.15,22,51,33.83
2025-07-09T02:51:04.021387,0,NVIDIA GeForce RTX 4080 Laptop GPU,5545,12282,6459,45.15,35,52,43.28
2025-07-09T02:51:14.049259,0,NVIDIA GeForce RTX 4080 Laptop GPU,5545,12282,6459,45.15,40,53,46.1
2025-07-09T02:51:24.089457,0,NVIDIA GeForce RTX 4080 Laptop GPU,5545,12282,6459,45.15,41,51,31.93
2025-07-09T02:51:34.117863,0,NVIDIA GeForce RTX 4080 Laptop GPU,5545,12282,6459,45.15,30,53,38.95
2025-07-09T02:51:44.144174,0,NVIDIA GeForce RTX 4080 Laptop GPU,5545,12282,6459,45.15,38,53,36.69
2025-07-09T02:51:54.174103,0,NVIDIA GeForce RTX 4080 Laptop GPU,5545,12282,6459,45.15,43,53,34.61
2025-07-09T02:52:04.201437,0,NVIDIA GeForce RTX 4080 Laptop GPU,5545,12282,6459,45.15,31,52,38.97
2025-07-09T02:52:14.226689,0,NVIDIA GeForce RTX 4080 Laptop GPU,5545,12282,6459,45.15,40,52,39.62
2025-07-09T02:52:24.264397,0,NVIDIA GeForce RTX 4080 Laptop GPU,5545,12282,6459,45.15,30,54,46.89
2025-07-09T02:52:34.300487,0,NVIDIA GeForce RTX 4080 Laptop GPU,5545,12282,6459,45.15,30,53,40.61
2025-07-09T02:52:44.328089,0,NVIDIA GeForce RTX 4080 Laptop GPU,5545,12282,6459,45.15,38,51,29.3
2025-07-09T02:52:54.366366,0,NVIDIA GeForce RTX 4080 Laptop GPU,5545,12282,6459,45.15,36,51,35.05
2025-07-09T02:53:04.392086,0,NVIDIA GeForce RTX 4080 Laptop GPU,5545,12282,6459,45.15,28,53,46.15
2025-07-09T02:53:14.419007,0,NVIDIA GeForce RTX 4080 Laptop GPU,5545,12282,6459,45.15,29,52,42.47
2025-07-09T02:53:24.448494,0,NVIDIA GeForce RTX 4080 Laptop GPU,5545,12282,6459,45.15,35,53,42.37
2025-07-09T02:53:34.476513,0,NVIDIA GeForce RTX 4080 Laptop GPU,5545,12282,6459,45.15,37,52,36.11
2025-07-09T02:53:44.503738,0,NVIDIA GeForce RTX 4080 Laptop GPU,5547,12282,6457,45.16,43,52,39.03
2025-07-09T02:53:54.529879,0,NVIDIA GeForce RTX 4080 Laptop GPU,5547,12282,6457,45.16,40,53,47.66
2025-07-09T02:54:04.557497,0,NVIDIA GeForce RTX 4080 Laptop GPU,5547,12282,6457,45.16,38,52,36.87
2025-07-09T02:54:14.590626,0,NVIDIA GeForce RTX 4080 Laptop GPU,5545,12282,6459,45.15,23,53,38.78
2025-07-09T02:54:24.624498,0,NVIDIA GeForce RTX 4080 Laptop GPU,5545,12282,6459,45.15,29,52,41.37
2025-07-09T02:54:34.653756,0,NVIDIA GeForce RTX 4080 Laptop GPU,5545,12282,6459,45.15,33,51,31.16
2025-07-09T02:54:44.683966,0,NVIDIA GeForce RTX 4080 Laptop GPU,5545,12282,6459,45.15,33,51,32.1
2025-07-09T02:54:54.726505,0,NVIDIA GeForce RTX 4080 Laptop GPU,5545,12282,6459,45.15,38,51,31.98
2025-07-09T02:55:04.765264,0,NVIDIA GeForce RTX 4080 Laptop GPU,5545,12282,6459,45.15,18,52,39.0
2025-07-09T02:55:14.797585,0,NVIDIA GeForce RTX 4080 Laptop GPU,5545,12282,6459,45.15,37,50,30.44
2025-07-09T02:55:24.822571,0,NVIDIA GeForce RTX 4080 Laptop GPU,5547,12282,6457,45.16,40,53,46.0
2025-07-09T02:55:34.856002,0,NVIDIA GeForce RTX 4080 Laptop GPU,5545,12282,6459,45.15,25,51,39.4
2025-07-09T02:55:44.881977,0,NVIDIA GeForce RTX 4080 Laptop GPU,5545,12282,6459,45.15,33,51,34.86
2025-07-09T02:55:54.916975,0,NVIDIA GeForce RTX 4080 Laptop GPU,5545,12282,6459,45.15,32,51,39.3
2025-07-09T02:56:04.944319,0,NVIDIA GeForce RTX 4080 Laptop GPU,5545,12282,6459,45.15,22,51,34.65
2025-07-09T02:56:14.969755,0,NVIDIA GeForce RTX 4080 Laptop GPU,5545,12282,6459,45.15,39,52,43.42
2025-07-09T02:56:24.997245,0,NVIDIA GeForce RTX 4080 Laptop GPU,5545,12282,6459,45.15,41,52,44.62
2025-07-09T02:56:35.027183,0,NVIDIA GeForce RTX 4080 Laptop GPU,5545,12282,6459,45.15,39,51,40.2
2025-07-09T02:56:45.053720,0,NVIDIA GeForce RTX 4080 Laptop GPU,5545,12282,6459,45.15,21,51,38.0
2025-07-09T02:56:55.086854,0,NVIDIA GeForce RTX 4080 Laptop GPU,5545,12282,6459,45.15,34,51,34.73
2025-07-09T02:57:05.118619,0,NVIDIA GeForce RTX 4080 Laptop GPU,5547,12282,6457,45.16,33,51,35.15
2025-07-09T02:57:15.146288,0,NVIDIA GeForce RTX 4080 Laptop GPU,5545,12282,6459,45.15,38,51,34.83
2025-07-09T02:57:25.182112,0,NVIDIA GeForce RTX 4080 Laptop GPU,5545,12282,6459,45.15,32,51,41.94
2025-07-09T02:57:35.220392,0,NVIDIA GeForce RTX 4080 Laptop GPU,5545,12282,6459,45.15,33,50,30.15
2025-07-09T02:57:45.258344,0,NVIDIA GeForce RTX 4080 Laptop GPU,5545,12282,6459,45.15,36,50,33.29
2025-07-09T02:57:55.289674,0,NVIDIA GeForce RTX 4080 Laptop GPU,5545,12282,6459,45.15,27,51,41.99
2025-07-09T02:58:05.316579,0,NVIDIA GeForce RTX 4080 Laptop GPU,5545,12282,6459,45.15,26,51,38.57
2025-07-09T02:58:15.344695,0,NVIDIA GeForce RTX 4080 Laptop GPU,5545,12282,6459,45.15,36,51,34.46
2025-07-09T02:58:25.379089,0,NVIDIA GeForce RTX 4080 Laptop GPU,5545,12282,6459,45.15,34,52,35.21
2025-07-09T02:58:35.406428,0,NVIDIA GeForce RTX 4080 Laptop GPU,5545,12282,6459,45.15,24,51,37.0
2025-07-09T02:58:45.449574,0,NVIDIA GeForce RTX 4080 Laptop GPU,5547,12282,6457,45.16,32,51,39.83
2025-07-09T02:58:55.476548,0,NVIDIA GeForce RTX 4080 Laptop GPU,5547,12282,6457,45.16,33,51,34.09
2025-07-09T02:59:05.503169,0,NVIDIA GeForce RTX 4080 Laptop GPU,5547,12282,6457,45.16,36,52,34.67
2025-07-09T02:59:15.529832,0,NVIDIA GeForce RTX 4080 Laptop GPU,5545,12282,6459,45.15,27,50,32.6
2025-07-09T02:59:25.560309,0,NVIDIA GeForce RTX 4080 Laptop GPU,5545,12282,6459,45.15,37,51,40.59
2025-07-09T02:59:35.593195,0,NVIDIA GeForce RTX 4080 Laptop GPU,5545,12282,6459,45.15,29,50,30.29
2025-07-09T02:59:45.629735,0,NVIDIA GeForce RTX 4080 Laptop GPU,5545,12282,6459,45.15,42,51,36.91
2025-07-09T02:59:55.656775,0,NVIDIA GeForce RTX 4080 Laptop GPU,5545,12282,6459,45.15,35,51,36.48
2025-07-09T03:00:05.692743,0,NVIDIA GeForce RTX 4080 Laptop GPU,5545,12282,6459,45.15,30,50,31.03
2025-07-09T03:00:15.720236,0,NVIDIA GeForce RTX 4080 Laptop GPU,5545,12282,6459,45.15,33,50,33.15
2025-07-09T03:00:25.750404,0,NVIDIA GeForce RTX 4080 Laptop GPU,5547,12282,6457,45.16,33,53,42.22
2025-07-09T03:00:35.779353,0,NVIDIA GeForce RTX 4080 Laptop GPU,5545,12282,6459,45.15,27,50,32.71
2025-07-09T03:00:45.809818,0,NVIDIA GeForce RTX 4080 Laptop GPU,5545,12282,6459,45.15,40,51,37.54
2025-07-09T03:00:55.837371,0,NVIDIA GeForce RTX 4080 Laptop GPU,5545,12282,6459,45.15,36,51,30.04
2025-07-09T03:01:05.873062,0,NVIDIA GeForce RTX 4080 Laptop GPU,5545,12282,6459,45.15,19,51,44.98
2025-07-09T03:01:15.906323,0,NVIDIA GeForce RTX 4080 Laptop GPU,5545,12282,6459,45.15,34,50,30.95
2025-07-09T03:01:25.945311,0,NVIDIA GeForce RTX 4080 Laptop GPU,5545,12282,6459,45.15,26,51,42.03
2025-07-09T03:01:35.993711,0,NVIDIA GeForce RTX 4080 Laptop GPU,5545,12282,6459,45.15,28,51,40.73
2025-07-09T03:01:46.020031,0,NVIDIA GeForce RTX 4080 Laptop GPU,5545,12282,6459,45.15,38,51,33.53
2025-07-09T03:01:56.046447,0,NVIDIA GeForce RTX 4080 Laptop GPU,5545,12282,6459,45.15,37,51,29.83
2025-07-09T03:02:06.075302,0,NVIDIA GeForce RTX 4080 Laptop GPU,5547,12282,6457,45.16,34,50,33.83
2025-07-09T03:02:16.105326,0,NVIDIA GeForce RTX 4080 Laptop GPU,5545,12282,6459,45.15,30,51,29.82
2025-07-09T03:02:26.136348,0,NVIDIA GeForce RTX 4080 Laptop GPU,5545,12282,6459,45.15,30,51,37.48
2025-07-09T03:02:36.174076,0,NVIDIA GeForce RTX 4080 Laptop GPU,5545,12282,6459,45.15,39,52,43.17
2025-07-09T03:02:46.201440,0,NVIDIA GeForce RTX 4080 Laptop GPU,5545,12282,6459,45.15,46,50,30.91
2025-07-09T03:02:56.230005,0,NVIDIA GeForce RTX 4080 Laptop GPU,5545,12282,6459,45.15,43,50,37.12
2025-07-09T03:03:06.258344,0,NVIDIA GeForce RTX 4080 Laptop GPU,5545,12282,6459,45.15,29,51,41.88
2025-07-09T03:03:16.289940,0,NVIDIA GeForce RTX 4080 Laptop GPU,5545,12282,6459,45.15,27,52,38.33
2025-07-09T03:03:26.314903,0,NVIDIA GeForce RTX 4080 Laptop GPU,5545,12282,6459,45.15,38,51,33.07
2025-07-09T03:03:36.354777,0,NVIDIA GeForce RTX 4080 Laptop GPU,5545,12282,6459,45.15,39,52,50.57
2025-07-09T03:03:46.395306,0,NVIDIA GeForce RTX 4080 Laptop GPU,5547,12282,6457,45.16,41,50,32.46
2025-07-09T03:03:56.432819,0,NVIDIA GeForce RTX 4080 Laptop GPU,5547,12282,6457,45.16,23,50,30.73
2025-07-09T03:04:06.467205,0,NVIDIA GeForce RTX 4080 Laptop GPU,5547,12282,6457,45.16,21,51,43.9
2025-07-09T03:04:16.496145,0,NVIDIA GeForce RTX 4080 Laptop GPU,5545,12282,6459,45.15,34,51,35.63
2025-07-09T03:04:26.538024,0,NVIDIA GeForce RTX 4080 Laptop GPU,5545,12282,6459,45.15,32,52,42.57
2025-07-09T03:04:36.569161,0,NVIDIA GeForce RTX 4080 Laptop GPU,5545,12282,6459,45.15,35,51,43.61
2025-07-09T03:04:46.595521,0,NVIDIA GeForce RTX 4080 Laptop GPU,5545,12282,6459,45.15,27,52,37.44
2025-07-09T03:04:56.621786,0,NVIDIA GeForce RTX 4080 Laptop GPU,5545,12282,6459,45.15,34,52,44.46
2025-07-09T03:05:06.648923,0,NVIDIA GeForce RTX 4080 Laptop GPU,5545,12282,6459,45.15,37,51,30.81
2025-07-09T03:05:16.675668,0,NVIDIA GeForce RTX 4080 Laptop GPU,5545,12282,6459,45.15,29,50,34.75
2025-07-09T03:05:26.704860,0,NVIDIA GeForce RTX 4080 Laptop GPU,5545,12282,6459,45.15,31,51,42.43
2025-07-09T03:05:36.733370,0,NVIDIA GeForce RTX 4080 Laptop GPU,5545,12282,6459,45.15,36,51,37.17
2025-07-09T03:05:46.765107,0,NVIDIA GeForce RTX 4080 Laptop GPU,5545,12282,6459,45.15,35,52,47.87
2025-07-09T03:05:56.794867,0,NVIDIA GeForce RTX 4080 Laptop GPU,5545,12282,6459,45.15,34,51,36.52
2025-07-09T03:06:06.828867,0,NVIDIA GeForce RTX 4080 Laptop GPU,5545,12282,6459,45.15,32,52,42.83
2025-07-09T03:06:16.855884,0,NVIDIA GeForce RTX 4080 Laptop GPU,5545,12282,6459,45.15,35,51,35.62
2025-07-09T03:06:26.885170,0,NVIDIA GeForce RTX 4080 Laptop GPU,5545,12282,6459,45.15,32,52,39.76
2025-07-09T03:06:36.912983,0,NVIDIA GeForce RTX 4080 Laptop GPU,5545,12282,6459,45.15,37,53,39.33
2025-07-09T03:06:46.940984,0,NVIDIA GeForce RTX 4080 Laptop GPU,5545,12282,6459,45.15,40,51,37.72
2025-07-09T03:06:56.966238,0,NVIDIA GeForce RTX 4080 Laptop GPU,5545,12282,6459,45.15,33,51,37.89
2025-07-09T03:07:07.006467,0,NVIDIA GeForce RTX 4080 Laptop GPU,5547,12282,6457,45.16,28,51,38.59
2025-07-09T03:07:17.034810,0,NVIDIA GeForce RTX 4080 Laptop GPU,5545,12282,6459,45.15,33,50,28.72
2025-07-09T03:07:27.077174,0,NVIDIA GeForce RTX 4080 Laptop GPU,5545,12282,6459,45.15,29,50,35.92
2025-07-09T03:07:37.104290,0,NVIDIA GeForce RTX 4080 Laptop GPU,5545,12282,6459,45.15,38,51,37.71
2025-07-09T03:07:47.133824,0,NVIDIA GeForce RTX 4080 Laptop GPU,5545,12282,6459,45.15,31,51,41.62
2025-07-09T03:07:57.169312,0,NVIDIA GeForce RTX 4080 Laptop GPU,5545,12282,6459,45.15,34,51,35.13
2025-07-09T03:08:07.199692,0,NVIDIA GeForce RTX 4080 Laptop GPU,5545,12282,6459,45.15,39,52,35.33
2025-07-09T03:08:17.230034,0,NVIDIA GeForce RTX 4080 Laptop GPU,5545,12282,6459,45.15,33,52,33.78
2025-07-09T03:08:27.259074,0,NVIDIA GeForce RTX 4080 Laptop GPU,5545,12282,6459,45.15,39,51,39.27
2025-07-09T03:08:37.290891,0,NVIDIA GeForce RTX 4080 Laptop GPU,5545,12282,6459,45.15,30,52,39.79
2025-07-09T03:08:47.319003,0,NVIDIA GeForce RTX 4080 Laptop GPU,5547,12282,6457,45.16,34,51,35.07
2025-07-09T03:08:57.345374,0,NVIDIA GeForce RTX 4080 Laptop GPU,5547,12282,6457,45.16,30,53,45.75
2025-07-09T03:09:07.376551,0,NVIDIA GeForce RTX 4080 Laptop GPU,5547,12282,6457,45.16,30,50,32.12
2025-07-09T03:09:17.406596,0,NVIDIA GeForce RTX 4080 Laptop GPU,5545,12282,6459,45.15,25,51,33.41
2025-07-09T03:09:27.438375,0,NVIDIA GeForce RTX 4080 Laptop GPU,5545,12282,6459,45.15,34,51,41.39
2025-07-09T03:09:37.462143,0,NVIDIA GeForce RTX 4080 Laptop GPU,5545,12282,6459,45.15,36,50,29.74
2025-07-09T03:09:47.495166,0,NVIDIA GeForce RTX 4080 Laptop GPU,5545,12282,6459,45.15,28,51,40.77
2025-07-09T03:09:57.538912,0,NVIDIA GeForce RTX 4080 Laptop GPU,5545,12282,6459,45.15,27,50,34.45
2025-07-09T03:10:07.571226,0,NVIDIA GeForce RTX 4080 Laptop GPU,5545,12282,6459,45.15,29,50,32.63
2025-07-09T03:10:17.600448,0,NVIDIA GeForce RTX 4080 Laptop GPU,5545,12282,6459,45.15,28,51,39.76
2025-07-09T03:10:27.631305,0,NVIDIA GeForce RTX 4080 Laptop GPU,5545,12282,6459,45.15,36,50,37.88
2025-07-09T03:10:37.658610,0,NVIDIA GeForce RTX 4080 Laptop GPU,5545,12282,6459,45.15,34,50,32.8
2025-07-09T03:10:47.693853,0,NVIDIA GeForce RTX 4080 Laptop GPU,5545,12282,6459,45.15,31,50,32.77
2025-07-09T03:10:57.720702,0,NVIDIA GeForce RTX 4080 Laptop GPU,5545,12282,6459,45.15,23,50,38.27
2025-07-09T03:11:07.746836,0,NVIDIA GeForce RTX 4080 Laptop GPU,5545,12282,6459,45.15,44,51,36.37
2025-07-09T03:11:17.774771,0,NVIDIA GeForce RTX 4080 Laptop GPU,5545,12282,6459,45.15,32,51,36.93
2025-07-09T03:11:27.805539,0,NVIDIA GeForce RTX 4080 Laptop GPU,5545,12282,6459,45.15,28,50,29.81
2025-07-09T03:11:37.833548,0,NVIDIA GeForce RTX 4080 Laptop GPU,5545,12282,6459,45.15,34,50,30.29
2025-07-09T03:11:47.865004,0,NVIDIA GeForce RTX 4080 Laptop GPU,5545,12282,6459,45.15,42,51,43.76
2025-07-09T03:11:57.893094,0,NVIDIA GeForce RTX 4080 Laptop GPU,5545,12282,6459,45.15,35,51,44.88
2025-07-09T03:12:07.924115,0,NVIDIA GeForce RTX 4080 Laptop GPU,5547,12282,6457,45.16,34,50,29.75
2025-07-09T03:12:17.951866,0,NVIDIA GeForce RTX 4080 Laptop GPU,5545,12282,6459,45.15,22,51,41.96
2025-07-09T03:12:27.978653,0,NVIDIA GeForce RTX 4080 Laptop GPU,5545,12282,6459,45.15,22,52,39.12
2025-07-09T03:12:38.004618,0,NVIDIA GeForce RTX 4080 Laptop GPU,5545,12282,6459,45.15,33,50,34.21
2025-07-09T03:12:48.029886,0,NVIDIA GeForce RTX 4080 Laptop GPU,5545,12282,6459,45.15,29,51,40.42
2025-07-09T03:12:58.056028,0,NVIDIA GeForce RTX 4080 Laptop GPU,5545,12282,6459,45.15,43,51,38.75
2025-07-09T03:13:08.086747,0,NVIDIA GeForce RTX 4080 Laptop GPU,5545,12282,6459,45.15,48,51,34.16
2025-07-09T03:13:18.117605,0,NVIDIA GeForce RTX 4080 Laptop GPU,5545,12282,6459,45.15,24,51,41.76
2025-07-09T03:13:28.157250,0,NVIDIA GeForce RTX 4080 Laptop GPU,5545,12282,6459,45.15,42,50,32.69
2025-07-09T03:13:38.184335,0,NVIDIA GeForce RTX 4080 Laptop GPU,5545,12282,6459,45.15,30,52,43.33
2025-07-09T03:13:48.215942,0,NVIDIA GeForce RTX 4080 Laptop GPU,5547,12282,6457,45.16,34,51,41.87
2025-07-09T03:13:58.243475,0,NVIDIA GeForce RTX 4080 Laptop GPU,5547,12282,6457,45.16,40,51,42.03
2025-07-09T03:14:08.276689,0,NVIDIA GeForce RTX 4080 Laptop GPU,5547,12282,6457,45.16,31,52,38.82
2025-07-09T03:14:18.307618,0,NVIDIA GeForce RTX 4080 Laptop GPU,5545,12282,6459,45.15,48,51,32.24
2025-07-09T03:14:28.343132,0,NVIDIA GeForce RTX 4080 Laptop GPU,5545,12282,6459,45.15,29,51,33.84
2025-07-09T03:14:38.375219,0,NVIDIA GeForce RTX 4080 Laptop GPU,5545,12282,6459,45.15,34,52,46.51
2025-07-09T03:14:48.409588,0,NVIDIA GeForce RTX 4080 Laptop GPU,5545,12282,6459,45.15,29,52,44.39
2025-07-09T03:14:58.443085,0,NVIDIA GeForce RTX 4080 Laptop GPU,5545,12282,6459,45.15,26,51,31.86
2025-07-09T03:15:08.469866,0,NVIDIA GeForce RTX 4080 Laptop GPU,5545,12282,6459,45.15,28,50,30.75
2025-07-09T03:15:18.502460,0,NVIDIA GeForce RTX 4080 Laptop GPU,5545,12282,6459,45.15,30,52,42.11
2025-07-09T03:15:28.529417,0,NVIDIA GeForce RTX 4080 Laptop GPU,5545,12282,6459,45.15,30,51,37.83
2025-07-09T03:15:38.557084,0,NVIDIA GeForce RTX 4080 Laptop GPU,5545,12282,6459,45.15,38,52,44.41
2025-07-09T03:15:48.589689,0,NVIDIA GeForce RTX 4080 Laptop GPU,5545,12282,6459,45.15,31,50,38.09
2025-07-09T03:15:58.622747,0,NVIDIA GeForce RTX 4080 Laptop GPU,5545,12282,6459,45.15,34,50,29.83
2025-07-09T03:16:08.651832,0,NVIDIA GeForce RTX 4080 Laptop GPU,5545,12282,6459,45.15,35,52,48.98
2025-07-09T03:16:18.684506,0,NVIDIA GeForce RTX 4080 Laptop GPU,5545,12282,6459,45.15,31,51,36.02
2025-07-09T03:16:28.711873,0,NVIDIA GeForce RTX 4080 Laptop GPU,5545,12282,6459,45.15,26,51,41.75
2025-07-09T03:16:38.739042,0,NVIDIA GeForce RTX 4080 Laptop GPU,5545,12282,6459,45.15,32,51,39.3
2025-07-09T03:16:48.779613,0,NVIDIA GeForce RTX 4080 Laptop GPU,5545,12282,6459,45.15,39,50,34.88
2025-07-09T03:16:58.807873,0,NVIDIA GeForce RTX 4080 Laptop GPU,5545,12282,6459,45.15,29,51,41.59
2025-07-09T03:17:08.834138,0,NVIDIA GeForce RTX 4080 Laptop GPU,5547,12282,6457,45.16,37,51,42.24
2025-07-09T03:17:18.881135,0,NVIDIA GeForce RTX 4080 Laptop GPU,5545,12282,6459,45.15,28,52,41.68
2025-07-09T03:17:28.912973,0,NVIDIA GeForce RTX 4080 Laptop GPU,5545,12282,6459,45.15,29,52,45.21
2025-07-09T03:17:38.941404,0,NVIDIA GeForce RTX 4080 Laptop GPU,5545,12282,6459,45.15,36,52,44.74
2025-07-09T03:17:48.968329,0,NVIDIA GeForce RTX 4080 Laptop GPU,5545,12282,6459,45.15,27,52,41.94
2025-07-09T03:17:58.994529,0,NVIDIA GeForce RTX 4080 Laptop GPU,5545,12282,6459,45.15,30,51,39.11
2025-07-09T03:18:09.020751,0,NVIDIA GeForce RTX 4080 Laptop GPU,5545,12282,6459,45.15,41,52,39.59
2025-07-09T03:18:19.048629,0,NVIDIA GeForce RTX 4080 Laptop GPU,5545,12282,6459,45.15,35,51,41.97
2025-07-09T03:18:29.077145,0,NVIDIA GeForce RTX 4080 Laptop GPU,5545,12282,6459,45.15,41,51,29.39
2025-07-09T03:18:39.103598,0,NVIDIA GeForce RTX 4080 Laptop GPU,5545,12282,6459,45.15,37,50,31.35
2025-07-09T03:18:49.132454,0,NVIDIA GeForce RTX 4080 Laptop GPU,5547,12282,6457,45.16,28,50,29.95
2025-07-09T03:18:59.159906,0,NVIDIA GeForce RTX 4080 Laptop GPU,5547,12282,6457,45.16,36,51,38.96
2025-07-09T03:19:09.191814,0,NVIDIA GeForce RTX 4080 Laptop GPU,5547,12282,6457,45.16,31,50,33.21
2025-07-09T03:19:19.218193,0,NVIDIA GeForce RTX 4080 Laptop GPU,5545,12282,6459,45.15,29,50,35.88
2025-07-09T03:19:29.257052,0,NVIDIA GeForce RTX 4080 Laptop GPU,5545,12282,6459,45.15,37,50,33.12
2025-07-09T03:19:39.292378,0,NVIDIA GeForce RTX 4080 Laptop GPU,5545,12282,6459,45.15,40,51,37.97
2025-07-09T03:19:49.332880,0,NVIDIA GeForce RTX 4080 Laptop GPU,5545,12282,6459,45.15,28,50,35.52
2025-07-09T03:19:59.368426,0,NVIDIA GeForce RTX 4080 Laptop GPU,5545,12282,6459,45.15,40,51,39.51
2025-07-09T03:20:09.393625,0,NVIDIA GeForce RTX 4080 Laptop GPU,5545,12282,6459,45.15,39,50,30.06
2025-07-09T03:20:19.425771,0,NVIDIA GeForce RTX 4080 Laptop GPU,5545,12282,6459,45.15,37,50,30.2
2025-07-09T03:20:29.457943,0,NVIDIA GeForce RTX 4080 Laptop GPU,5547,12282,6457,45.16,31,51,35.54
2025-07-09T03:20:39.489622,0,NVIDIA GeForce RTX 4080 Laptop GPU,5547,12282,6457,45.16,33,50,36.08
2025-07-09T03:20:49.518803,0,NVIDIA GeForce RTX 4080 Laptop GPU,5545,12282,6459,45.15,28,51,41.75
2025-07-09T03:20:59.551401,0,NVIDIA GeForce RTX 4080 Laptop GPU,5545,12282,6459,45.15,23,51,39.16
2025-07-09T03:21:09.580061,0,NVIDIA GeForce RTX 4080 Laptop GPU,5545,12282,6459,45.15,30,50,35.13
2025-07-09T03:21:19.609939,0,NVIDIA GeForce RTX 4080 Laptop GPU,5545,12282,6459,45.15,30,51,42.19
2025-07-09T03:21:29.641236,0,NVIDIA GeForce RTX 4080 Laptop GPU,5545,12282,6459,45.15,36,52,37.66
2025-07-09T03:21:39.670015,0,NVIDIA GeForce RTX 4080 Laptop GPU,5545,12282,6459,45.15,36,51,32.95
2025-07-09T03:21:49.696473,0,NVIDIA GeForce RTX 4080 Laptop GPU,5545,12282,6459,45.15,41,51,37.17
2025-07-09T03:21:59.723596,0,NVIDIA GeForce RTX 4080 Laptop GPU,5545,12282,6459,45.15,25,50,32.18
2025-07-09T03:22:09.752279,0,NVIDIA GeForce RTX 4080 Laptop GPU,5547,12282,6457,45.16,38,52,35.11
2025-07-09T03:22:19.781229,0,NVIDIA GeForce RTX 4080 Laptop GPU,5545,12282,6459,45.15,36,52,39.75
2025-07-09T03:22:29.814362,0,NVIDIA GeForce RTX 4080 Laptop GPU,5545,12282,6459,45.15,30,51,38.06
2025-07-09T03:22:39.840156,0,NVIDIA GeForce RTX 4080 Laptop GPU,5545,12282,6459,45.15,30,51,42.22
2025-07-09T03:22:49.867945,0,NVIDIA GeForce RTX 4080 Laptop GPU,5545,12282,6459,45.15,24,50,31.82
2025-07-09T03:22:59.903189,0,NVIDIA GeForce RTX 4080 Laptop GPU,5545,12282,6459,45.15,35,50,32.69
2025-07-09T03:23:09.938512,0,NVIDIA GeForce RTX 4080 Laptop GPU,5545,12282,6459,45.15,31,52,42.05
2025-07-09T03:23:19.967792,0,NVIDIA GeForce RTX 4080 Laptop GPU,5545,12282,6459,45.15,40,52,42.27
2025-07-09T03:23:29.998548,0,NVIDIA GeForce RTX 4080 Laptop GPU,5545,12282,6459,45.15,46,50,29.85
2025-07-09T03:23:40.025813,0,NVIDIA GeForce RTX 4080 Laptop GPU,5545,12282,6459,45.15,33,51,35.03
2025-07-09T03:23:50.053884,0,NVIDIA GeForce RTX 4080 Laptop GPU,5547,12282,6457,45.16,37,51,37.79
2025-07-09T03:24:00.079881,0,NVIDIA GeForce RTX 4080 Laptop GPU,5547,12282,6457,45.16,40,53,43.0
2025-07-09T03:24:10.114387,0,NVIDIA GeForce RTX 4080 Laptop GPU,5547,12282,6457,45.16,39,51,32.08
2025-07-09T03:24:20.141775,0,NVIDIA GeForce RTX 4080 Laptop GPU,5545,12282,6459,45.15,47,51,38.16
2025-07-09T03:24:30.168205,0,NVIDIA GeForce RTX 4080 Laptop GPU,5545,12282,6459,45.15,40,51,34.3
2025-07-09T03:24:40.196419,0,NVIDIA GeForce RTX 4080 Laptop GPU,5545,12282,6459,45.15,41,51,33.23
2025-07-09T03:24:50.231103,0,NVIDIA GeForce RTX 4080 Laptop GPU,5545,12282,6459,45.15,27,52,42.54
2025-07-09T03:25:00.256650,0,NVIDIA GeForce RTX 4080 Laptop GPU,5545,12282,6459,45.15,31,51,42.66
2025-07-09T03:25:10.287640,0,NVIDIA GeForce RTX 4080 Laptop GPU,5543,12282,6461,45.13,29,53,38.54
2025-07-09T03:25:20.321569,0,NVIDIA GeForce RTX 4080 Laptop GPU,5545,12282,6459,45.15,32,51,35.51
2025-07-09T03:25:30.363739,0,NVIDIA GeForce RTX 4080 Laptop GPU,5545,12282,6459,45.15,35,50,30.5
2025-07-09T03:25:40.391566,0,NVIDIA GeForce RTX 4080 Laptop GPU,5545,12282,6459,45.15,24,50,32.28
2025-07-09T03:25:50.417772,0,NVIDIA GeForce RTX 4080 Laptop GPU,5545,12282,6459,45.15,31,51,39.02
2025-07-09T03:26:00.449084,0,NVIDIA GeForce RTX 4080 Laptop GPU,5545,12282,6459,45.15,24,51,37.45
2025-07-09T03:26:10.475185,0,NVIDIA GeForce RTX 4080 Laptop GPU,5545,12282,6459,45.15,34,51,33.98
2025-07-09T03:26:20.510958,0,NVIDIA GeForce RTX 4080 Laptop GPU,5545,12282,6459,45.15,32,52,35.38
2025-07-09T03:26:30.537453,0,NVIDIA GeForce RTX 4080 Laptop GPU,5545,12282,6459,45.15,39,51,36.67
2025-07-09T03:26:40.564368,0,NVIDIA GeForce RTX 4080 Laptop GPU,5545,12282,6459,45.15,29,51,39.53
2025-07-09T03:26:50.600706,0,NVIDIA GeForce RTX 4080 Laptop GPU,5545,12282,6459,45.15,36,52,34.34
2025-07-09T03:27:00.636753,0,NVIDIA GeForce RTX 4080 Laptop GPU,5547,12282,6457,45.16,33,53,46.25
2025-07-09T03:27:10.686139,0,NVIDIA GeForce RTX 4080 Laptop GPU,5545,12282,6459,45.15,23,51,38.88
2025-07-09T03:27:20.717397,0,NVIDIA GeForce RTX 4080 Laptop GPU,5545,12282,6459,45.15,25,52,42.24
2025-07-09T03:27:30.746316,0,NVIDIA GeForce RTX 4080 Laptop GPU,5545,12282,6459,45.15,30,51,39.57
2025-07-09T03:27:40.774900,0,NVIDIA GeForce RTX 4080 Laptop GPU,5545,12282,6459,45.15,25,51,35.59
2025-07-09T03:27:50.804234,0,NVIDIA GeForce RTX 4080 Laptop GPU,5545,12282,6459,45.15,41,51,32.74
2025-07-09T03:28:00.830179,0,NVIDIA GeForce RTX 4080 Laptop GPU,5545,12282,6459,45.15,33,51,41.45
2025-07-09T03:28:10.866884,0,NVIDIA GeForce RTX 4080 Laptop GPU,5545,12282,6459,45.15,26,51,36.14
2025-07-09T03:28:20.898410,0,NVIDIA GeForce RTX 4080 Laptop GPU,5545,12282,6459,45.15,31,50,31.93
2025-07-09T03:28:30.938503,0,NVIDIA GeForce RTX 4080 Laptop GPU,5545,12282,6459,45.15,27,50,35.01
2025-07-09T03:28:40.967843,0,NVIDIA GeForce RTX 4080 Laptop GPU,5547,12282,6457,45.16,39,50,32.54
2025-07-09T03:28:50.996031,0,NVIDIA GeForce RTX 4080 Laptop GPU,5547,12282,6457,45.16,43,52,41.14
2025-07-09T03:29:01.021944,0,NVIDIA GeForce RTX 4080 Laptop GPU,5547,12282,6457,45.16,31,53,42.89
2025-07-09T03:29:11.056657,0,NVIDIA GeForce RTX 4080 Laptop GPU,5545,12282,6459,45.15,28,51,44.45
2025-07-09T03:29:21.082768,0,NVIDIA GeForce RTX 4080 Laptop GPU,5545,12282,6459,45.15,36,52,37.51
2025-07-09T03:29:31.117952,0,NVIDIA GeForce RTX 4080 Laptop GPU,5545,12282,6459,45.15,31,52,46.42
2025-07-09T03:29:41.144722,0,NVIDIA GeForce RTX 4080 Laptop GPU,5545,12282,6459,45.15,39,51,37.09
2025-07-09T03:29:51.172512,0,NVIDIA GeForce RTX 4080 Laptop GPU,5545,12282,6459,45.15,41,52,44.03
2025-07-09T03:30:01.206768,0,NVIDIA GeForce RTX 4080 Laptop GPU,5545,12282,6459,45.15,31,52,32.81
2025-07-09T03:30:11.237221,0,NVIDIA GeForce RTX 4080 Laptop GPU,5545,12282,6459,45.15,33,52,39.05
2025-07-09T03:30:21.268103,0,NVIDIA GeForce RTX 4080 Laptop GPU,5547,12282,6457,45.16,36,52,47.33
2025-07-09T03:30:31.293780,0,NVIDIA GeForce RTX 4080 Laptop GPU,5545,12282,6459,45.15,32,51,38.08
2025-07-09T03:30:41.316153,0,NVIDIA GeForce RTX 4080 Laptop GPU,5545,12282,6459,45.15,41,52,40.74
2025-07-09T03:30:51.351089,0,NVIDIA GeForce RTX 4080 Laptop GPU,5545,12282,6459,45.15,29,51,31.11
2025-07-09T03:31:01.382194,0,NVIDIA GeForce RTX 4080 Laptop GPU,5545,12282,6459,45.15,28,52,38.95
2025-07-09T03:31:11.411041,0,NVIDIA GeForce RTX 4080 Laptop GPU,5545,12282,6459,45.15,41,51,43.69
2025-07-09T03:31:21.440143,0,NVIDIA GeForce RTX 4080 Laptop GPU,5545,12282,6459,45.15,40,51,35.07
2025-07-09T03:31:31.478375,0,NVIDIA GeForce RTX 4080 Laptop GPU,5545,12282,6459,45.15,32,52,39.53
2025-07-09T03:31:41.505428,0,NVIDIA GeForce RTX 4080 Laptop GPU,5545,12282,6459,45.15,43,50,31.76
2025-07-09T03:31:51.539391,0,NVIDIA GeForce RTX 4080 Laptop GPU,5545,12282,6459,45.15,23,50,29.0
2025-07-09T03:32:01.588605,0,NVIDIA GeForce RTX 4080 Laptop GPU,5547,12282,6457,45.16,37,51,41.79
2025-07-09T03:32:11.614491,0,NVIDIA GeForce RTX 4080 Laptop GPU,5545,12282,6459,45.15,39,51,39.53
2025-07-09T03:32:21.641363,0,NVIDIA GeForce RTX 4080 Laptop GPU,5545,12282,6459,45.15,21,50,39.73
2025-07-09T03:32:31.670007,0,NVIDIA GeForce RTX 4080 Laptop GPU,5545,12282,6459,45.15,48,50,33.33
2025-07-09T03:32:41.702136,0,NVIDIA GeForce RTX 4080 Laptop GPU,5545,12282,6459,45.15,34,50,30.27
2025-07-09T03:32:51.728253,0,NVIDIA GeForce RTX 4080 Laptop GPU,5545,12282,6459,45.15,24,51,40.04
2025-07-09T03:33:01.768079,0,NVIDIA GeForce RTX 4080 Laptop GPU,5545,12282,6459,45.15,24,50,29.14
2025-07-09T03:33:11.795916,0,NVIDIA GeForce RTX 4080 Laptop GPU,5545,12282,6459,45.15,40,50,31.0
2025-07-09T03:33:21.827285,0,NVIDIA GeForce RTX 4080 Laptop GPU,5545,12282,6459,45.15,31,51,36.9
2025-07-09T03:33:31.861396,0,NVIDIA GeForce RTX 4080 Laptop GPU,5545,12282,6459,45.15,35,50,35.94
2025-07-09T03:33:41.887937,0,NVIDIA GeForce RTX 4080 Laptop GPU,5545,12282,6459,45.15,29,50,35.26
2025-07-09T03:33:51.915689,0,NVIDIA GeForce RTX 4080 Laptop GPU,5545,12282,6459,45.15,31,50,40.26
2025-07-09T03:34:01.948416,0,NVIDIA GeForce RTX 4080 Laptop GPU,5545,12282,6459,45.15,34,50,32.4
2025-07-09T03:34:11.986381,0,NVIDIA GeForce RTX 4080 Laptop GPU,5545,12282,6459,45.15,28,51,44.13
2025-07-09T03:34:22.011793,0,NVIDIA GeForce RTX 4080 Laptop GPU,5545,12282,6459,45.15,39,50,30.11
2025-07-09T03:34:32.040803,0,NVIDIA GeForce RTX 4080 Laptop GPU,5545,12282,6459,45.15,38,50,29.85
2025-07-09T03:34:42.077379,0,NVIDIA GeForce RTX 4080 Laptop GPU,5545,12282,6459,45.15,33,50,35.41
2025-07-09T03:34:52.110806,0,NVIDIA GeForce RTX 4080 Laptop GPU,5545,12282,6459,45.15,38,50,33.13
2025-07-09T03:35:02.138908,0,NVIDIA GeForce RTX 4080 Laptop GPU,5545,12282,6459,45.15,37,51,36.73
2025-07-09T03:35:12.171480,0,NVIDIA GeForce RTX 4080 Laptop GPU,5545,12282,6459,45.15,32,50,32.55
2025-07-09T03:35:22.198720,0,NVIDIA GeForce RTX 4080 Laptop GPU,5547,12282,6457,45.16,31,50,38.58
2025-07-09T03:35:32.225905,0,NVIDIA GeForce RTX 4080 Laptop GPU,5545,12282,6459,45.15,30,50,38.29
2025-07-09T03:35:42.252565,0,NVIDIA GeForce RTX 4080 Laptop GPU,5545,12282,6459,45.15,32,51,37.51
2025-07-09T03:35:52.280557,0,NVIDIA GeForce RTX 4080 Laptop GPU,5545,12282,6459,45.15,32,53,50.8
2025-07-09T03:36:02.310151,0,NVIDIA GeForce RTX 4080 Laptop GPU,5545,12282,6459,45.15,29,54,46.92
2025-07-09T03:36:12.337904,0,NVIDIA GeForce RTX 4080 Laptop GPU,5545,12282,6459,45.15,36,51,35.58
2025-07-09T03:36:22.366866,0,NVIDIA GeForce RTX 4080 Laptop GPU,5545,12282,6459,45.15,28,51,37.63
2025-07-09T03:36:32.393970,0,NVIDIA GeForce RTX 4080 Laptop GPU,5545,12282,6459,45.15,26,51,44.12
2025-07-09T03:36:42.431745,0,NVIDIA GeForce RTX 4080 Laptop GPU,5545,12282,6459,45.15,29,51,42.43
2025-07-09T03:36:52.461458,0,NVIDIA GeForce RTX 4080 Laptop GPU,5545,12282,6459,45.15,39,52,40.51
2025-07-09T03:37:02.491671,0,NVIDIA GeForce RTX 4080 Laptop GPU,5547,12282,6457,45.16,28,51,39.49
2025-07-09T03:37:12.517976,0,NVIDIA GeForce RTX 4080 Laptop GPU,5545,12282,6459,45.15,35,52,41.83
2025-07-09T03:37:22.544904,0,NVIDIA GeForce RTX 4080 Laptop GPU,5545,12282,6459,45.15,42,51,38.58
2025-07-09T03:37:32.580559,0,NVIDIA GeForce RTX 4080 Laptop GPU,5545,12282,6459,45.15,28,51,32.27
2025-07-09T03:37:42.614031,0,NVIDIA GeForce RTX 4080 Laptop GPU,5545,12282,6459,45.15,36,51,38.57
2025-07-09T03:37:52.646457,0,NVIDIA GeForce RTX 4080 Laptop GPU,5545,12282,6459,45.15,35,52,39.04
2025-07-09T03:38:02.676192,0,NVIDIA GeForce RTX 4080 Laptop GPU,5545,12282,6459,45.15,31,51,38.17
2025-07-09T03:38:12.705276,0,NVIDIA GeForce RTX 4080 Laptop GPU,5545,12282,6459,45.15,37,51,37.84
2025-07-09T03:38:22.732943,0,NVIDIA GeForce RTX 4080 Laptop GPU,5545,12282,6459,45.15,37,50,33.59
2025-07-09T03:38:32.761735,0,NVIDIA GeForce RTX 4080 Laptop GPU,5545,12282,6459,45.15,30,52,42.57
2025-07-09T03:38:42.797141,0,NVIDIA GeForce RTX 4080 Laptop GPU,5545,12282,6459,45.15,32,52,32.63
2025-07-09T03:38:52.826122,0,NVIDIA GeForce RTX 4080 Laptop GPU,5545,12282,6459,45.15,33,52,34.58
2025-07-09T03:39:02.852398,0,NVIDIA GeForce RTX 4080 Laptop GPU,5545,12282,6459,45.15,34,53,46.46
2025-07-09T03:39:12.878625,0,NVIDIA GeForce RTX 4080 Laptop GPU,5545,12282,6459,45.15,45,51,30.93
2025-07-09T03:39:22.905431,0,NVIDIA GeForce RTX 4080 Laptop GPU,5545,12282,6459,45.15,41,50,31.74
2025-07-09T03:39:32.932158,0,NVIDIA GeForce RTX 4080 Laptop GPU,5545,12282,6459,45.15,40,51,39.31
2025-07-09T03:39:42.958773,0,NVIDIA GeForce RTX 4080 Laptop GPU,5545,12282,6459,45.15,37,51,45.11
2025-07-09T03:39:52.984110,0,NVIDIA GeForce RTX 4080 Laptop GPU,5545,12282,6459,45.15,34,51,41.1
2025-07-09T03:40:03.028859,0,NVIDIA GeForce RTX 4080 Laptop GPU,5545,12282,6459,45.15,24,51,30.0
2025-07-09T03:40:13.055934,0,NVIDIA GeForce RTX 4080 Laptop GPU,5545,12282,6459,45.15,32,50,31.58
2025-07-09T03:40:23.082206,0,NVIDIA GeForce RTX 4080 Laptop GPU,5547,12282,6457,45.16,34,51,37.33
2025-07-09T03:40:33.114609,0,NVIDIA GeForce RTX 4080 Laptop GPU,5545,12282,6459,45.15,40,51,44.87
2025-07-09T03:40:43.146782,0,NVIDIA GeForce RTX 4080 Laptop GPU,5545,12282,6459,45.15,38,50,35.95
2025-07-09T03:40:53.173081,0,NVIDIA GeForce RTX 4080 Laptop GPU,5545,12282,6459,45.15,44,51,39.47
2025-07-09T03:41:03.209089,0,NVIDIA GeForce RTX 4080 Laptop GPU,5545,12282,6459,45.15,31,51,36.63
2025-07-09T03:41:13.244551,0,NVIDIA GeForce RTX 4080 Laptop GPU,5545,12282,6459,45.15,29,52,42.91
2025-07-09T03:41:23.275375,0,NVIDIA GeForce RTX 4080 Laptop GPU,5545,12282,6459,45.15,34,50,34.06
2025-07-09T03:41:33.303315,0,NVIDIA GeForce RTX 4080 Laptop GPU,5545,12282,6459,45.15,31,51,42.88
2025-07-09T03:41:43.340116,0,NVIDIA GeForce RTX 4080 Laptop GPU,5545,12282,6459,45.15,32,51,38.58
2025-07-09T03:41:53.380549,0,NVIDIA GeForce RTX 4080 Laptop GPU,5547,12282,6457,45.16,19,52,43.22
2025-07-09T03:42:03.408273,0,NVIDIA GeForce RTX 4080 Laptop GPU,5547,12282,6457,45.16,31,50,30.62
2025-07-09T03:42:13.434332,0,NVIDIA GeForce RTX 4080 Laptop GPU,5545,12282,6459,45.15,45,50,30.45
2025-07-09T03:42:23.460668,0,NVIDIA GeForce RTX 4080 Laptop GPU,5545,12282,6459,45.15,44,51,37.42
2025-07-09T03:42:33.489502,0,NVIDIA GeForce RTX 4080 Laptop GPU,5545,12282,6459,45.15,42,51,40.06
2025-07-09T03:42:43.519020,0,NVIDIA GeForce RTX 4080 Laptop GPU,5545,12282,6459,45.15,28,51,35.58
2025-07-09T03:42:53.546784,0,NVIDIA GeForce RTX 4080 Laptop GPU,5545,12282,6459,45.15,43,51,36.32
2025-07-09T03:43:03.583227,0,NVIDIA GeForce RTX 4080 Laptop GPU,5545,12282,6459,45.15,22,51,39.45
2025-07-09T03:43:13.618268,0,NVIDIA GeForce RTX 4080 Laptop GPU,5545,12282,6459,45.15,26,51,34.06
2025-07-09T03:43:23.646472,0,NVIDIA GeForce RTX 4080 Laptop GPU,5545,12282,6459,45.15,46,51,36.09
2025-07-09T03:43:33.673513,0,NVIDIA GeForce RTX 4080 Laptop GPU,5547,12282,6457,45.16,36,50,29.84
2025-07-09T03:43:43.701852,0,NVIDIA GeForce RTX 4080 Laptop GPU,5545,12282,6459,45.15,32,50,37.56
2025-07-09T03:43:53.733239,0,NVIDIA GeForce RTX 4080 Laptop GPU,5545,12282,6459,45.15,30,50,29.42
2025-07-09T03:44:03.770920,0,NVIDIA GeForce RTX 4080 Laptop GPU,5545,12282,6459,45.15,27,51,44.79
2025-07-09T03:44:13.802268,0,NVIDIA GeForce RTX 4080 Laptop GPU,5545,12282,6459,45.15,28,50,33.08
2025-07-09T03:44:23.829026,0,NVIDIA GeForce RTX 4080 Laptop GPU,5545,12282,6459,45.15,19,50,35.57
2025-07-09T03:44:33.866160,0,NVIDIA GeForce RTX 4080 Laptop GPU,5545,12282,6459,45.15,30,50,40.37
2025-07-09T03:44:43.900080,0,NVIDIA GeForce RTX 4080 Laptop GPU,5545,12282,6459,45.15,30,50,42.28
2025-07-09T03:44:53.932692,0,NVIDIA GeForce RTX 4080 Laptop GPU,5545,12282,6459,45.15,43,51,43.05
2025-07-09T03:45:03.961741,0,NVIDIA GeForce RTX 4080 Laptop GPU,5545,12282,6459,45.15,36,52,38.71
2025-07-09T03:45:13.995800,0,NVIDIA GeForce RTX 4080 Laptop GPU,5547,12282,6457,45.16,31,51,33.08
2025-07-09T03:45:24.023945,0,NVIDIA GeForce RTX 4080 Laptop GPU,5547,12282,6457,45.16,35,52,47.35
2025-07-09T03:45:34.049771,0,NVIDIA GeForce RTX 4080 Laptop GPU,5545,12282,6459,45.15,38,50,34.51
2025-07-09T03:45:44.084710,0,NVIDIA GeForce RTX 4080 Laptop GPU,5545,12282,6459,45.15,40,50,30.44
2025-07-09T03:45:54.121048,0,NVIDIA GeForce RTX 4080 Laptop GPU,5545,12282,6459,45.15,31,50,29.36
2025-07-09T03:46:04.157488,0,NVIDIA GeForce RTX 4080 Laptop GPU,5545,12282,6459,45.15,29,49,28.48
2025-07-09T03:46:14.187410,0,NVIDIA GeForce RTX 4080 Laptop GPU,5545,12282,6459,45.15,32,50,35.65
2025-07-09T03:46:24.213932,0,NVIDIA GeForce RTX 4080 Laptop GPU,5545,12282,6459,45.15,34,51,37.1
2025-07-09T03:46:34.243044,0,NVIDIA GeForce RTX 4080 Laptop GPU,5545,12282,6459,45.15,41,50,41.51
2025-07-09T03:46:44.269165,0,NVIDIA GeForce RTX 4080 Laptop GPU,5545,12282,6459,45.15,26,49,30.17
2025-07-09T03:46:54.312522,0,NVIDIA GeForce RTX 4080 Laptop GPU,5545,12282,6459,45.15,23,49,31.05
2025-07-09T03:47:04.341785,0,NVIDIA GeForce RTX 4080 Laptop GPU,5547,12282,6457,45.16,30,50,37.77
2025-07-09T03:47:14.373695,0,NVIDIA GeForce RTX 4080 Laptop GPU,5545,12282,6459,45.15,23,50,41.83
2025-07-09T03:47:24.402026,0,NVIDIA GeForce RTX 4080 Laptop GPU,5545,12282,6459,45.15,42,51,31.73
2025-07-09T03:47:34.433632,0,NVIDIA GeForce RTX 4080 Laptop GPU,5545,12282,6459,45.15,34,50,35.75
2025-07-09T03:47:44.460520,0,NVIDIA GeForce RTX 4080 Laptop GPU,5545,12282,6459,45.15,37,51,39.72
2025-07-09T03:47:54.496677,0,NVIDIA GeForce RTX 4080 Laptop GPU,5545,12282,6459,45.15,28,50,43.61
2025-07-09T03:48:04.525169,0,NVIDIA GeForce RTX 4080 Laptop GPU,5545,12282,6459,45.15,39,50,36.4
2025-07-09T03:48:14.562971,0,NVIDIA GeForce RTX 4080 Laptop GPU,5545,12282,6459,45.15,37,50,32.26
2025-07-09T03:48:24.590516,0,NVIDIA GeForce RTX 4080 Laptop GPU,5545,12282,6459,45.15,21,51,42.56
2025-07-09T03:48:34.625871,0,NVIDIA GeForce RTX 4080 Laptop GPU,5547,12282,6457,45.16,32,51,36.3
2025-07-09T03:48:44.655910,0,NVIDIA GeForce RTX 4080 Laptop GPU,5545,12282,6459,45.15,35,53,40.9
2025-07-09T03:48:54.687326,0,NVIDIA GeForce RTX 4080 Laptop GPU,5545,12282,6459,45.15,28,51,45.0
2025-07-09T03:49:04.716738,0,NVIDIA GeForce RTX 4080 Laptop GPU,5545,12282,6459,45.15,34,51,35.9
2025-07-09T03:49:14.747612,0,NVIDIA GeForce RTX 4080 Laptop GPU,5545,12282,6459,45.15,39,52,46.59
2025-07-09T03:49:24.773682,0,NVIDIA GeForce RTX 4080 Laptop GPU,5545,12282,6459,45.15,44,52,38.13
2025-07-09T03:49:34.800260,0,NVIDIA GeForce RTX 4080 Laptop GPU,5545,12282,6459,45.15,34,51,38.24
2025-07-09T03:49:44.838002,0,NVIDIA GeForce RTX 4080 Laptop GPU,5545,12282,6459,45.15,31,51,40.82
2025-07-09T03:49:54.866241,0,NVIDIA GeForce RTX 4080 Laptop GPU,5545,12282,6459,45.15,30,50,34.43
2025-07-09T03:50:04.896775,0,NVIDIA GeForce RTX 4080 Laptop GPU,5545,12282,6459,45.15,29,51,40.34
2025-07-09T03:50:14.928960,0,NVIDIA GeForce RTX 4080 Laptop GPU,5545,12282,6459,45.15,38,50,31.2
2025-07-09T03:50:24.956312,0,NVIDIA GeForce RTX 4080 Laptop GPU,5545,12282,6459,45.15,42,51,31.66
2025-07-09T03:50:34.987337,0,NVIDIA GeForce RTX 4080 Laptop GPU,5545,12282,6459,45.15,37,51,31.75
2025-07-09T03:50:45.027006,0,NVIDIA GeForce RTX 4080 Laptop GPU,5545,12282,6459,45.15,31,51,38.04
2025-07-09T03:50:55.056867,0,NVIDIA GeForce RTX 4080 Laptop GPU,5545,12282,6459,45.15,32,50,30.95
2025-07-09T03:51:05.087368,0,NVIDIA GeForce RTX 4080 Laptop GPU,5545,12282,6459,45.15,30,51,39.96
2025-07-09T03:51:15.118983,0,NVIDIA GeForce RTX 4080 Laptop GPU,5545,12282,6459,45.15,38,51,45.02
2025-07-09T03:51:25.145099,0,NVIDIA GeForce RTX 4080 Laptop GPU,5545,12282,6459,45.15,36,50,29.92
2025-07-09T03:51:35.172430,0,NVIDIA GeForce RTX 4080 Laptop GPU,5545,12282,6459,45.15,36,51,38.82
2025-07-09T03:51:45.208347,0,NVIDIA GeForce RTX 4080 Laptop GPU,5545,12282,6459,45.15,38,51,32.27
2025-07-09T03:51:55.237467,0,NVIDIA GeForce RTX 4080 Laptop GPU,5547,12282,6457,45.16,34,50,34.44
2025-07-09T03:52:05.265804,0,NVIDIA GeForce RTX 4080 Laptop GPU,5547,12282,6457,45.16,24,52,38.85
2025-07-09T03:52:15.295259,0,NVIDIA GeForce RTX 4080 Laptop GPU,5545,12282,6459,45.15,36,51,39.86
2025-07-09T03:52:25.325900,0,NVIDIA GeForce RTX 4080 Laptop GPU,5545,12282,6459,45.15,39,50,30.31
2025-07-09T03:52:35.358374,0,NVIDIA GeForce RTX 4080 Laptop GPU,5545,12282,6459,45.15,43,51,37.74
2025-07-09T03:52:45.386089,0,NVIDIA GeForce RTX 4080 Laptop GPU,5545,12282,6459,45.15,35,51,41.63
2025-07-09T03:52:55.422758,0,NVIDIA GeForce RTX 4080 Laptop GPU,5545,12282,6459,45.15,30,50,33.39
2025-07-09T03:53:05.457487,0,NVIDIA GeForce RTX 4080 Laptop GPU,5545,12282,6459,45.15,23,50,29.4
2025-07-09T03:53:15.486036,0,NVIDIA GeForce RTX 4080 Laptop GPU,5545,12282,6459,45.15,28,51,47.26
2025-07-09T03:53:25.514805,0,NVIDIA GeForce RTX 4080 Laptop GPU,5545,12282,6459,45.15,37,50,38.24
2025-07-09T03:53:35.544630,0,NVIDIA GeForce RTX 4080 Laptop GPU,5547,12282,6457,45.16,40,51,43.08
2025-07-09T03:53:45.573367,0,NVIDIA GeForce RTX 4080 Laptop GPU,5545,12282,6459,45.15,29,52,43.59
2025-07-09T03:53:55.608789,0,NVIDIA GeForce RTX 4080 Laptop GPU,5545,12282,6459,45.15,38,50,31.13
2025-07-09T03:54:05.639797,0,NVIDIA GeForce RTX 4080 Laptop GPU,5545,12282,6459,45.15,30,51,43.8
2025-07-09T03:54:15.674304,0,NVIDIA GeForce RTX 4080 Laptop GPU,5545,12282,6459,45.15,22,52,41.03
2025-07-09T03:54:25.703158,0,NVIDIA GeForce RTX 4080 Laptop GPU,5413,12282,6591,44.07,38,51,37.23
2025-07-09T03:54:35.740036,0,NVIDIA GeForce RTX 4080 Laptop GPU,5545,12282,6459,45.15,28,50,35.49
2025-07-09T03:54:45.767416,0,NVIDIA GeForce RTX 4080 Laptop GPU,5545,12282,6459,45.15,28,51,38.82
2025-07-09T03:54:55.802566,0,NVIDIA GeForce RTX 4080 Laptop GPU,5545,12282,6459,45.15,31,51,36.96
2025-07-09T03:55:05.829739,0,NVIDIA GeForce RTX 4080 Laptop GPU,5545,12282,6459,45.15,39,51,46.44
2025-07-09T03:55:15.855757,0,NVIDIA GeForce RTX 4080 Laptop GPU,5545,12282,6459,45.15,34,50,32.54
2025-07-09T03:55:25.886131,0,NVIDIA GeForce RTX 4080 Laptop GPU,5545,12282,6459,45.15,34,51,35.58
2025-07-09T03:55:35.921258,0,NVIDIA GeForce RTX 4080 Laptop GPU,5545,12282,6459,45.15,37,50,30.65
2025-07-09T03:55:45.948137,0,NVIDIA GeForce RTX 4080 Laptop GPU,5545,12282,6459,45.15,37,50,29.89
2025-07-09T03:55:55.978457,0,NVIDIA GeForce RTX 4080 Laptop GPU,5545,12282,6459,45.15,24,50,40.43
2025-07-09T03:56:06.004075,0,NVIDIA GeForce RTX 4080 Laptop GPU,5545,12282,6459,45.15,31,50,41.31
2025-07-09T03:56:16.030455,0,NVIDIA GeForce RTX 4080 Laptop GPU,5545,12282,6459,45.15,33,50,34.7
2025-07-09T03:56:26.062279,0,NVIDIA GeForce RTX 4080 Laptop GPU,5545,12282,6459,45.15,31,50,36.48
2025-07-09T03:56:36.101985,0,NVIDIA GeForce RTX 4080 Laptop GPU,5545,12282,6459,45.15,38,50,31.59
2025-07-09T03:56:46.130864,0,NVIDIA GeForce RTX 4080 Laptop GPU,5545,12282,6459,45.15,34,50,33.56
2025-07-09T03:56:56.158315,0,NVIDIA GeForce RTX 4080 Laptop GPU,5547,12282,6457,45.16,42,50,30.96
2025-07-09T03:57:06.184581,0,NVIDIA GeForce RTX 4080 Laptop GPU,5547,12282,6457,45.16,35,51,41.92
2025-07-09T03:57:16.223160,0,NVIDIA GeForce RTX 4080 Laptop GPU,5545,12282,6459,45.15,29,50,30.3
2025-07-09T03:57:26.256405,0,NVIDIA GeForce RTX 4080 Laptop GPU,5545,12282,6459,45.15,30,50,33.15
2025-07-09T03:57:36.284226,0,NVIDIA GeForce RTX 4080 Laptop GPU,5545,12282,6459,45.15,46,51,30.94
2025-07-09T03:57:46.310709,0,NVIDIA GeForce RTX 4080 Laptop GPU,5545,12282,6459,45.15,30,51,39.35
2025-07-09T03:57:56.338256,0,NVIDIA GeForce RTX 4080 Laptop GPU,5545,12282,6459,45.15,46,50,31.06
2025-07-09T03:58:06.379914,0,NVIDIA GeForce RTX 4080 Laptop GPU,5545,12282,6459,45.15,41,50,39.01
2025-07-09T03:58:16.406577,0,NVIDIA GeForce RTX 4080 Laptop GPU,5545,12282,6459,45.15,32,51,45.35
2025-07-09T03:58:26.445284,0,NVIDIA GeForce RTX 4080 Laptop GPU,5545,12282,6459,45.15,25,50,28.98
2025-07-09T03:58:36.475222,0,NVIDIA GeForce RTX 4080 Laptop GPU,5547,12282,6457,45.16,32,50,33.54
2025-07-09T03:58:46.509508,0,NVIDIA GeForce RTX 4080 Laptop GPU,5545,12282,6459,45.15,27,50,36.44
2025-07-09T03:58:56.536674,0,NVIDIA GeForce RTX 4080 Laptop GPU,5545,12282,6459,45.15,37,49,29.78
2025-07-09T03:59:06.561746,0,NVIDIA GeForce RTX 4080 Laptop GPU,5545,12282,6459,45.15,40,50,37.9
2025-07-09T03:59:16.589796,0,NVIDIA GeForce RTX 4080 Laptop GPU,5545,12282,6459,45.15,33,50,39.05
2025-07-09T03:59:26.623902,0,NVIDIA GeForce RTX 4080 Laptop GPU,5545,12282,6459,45.15,31,50,33.11
2025-07-09T03:59:36.652864,0,NVIDIA GeForce RTX 4080 Laptop GPU,5545,12282,6459,45.15,26,50,35.5
2025-07-09T03:59:46.686230,0,NVIDIA GeForce RTX 4080 Laptop GPU,5545,12282,6459,45.15,26,50,41.58
2025-07-09T03:59:56.722916,0,NVIDIA GeForce RTX 4080 Laptop GPU,5545,12282,6459,45.15,32,49,28.94
2025-07-09T04:00:06.760241,0,NVIDIA GeForce RTX 4080 Laptop GPU,5545,12282,6459,45.15,27,50,43.05
2025-07-09T04:00:16.787734,0,NVIDIA GeForce RTX 4080 Laptop GPU,5547,12282,6457,45.16,39,53,40.4
2025-07-09T04:00:26.827086,0,NVIDIA GeForce RTX 4080 Laptop GPU,5545,12282,6459,45.15,21,53,45.63
2025-07-09T04:00:36.859429,0,NVIDIA GeForce RTX 4080 Laptop GPU,5545,12282,6459,45.15,34,52,33.87
2025-07-09T04:00:46.890567,0,NVIDIA GeForce RTX 4080 Laptop GPU,5545,12282,6459,45.15,30,54,41.11
2025-07-09T04:00:56.918824,0,NVIDIA GeForce RTX 4080 Laptop GPU,5545,12282,6459,45.15,32,54,34.26
2025-07-09T04:01:06.949344,0,NVIDIA GeForce RTX 4080 Laptop GPU,5545,12282,6459,45.15,32,54,39.34
2025-07-09T04:01:16.982237,0,NVIDIA GeForce RTX 4080 Laptop GPU,5545,12282,6459,45.15,22,54,29.62
2025-07-09T04:01:27.011291,0,NVIDIA GeForce RTX 4080 Laptop GPU,5545,12282,6459,45.15,39,54,37.09
2025-07-09T04:01:37.041252,0,NVIDIA GeForce RTX 4080 Laptop GPU,5545,12282,6459,45.15,32,55,33.55
2025-07-09T04:01:47.072031,0,NVIDIA GeForce RTX 4080 Laptop GPU,5545,12282,6459,45.15,34,53,31.68
2025-07-09T04:01:57.102368,0,NVIDIA GeForce RTX 4080 Laptop GPU,5547,12282,6457,45.16,37,54,37.71
2025-07-09T04:02:07.134337,0,NVIDIA GeForce RTX 4080 Laptop GPU,5547,12282,6457,45.16,21,53,40.9
2025-07-09T04:02:17.165962,0,NVIDIA GeForce RTX 4080 Laptop GPU,5545,12282,6459,45.15,37,52,30.19
2025-07-09T04:02:27.193044,0,NVIDIA GeForce RTX 4080 Laptop GPU,5545,12282,6459,45.15,43,52,33.09
2025-07-09T04:02:37.220238,0,NVIDIA GeForce RTX 4080 Laptop GPU,5545,12282,6459,45.15,38,52,31.68
2025-07-09T04:02:47.251839,0,NVIDIA GeForce RTX 4080 Laptop GPU,5545,12282,6459,45.15,43,52,33.01
2025-07-09T04:02:57.280349,0,NVIDIA GeForce RTX 4080 Laptop GPU,5545,12282,6459,45.15,40,53,42.56
2025-07-09T04:03:07.308008,0,NVIDIA GeForce RTX 4080 Laptop GPU,5545,12282,6459,45.15,34,52,38.51
2025-07-09T04:03:17.336978,0,NVIDIA GeForce RTX 4080 Laptop GPU,5545,12282,6459,45.15,33,51,30.12
2025-07-09T04:03:27.370950,0,NVIDIA GeForce RTX 4080 Laptop GPU,5545,12282,6459,45.15,30,52,47.47
2025-07-09T04:03:37.409836,0,NVIDIA GeForce RTX 4080 Laptop GPU,5547,12282,6457,45.16,31,52,35.53
2025-07-09T04:03:47.444386,0,NVIDIA GeForce RTX 4080 Laptop GPU,5545,12282,6459,45.15,43,51,37.38
2025-07-09T04:03:57.474893,0,NVIDIA GeForce RTX 4080 Laptop GPU,5545,12282,6459,45.15,41,52,43.11
2025-07-09T04:04:07.502014,0,NVIDIA GeForce RTX 4080 Laptop GPU,5545,12282,6459,45.15,33,51,30.47
2025-07-09T04:04:17.530534,0,NVIDIA GeForce RTX 4080 Laptop GPU,5545,12282,6459,45.15,37,51,37.37
2025-07-09T04:04:27.566149,0,NVIDIA GeForce RTX 4080 Laptop GPU,5545,12282,6459,45.15,29,52,39.38
2025-07-09T04:04:37.595317,0,NVIDIA GeForce RTX 4080 Laptop GPU,5545,12282,6459,45.15,34,51,32.61
2025-07-09T04:04:47.626795,0,NVIDIA GeForce RTX 4080 Laptop GPU,5545,12282,6459,45.15,41,52,42.66
2025-07-09T04:04:57.659697,0,NVIDIA GeForce RTX 4080 Laptop GPU,5545,12282,6459,45.15,33,51,35.99
2025-07-09T04:05:07.696031,0,NVIDIA GeForce RTX 4080 Laptop GPU,5545,12282,6459,45.15,44,53,39.64
2025-07-09T04:05:17.727826,0,NVIDIA GeForce RTX 4080 Laptop GPU,5547,12282,6457,45.16,41,51,33.18
2025-07-09T04:05:27.755670,0,NVIDIA GeForce RTX 4080 Laptop GPU,5545,12282,6459,45.15,46,51,35.67
2025-07-09T04:05:37.790996,0,NVIDIA GeForce RTX 4080 Laptop GPU,5545,12282,6459,45.15,39,52,41.02
2025-07-09T04:05:47.826099,0,NVIDIA GeForce RTX 4080 Laptop GPU,5545,12282,6459,45.15,42,53,42.45
2025-07-09T04:05:57.855913,0,NVIDIA GeForce RTX 4080 Laptop GPU,5545,12282,6459,45.15,38,51,34.56
2025-07-09T04:06:07.887919,0,NVIDIA GeForce RTX 4080 Laptop GPU,5545,12282,6459,45.15,36,51,36.12
2025-07-09T04:06:17.915501,0,NVIDIA GeForce RTX 4080 Laptop GPU,5545,12282,6459,45.15,34,52,37.8
2025-07-09T04:06:27.945236,0,NVIDIA GeForce RTX 4080 Laptop GPU,5545,12282,6459,45.15,28,51,32.38
2025-07-09T04:06:37.971194,0,NVIDIA GeForce RTX 4080 Laptop GPU,5545,12282,6459,45.15,22,52,46.27
2025-07-09T04:06:48.005325,0,NVIDIA GeForce RTX 4080 Laptop GPU,5545,12282,6459,45.15,31,50,34.42
2025-07-09T04:06:58.035268,0,NVIDIA GeForce RTX 4080 Laptop GPU,5547,12282,6457,45.16,40,51,38.92
2025-07-09T04:07:08.064872,0,NVIDIA GeForce RTX 4080 Laptop GPU,5547,12282,6457,45.16,37,52,38.39
2025-07-09T04:07:18.094429,0,NVIDIA GeForce RTX 4080 Laptop GPU,5545,12282,6459,45.15,29,53,40.0
2025-07-09T04:07:28.124221,0,NVIDIA GeForce RTX 4080 Laptop GPU,5545,12282,6459,45.15,37,51,40.68
2025-07-09T04:07:38.150466,0,NVIDIA GeForce RTX 4080 Laptop GPU,5545,12282,6459,45.15,35,51,40.64
2025-07-09T04:07:48.188470,0,NVIDIA GeForce RTX 4080 Laptop GPU,5545,12282,6459,45.15,41,51,41.67
2025-07-09T04:07:58.231995,0,NVIDIA GeForce RTX 4080 Laptop GPU,5545,12282,6459,45.15,35,52,46.83
2025-07-09T04:08:08.270319,0,NVIDIA GeForce RTX 4080 Laptop GPU,5545,12282,6459,45.15,33,51,34.52
2025-07-09T04:08:18.296614,0,NVIDIA GeForce RTX 4080 Laptop GPU,5545,12282,6459,45.15,37,52,36.67
2025-07-09T04:08:28.331105,0,NVIDIA GeForce RTX 4080 Laptop GPU,5545,12282,6459,45.15,29,53,39.24
2025-07-09T04:08:38.362293,0,NVIDIA GeForce RTX 4080 Laptop GPU,5547,12282,6457,45.16,36,50,28.82
2025-07-09T04:08:48.388350,0,NVIDIA GeForce RTX 4080 Laptop GPU,5545,12282,6459,45.15,35,53,49.4
2025-07-09T04:08:58.417620,0,NVIDIA GeForce RTX 4080 Laptop GPU,5545,12282,6459,45.15,29,51,39.74
2025-07-09T04:09:08.450545,0,NVIDIA GeForce RTX 4080 Laptop GPU,5545,12282,6459,45.15,31,51,42.45
2025-07-09T04:09:18.486384,0,NVIDIA GeForce RTX 4080 Laptop GPU,5545,12282,6459,45.15,31,53,46.37
2025-07-09T04:09:28.525667,0,NVIDIA GeForce RTX 4080 Laptop GPU,5545,12282,6459,45.15,36,53,44.47
2025-07-09T04:09:38.554085,0,NVIDIA GeForce RTX 4080 Laptop GPU,5545,12282,6459,45.15,47,52,31.85
2025-07-09T04:09:48.587515,0,NVIDIA GeForce RTX 4080 Laptop GPU,5545,12282,6459,45.15,35,52,39.73
2025-07-09T04:09:58.614757,0,NVIDIA GeForce RTX 4080 Laptop GPU,5545,12282,6459,45.15,37,52,45.32
2025-07-09T04:10:08.640515,0,NVIDIA GeForce RTX 4080 Laptop GPU,5547,12282,6457,45.16,35,50,29.99
2025-07-09T04:10:18.680115,0,NVIDIA GeForce RTX 4080 Laptop GPU,5545,12282,6459,45.15,36,51,38.65
2025-07-09T04:10:28.711308,0,NVIDIA GeForce RTX 4080 Laptop GPU,5545,12282,6459,45.15,28,51,42.3
2025-07-09T04:10:38.738902,0,NVIDIA GeForce RTX 4080 Laptop GPU,5545,12282,6459,45.15,34,50,34.3
2025-07-09T04:10:48.771693,0,NVIDIA GeForce RTX 4080 Laptop GPU,5545,12282,6459,45.15,29,54,48.58
2025-07-09T04:10:58.798738,0,NVIDIA GeForce RTX 4080 Laptop GPU,5545,12282,6459,45.15,23,51,38.0
2025-07-09T04:11:08.828655,0,NVIDIA GeForce RTX 4080 Laptop GPU,5545,12282,6459,45.15,34,51,32.97
2025-07-09T04:11:18.856830,0,NVIDIA GeForce RTX 4080 Laptop GPU,5545,12282,6459,45.15,38,52,46.12
2025-07-09T04:11:28.893946,0,NVIDIA GeForce RTX 4080 Laptop GPU,5545,12282,6459,45.15,35,54,39.71
2025-07-09T04:11:38.926150,0,NVIDIA GeForce RTX 4080 Laptop GPU,5545,12282,6459,45.15,33,52,35.93
2025-07-09T04:11:48.952523,0,NVIDIA GeForce RTX 4080 Laptop GPU,5547,12282,6457,45.16,27,52,33.18
2025-07-09T04:11:58.994074,0,NVIDIA GeForce RTX 4080 Laptop GPU,5547,12282,6457,45.16,33,51,36.82
2025-07-09T04:12:09.024470,0,NVIDIA GeForce RTX 4080 Laptop GPU,5547,12282,6457,45.16,28,51,40.51
2025-07-09T04:12:19.053118,0,NVIDIA GeForce RTX 4080 Laptop GPU,5545,12282,6459,45.15,25,52,40.9
2025-07-09T04:12:29.080315,0,NVIDIA GeForce RTX 4080 Laptop GPU,5545,12282,6459,45.15,47,51,36.61
2025-07-09T04:12:39.108073,0,NVIDIA GeForce RTX 4080 Laptop GPU,5545,12282,6459,45.15,28,51,37.91
2025-07-09T04:12:49.135141,0,NVIDIA GeForce RTX 4080 Laptop GPU,5545,12282,6459,45.15,44,51,34.72
2025-07-09T04:12:59.173066,0,NVIDIA GeForce RTX 4080 Laptop GPU,5545,12282,6459,45.15,41,52,38.41
2025-07-09T04:13:09.202398,0,NVIDIA GeForce RTX 4080 Laptop GPU,5545,12282,6459,45.15,37,52,40.37
2025-07-09T04:13:19.231799,0,NVIDIA GeForce RTX 4080 Laptop GPU,5545,12282,6459,45.15,31,51,36.15
2025-07-09T04:13:29.259715,0,NVIDIA GeForce RTX 4080 Laptop GPU,5545,12282,6459,45.15,31,51,36.21
2025-07-09T04:13:39.287269,0,NVIDIA GeForce RTX 4080 Laptop GPU,5545,12282,6459,45.15,28,52,46.4
2025-07-09T04:13:49.319730,0,NVIDIA GeForce RTX 4080 Laptop GPU,5545,12282,6459,45.15,21,51,39.76
2025-07-09T04:13:59.353440,0,NVIDIA GeForce RTX 4080 Laptop GPU,5545,12282,6459,45.15,33,52,48.69
2025-07-09T04:14:09.380213,0,NVIDIA GeForce RTX 4080 Laptop GPU,5545,12282,6459,45.15,46,50,31.77
2025-07-09T04:14:19.405867,0,NVIDIA GeForce RTX 4080 Laptop GPU,5545,12282,6459,45.15,33,51,45.1
2025-07-09T04:14:29.433230,0,NVIDIA GeForce RTX 4080 Laptop GPU,5545,12282,6459,45.15,34,52,35.44
2025-07-09T04:14:39.471300,0,NVIDIA GeForce RTX 4080 Laptop GPU,5545,12282,6459,45.15,37,51,29.98
2025-07-09T04:14:49.500290,0,NVIDIA GeForce RTX 4080 Laptop GPU,5545,12282,6459,45.15,35,51,38.12
2025-07-09T04:14:59.534172,0,NVIDIA GeForce RTX 4080 Laptop GPU,5545,12282,6459,45.15,27,51,42.88
2025-07-09T04:15:09.563417,0,NVIDIA GeForce RTX 4080 Laptop GPU,5547,12282,6457,45.16,26,51,41.24
2025-07-09T04:15:19.604374,0,NVIDIA GeForce RTX 4080 Laptop GPU,5545,12282,6459,45.15,26,53,42.02
2025-07-09T04:15:29.640036,0,NVIDIA GeForce RTX 4080 Laptop GPU,5545,12282,6459,45.15,31,51,34.48
2025-07-09T04:15:39.666952,0,NVIDIA GeForce RTX 4080 Laptop GPU,5545,12282,6459,45.15,41,51,33.01
2025-07-09T04:15:49.702213,0,NVIDIA GeForce RTX 4080 Laptop GPU,5545,12282,6459,45.15,22,51,29.67
2025-07-09T04:15:59.728397,0,NVIDIA GeForce RTX 4080 Laptop GPU,5545,12282,6459,45.15,37,51,38.92
2025-07-09T04:16:09.761127,0,NVIDIA GeForce RTX 4080 Laptop GPU,5545,12282,6459,45.15,39,50,32.37
2025-07-09T04:16:19.791136,0,NVIDIA GeForce RTX 4080 Laptop GPU,5545,12282,6459,45.15,36,51,38.26
2025-07-09T04:16:29.817273,0,NVIDIA GeForce RTX 4080 Laptop GPU,5545,12282,6459,45.15,33,50,29.91
2025-07-09T04:16:39.857266,0,NVIDIA GeForce RTX 4080 Laptop GPU,5547,12282,6457,45.16,28,52,42.35
2025-07-09T04:16:49.899988,0,NVIDIA GeForce RTX 4080 Laptop GPU,5545,12282,6459,45.15,34,50,30.96
2025-07-09T04:16:59.937236,0,NVIDIA GeForce RTX 4080 Laptop GPU,5545,12282,6459,45.15,36,51,43.1
2025-07-09T04:17:09.966644,0,NVIDIA GeForce RTX 4080 Laptop GPU,5545,12282,6459,45.15,38,51,36.0
2025-07-09T04:17:19.998420,0,NVIDIA GeForce RTX 4080 Laptop GPU,5545,12282,6459,45.15,33,51,42.22
2025-07-09T04:17:30.035582,0,NVIDIA GeForce RTX 4080 Laptop GPU,5545,12282,6459,45.15,31,52,47.43
2025-07-09T04:17:40.069034,0,NVIDIA GeForce RTX 4080 Laptop GPU,5545,12282,6459,45.15,36,52,38.3
2025-07-09T04:17:50.099815,0,NVIDIA GeForce RTX 4080 Laptop GPU,5545,12282,6459,45.15,44,51,34.19
2025-07-09T04:18:00.136266,0,NVIDIA GeForce RTX 4080 Laptop GPU,5545,12282,6459,45.15,38,51,33.12
2025-07-09T04:18:10.169110,0,NVIDIA GeForce RTX 4080 Laptop GPU,5545,12282,6459,45.15,33,50,31.5
2025-07-09T04:18:20.209784,0,NVIDIA GeForce RTX 4080 Laptop GPU,5547,12282,6457,45.16,20,51,41.72
2025-07-09T04:18:30.236993,0,NVIDIA GeForce RTX 4080 Laptop GPU,5545,12282,6459,45.15,38,52,43.88
2025-07-09T04:18:40.271468,0,NVIDIA GeForce RTX 4080 Laptop GPU,5543,12282,6461,45.13,21,53,47.0
2025-07-09T04:18:50.299057,0,NVIDIA GeForce RTX 4080 Laptop GPU,5545,12282,6459,45.15,36,52,44.68
2025-07-09T04:19:00.329346,0,NVIDIA GeForce RTX 4080 Laptop GPU,5545,12282,6459,45.15,23,51,42.14
2025-07-09T04:19:10.369947,0,NVIDIA GeForce RTX 4080 Laptop GPU,5545,12282,6459,45.15,34,51,40.11
2025-07-09T04:19:20.396626,0,NVIDIA GeForce RTX 4080 Laptop GPU,5545,12282,6459,45.15,31,50,30.25
2025-07-09T04:19:30.422448,0,NVIDIA GeForce RTX 4080 Laptop GPU,5545,12282,6459,45.15,39,52,39.58
2025-07-09T04:19:40.456821,0,NVIDIA GeForce RTX 4080 Laptop GPU,5545,12282,6459,45.15,29,52,37.94
2025-07-09T04:19:50.487526,0,NVIDIA GeForce RTX 4080 Laptop GPU,5545,12282,6459,45.15,35,51,34.44
2025-07-09T04:20:00.515380,0,NVIDIA GeForce RTX 4080 Laptop GPU,5547,12282,6457,45.16,22,52,33.65
2025-07-09T04:20:10.545369,0,NVIDIA GeForce RTX 4080 Laptop GPU,5545,12282,6459,45.15,35,52,34.3
2025-07-09T04:20:20.584351,0,NVIDIA GeForce RTX 4080 Laptop GPU,5545,12282,6459,45.15,30,52,35.28
2025-07-09T04:20:30.624637,0,NVIDIA GeForce RTX 4080 Laptop GPU,5545,12282,6459,45.15,33,51,31.34
2025-07-09T04:20:40.658410,0,NVIDIA GeForce RTX 4080 Laptop GPU,5545,12282,6459,45.15,32,51,42.45
2025-07-09T04:20:50.686954,0,NVIDIA GeForce RTX 4080 Laptop GPU,5545,12282,6459,45.15,27,52,41.86
2025-07-09T04:21:00.725059,0,NVIDIA GeForce RTX 4080 Laptop GPU,5545,12282,6459,45.15,27,51,38.73
2025-07-09T04:21:10.751798,0,NVIDIA GeForce RTX 4080 Laptop GPU,5545,12282,6459,45.15,36,52,48.52
2025-07-09T04:21:20.778776,0,NVIDIA GeForce RTX 4080 Laptop GPU,5545,12282,6459,45.15,30,53,44.56
2025-07-09T04:21:30.804340,0,NVIDIA GeForce RTX 4080 Laptop GPU,5545,12282,6459,45.15,35,52,39.32
2025-07-09T04:21:40.831764,0,NVIDIA GeForce RTX 4080 Laptop GPU,5545,12282,6459,45.15,31,51,33.11
2025-07-09T04:21:50.858998,0,NVIDIA GeForce RTX 4080 Laptop GPU,5545,12282,6459,45.15,41,53,44.12
2025-07-09T04:22:00.895056,0,NVIDIA GeForce RTX 4080 Laptop GPU,5545,12282,6459,45.15,26,53,49.78
2025-07-09T04:22:10.922647,0,NVIDIA GeForce RTX 4080 Laptop GPU,5545,12282,6459,45.15,32,51,29.69
2025-07-09T04:22:20.955911,0,NVIDIA GeForce RTX 4080 Laptop GPU,5545,12282,6459,45.15,29,52,38.09
2025-07-09T04:22:30.984611,0,NVIDIA GeForce RTX 4080 Laptop GPU,5545,12282,6459,45.15,43,52,37.26
2025-07-09T04:22:41.014388,0,NVIDIA GeForce RTX 4080 Laptop GPU,5545,12282,6459,45.15,39,53,41.33
2025-07-09T04:22:51.043167,0,NVIDIA GeForce RTX 4080 Laptop GPU,5545,12282,6459,45.15,39,54,46.26
2025-07-09T04:23:01.070639,0,NVIDIA GeForce RTX 4080 Laptop GPU,5545,12282,6459,45.15,22,53,36.58
2025-07-09T04:23:11.102910,0,NVIDIA GeForce RTX 4080 Laptop GPU,5545,12282,6459,45.15,37,51,30.25
2025-07-09T04:23:21.130355,0,NVIDIA GeForce RTX 4080 Laptop GPU,5547,12282,6457,45.16,41,51,35.66
2025-07-09T04:23:31.166177,0,NVIDIA GeForce RTX 4080 Laptop GPU,5545,12282,6459,45.15,25,53,39.14
2025-07-09T04:23:41.194962,0,NVIDIA GeForce RTX 4080 Laptop GPU,5545,12282,6459,45.15,40,51,33.99
2025-07-09T04:23:51.224930,0,NVIDIA GeForce RTX 4080 Laptop GPU,5545,12282,6459,45.15,39,51,29.95
2025-07-09T04:24:01.257819,0,NVIDIA GeForce RTX 4080 Laptop GPU,5545,12282,6459,45.15,26,51,33.12
2025-07-09T04:24:11.284469,0,NVIDIA GeForce RTX 4080 Laptop GPU,5545,12282,6459,45.15,38,52,38.93
2025-07-09T04:24:21.308722,0,NVIDIA GeForce RTX 4080 Laptop GPU,5545,12282,6459,45.15,36,51,30.57
2025-07-09T04:24:31.345037,0,NVIDIA GeForce RTX 4080 Laptop GPU,5545,12282,6459,45.15,37,54,39.91
2025-07-09T04:24:41.371873,0,NVIDIA GeForce RTX 4080 Laptop GPU,5545,12282,6459,45.15,43,51,32.88
2025-07-09T04:24:51.404156,0,NVIDIA GeForce RTX 4080 Laptop GPU,5545,12282,6459,45.15,27,51,36.51
2025-07-09T04:25:01.430497,0,NVIDIA GeForce RTX 4080 Laptop GPU,5547,12282,6457,45.16,37,52,47.25
2025-07-09T04:25:11.466753,0,NVIDIA GeForce RTX 4080 Laptop GPU,5545,12282,6459,45.15,33,52,36.04
2025-07-09T04:25:21.494050,0,NVIDIA GeForce RTX 4080 Laptop GPU,5545,12282,6459,45.15,37,52,30.69
2025-07-09T04:25:31.531225,0,NVIDIA GeForce RTX 4080 Laptop GPU,5545,12282,6459,45.15,30,53,43.91
2025-07-09T04:25:41.565917,0,NVIDIA GeForce RTX 4080 Laptop GPU,5545,12282,6459,45.15,31,52,42.29
2025-07-09T04:25:51.604487,0,NVIDIA GeForce RTX 4080 Laptop GPU,5545,12282,6459,45.15,34,54,41.97
2025-07-09T04:26:01.629591,0,NVIDIA GeForce RTX 4080 Laptop GPU,5545,12282,6459,45.15,35,53,43.46
2025-07-09T04:26:11.657616,0,NVIDIA GeForce RTX 4080 Laptop GPU,5545,12282,6459,45.15,34,52,37.17
2025-07-09T04:26:21.688642,0,NVIDIA GeForce RTX 4080 Laptop GPU,5545,12282,6459,45.15,34,53,41.7
2025-07-09T04:26:31.722273,0,NVIDIA GeForce RTX 4080 Laptop GPU,5545,12282,6459,45.15,35,52,33.51
2025-07-09T04:26:41.760419,0,NVIDIA GeForce RTX 4080 Laptop GPU,5545,12282,6459,45.15,31,53,34.49
2025-07-09T04:26:51.791282,0,NVIDIA GeForce RTX 4080 Laptop GPU,5545,12282,6459,45.15,28,54,46.78
2025-07-09T04:27:01.821628,0,NVIDIA GeForce RTX 4080 Laptop GPU,5545,12282,6459,45.15,29,54,41.15
2025-07-09T04:27:11.851967,0,NVIDIA GeForce RTX 4080 Laptop GPU,5545,12282,6459,45.15,40,53,46.44
2025-07-09T04:27:21.888405,0,NVIDIA GeForce RTX 4080 Laptop GPU,5545,12282,6459,45.15,45,52,35.93
2025-07-09T04:27:31.921264,0,NVIDIA GeForce RTX 4080 Laptop GPU,5545,12282,6459,45.15,28,52,31.81
2025-07-09T04:27:41.955264,0,NVIDIA GeForce RTX 4080 Laptop GPU,5545,12282,6459,45.15,32,52,32.01
2025-07-09T04:27:51.986545,0,NVIDIA GeForce RTX 4080 Laptop GPU,5545,12282,6459,45.15,37,53,48.06
2025-07-09T04:28:02.017613,0,NVIDIA GeForce RTX 4080 Laptop GPU,5545,12282,6459,45.15,29,53,43.14
2025-07-09T04:28:12.044808,0,NVIDIA GeForce RTX 4080 Laptop GPU,5547,12282,6457,45.16,26,52,32.03
2025-07-09T04:28:22.080386,0,NVIDIA GeForce RTX 4080 Laptop GPU,5547,12282,6457,45.16,45,51,33.67
2025-07-09T04:28:32.108225,0,NVIDIA GeForce RTX 4080 Laptop GPU,5545,12282,6459,45.15,42,54,45.37
2025-07-09T04:28:42.135118,0,NVIDIA GeForce RTX 4080 Laptop GPU,5545,12282,6459,45.15,44,52,34.63
2025-07-09T04:28:52.162116,0,NVIDIA GeForce RTX 4080 Laptop GPU,5545,12282,6459,45.15,36,53,38.6
2025-07-09T04:29:02.194998,0,NVIDIA GeForce RTX 4080 Laptop GPU,5545,12282,6459,45.15,30,51,34.26
2025-07-09T04:29:12.226802,0,NVIDIA GeForce RTX 4080 Laptop GPU,5545,12282,6459,45.15,37,52,42.78
2025-07-09T04:29:22.261047,0,NVIDIA GeForce RTX 4080 Laptop GPU,5545,12282,6459,45.15,29,52,40.33
2025-07-09T04:29:32.289327,0,NVIDIA GeForce RTX 4080 Laptop GPU,5545,12282,6459,45.15,33,52,32.56
2025-07-09T04:29:42.316405,0,NVIDIA GeForce RTX 4080 Laptop GPU,5545,12282,6459,45.15,27,53,43.5
2025-07-09T04:29:52.351849,0,NVIDIA GeForce RTX 4080 Laptop GPU,5547,12282,6457,45.16,29,52,41.24
2025-07-09T04:30:02.383702,0,NVIDIA GeForce RTX 4080 Laptop GPU,5547,12282,6457,45.16,38,51,32.96
2025-07-09T04:30:12.415510,0,NVIDIA GeForce RTX 4080 Laptop GPU,5545,12282,6459,45.15,22,52,40.92
2025-07-09T04:30:22.440718,0,NVIDIA GeForce RTX 4080 Laptop GPU,5545,12282,6459,45.15,35,55,50.54
2025-07-09T04:30:32.473763,0,NVIDIA GeForce RTX 4080 Laptop GPU,5545,12282,6459,45.15,37,52,35.31
2025-07-09T04:30:42.501872,0,NVIDIA GeForce RTX 4080 Laptop GPU,5545,12282,6459,45.15,29,52,43.53
2025-07-09T04:30:52.529643,0,NVIDIA GeForce RTX 4080 Laptop GPU,5545,12282,6459,45.15,34,51,37.17
2025-07-09T04:31:02.555113,0,NVIDIA GeForce RTX 4080 Laptop GPU,5545,12282,6459,45.15,34,51,31.21
2025-07-09T04:31:12.594385,0,NVIDIA GeForce RTX 4080 Laptop GPU,5545,12282,6459,45.15,38,53,39.1
2025-07-09T04:31:22.620438,0,NVIDIA GeForce RTX 4080 Laptop GPU,5545,12282,6459,45.15,35,51,36.46
2025-07-09T04:31:32.647120,0,NVIDIA GeForce RTX 4080 Laptop GPU,5547,12282,6457,45.16,30,51,32.34
2025-07-09T04:31:42.674196,0,NVIDIA GeForce RTX 4080 Laptop GPU,5545,12282,6459,45.15,43,51,30.54
2025-07-09T04:31:52.705659,0,NVIDIA GeForce RTX 4080 Laptop GPU,5545,12282,6459,45.15,28,51,34.92
2025-07-09T04:32:02.734284,0,NVIDIA GeForce RTX 4080 Laptop GPU,5545,12282,6459,45.15,41,50,31.35
2025-07-09T04:32:12.761415,0,NVIDIA GeForce RTX 4080 Laptop GPU,5545,12282,6459,45.15,29,52,37.85
2025-07-09T04:32:22.789072,0,NVIDIA GeForce RTX 4080 Laptop GPU,5545,12282,6459,45.15,29,52,42.06
2025-07-09T04:32:32.815677,0,NVIDIA GeForce RTX 4080 Laptop GPU,5545,12282,6459,45.15,34,51,36.57
2025-07-09T04:32:42.848836,0,NVIDIA GeForce RTX 4080 Laptop GPU,5545,12282,6459,45.15,34,50,31.36
2025-07-09T04:32:52.876013,0,NVIDIA GeForce RTX 4080 Laptop GPU,5545,12282,6459,45.15,41,52,40.34
2025-07-09T04:33:02.896020,0,NVIDIA GeForce RTX 4080 Laptop GPU,5545,12282,6459,45.15,27,52,40.95
2025-07-09T04:33:12.921605,0,NVIDIA GeForce RTX 4080 Laptop GPU,5547,12282,6457,45.16,36,52,43.65
2025-07-09T04:33:22.967977,0,NVIDIA GeForce RTX 4080 Laptop GPU,5547,12282,6457,45.16,25,51,30.78
2025-07-09T04:33:32.998862,0,NVIDIA GeForce RTX 4080 Laptop GPU,5545,12282,6459,45.15,35,52,43.49
2025-07-09T04:33:43.027443,0,NVIDIA GeForce RTX 4080 Laptop GPU,5545,12282,6459,45.15,34,52,37.47
2025-07-09T04:33:53.061099,0,NVIDIA GeForce RTX 4080 Laptop GPU,5545,12282,6459,45.15,37,51,37.21
2025-07-09T04:34:03.096348,0,NVIDIA GeForce RTX 4080 Laptop GPU,5545,12282,6459,45.15,26,53,48.26
2025-07-09T04:34:13.126715,0,NVIDIA GeForce RTX 4080 Laptop GPU,5545,12282,6459,45.15,41,51,31.47
2025-07-09T04:34:23.159309,0,NVIDIA GeForce RTX 4080 Laptop GPU,5545,12282,6459,45.15,23,52,36.85
2025-07-09T04:34:33.196562,0,NVIDIA GeForce RTX 4080 Laptop GPU,5545,12282,6459,45.15,29,53,42.64
2025-07-09T04:34:43.230300,0,NVIDIA GeForce RTX 4080 Laptop GPU,5545,12282,6459,45.15,27,53,37.88
2025-07-09T04:34:53.266805,0,NVIDIA GeForce RTX 4080 Laptop GPU,5547,12282,6457,45.16,34,52,42.02
2025-07-09T04:35:03.295187,0,NVIDIA GeForce RTX 4080 Laptop GPU,5547,12282,6457,45.16,46,52,33.5
2025-07-09T04:35:13.332142,0,NVIDIA GeForce RTX 4080 Laptop GPU,5545,12282,6459,45.15,40,52,44.25
2025-07-09T04:35:23.361879,0,NVIDIA GeForce RTX 4080 Laptop GPU,5545,12282,6459,45.15,24,51,34.0
2025-07-09T04:35:33.396656,0,NVIDIA GeForce RTX 4080 Laptop GPU,5545,12282,6459,45.15,23,52,41.85
2025-07-09T04:35:43.430831,0,NVIDIA GeForce RTX 4080 Laptop GPU,5545,12282,6459,45.15,30,52,45.42
2025-07-09T04:35:53.458864,0,NVIDIA GeForce RTX 4080 Laptop GPU,5545,12282,6459,45.15,26,52,37.2
2025-07-09T04:36:03.485574,0,NVIDIA GeForce RTX 4080 Laptop GPU,5545,12282,6459,45.15,31,54,46.93
2025-07-09T04:36:13.512122,0,NVIDIA GeForce RTX 4080 Laptop GPU,5545,12282,6459,45.15,28,52,41.58
2025-07-09T04:36:23.545188,0,NVIDIA GeForce RTX 4080 Laptop GPU,5545,12282,6459,45.15,17,52,42.32
2025-07-09T04:36:33.564904,0,NVIDIA GeForce RTX 4080 Laptop GPU,5547,12282,6457,45.16,23,52,39.17
2025-07-09T04:36:43.592809,0,NVIDIA GeForce RTX 4080 Laptop GPU,5545,12282,6459,45.15,35,53,36.92
2025-07-09T04:36:53.619702,0,NVIDIA GeForce RTX 4080 Laptop GPU,5545,12282,6459,45.15,27,52,45.49
2025-07-09T04:37:03.645894,0,NVIDIA GeForce RTX 4080 Laptop GPU,5545,12282,6459,45.15,31,51,31.37
2025-07-09T04:37:13.679719,0,NVIDIA GeForce RTX 4080 Laptop GPU,5545,12282,6459,45.15,27,53,43.37
2025-07-09T04:37:23.711934,0,NVIDIA GeForce RTX 4080 Laptop GPU,5545,12282,6459,45.15,30,51,30.59
2025-07-09T04:37:33.741138,0,NVIDIA GeForce RTX 4080 Laptop GPU,5545,12282,6459,45.15,38,53,40.34
2025-07-09T04:37:43.769629,0,NVIDIA GeForce RTX 4080 Laptop GPU,5545,12282,6459,45.15,33,51,38.35
2025-07-09T04:37:53.798228,0,NVIDIA GeForce RTX 4080 Laptop GPU,5545,12282,6459,45.15,35,52,43.86
2025-07-09T04:38:03.833239,0,NVIDIA GeForce RTX 4080 Laptop GPU,5545,12282,6459,45.15,40,53,42.41
2025-07-09T04:38:13.872034,0,NVIDIA GeForce RTX 4080 Laptop GPU,5545,12282,6459,45.15,36,52,39.76
2025-07-09T04:38:23.903061,0,NVIDIA GeForce RTX 4080 Laptop GPU,5545,12282,6459,45.15,34,51,37.65
2025-07-09T04:38:33.943066,0,NVIDIA GeForce RTX 4080 Laptop GPU,5545,12282,6459,45.15,27,51,38.4
2025-07-09T04:38:43.970596,0,NVIDIA GeForce RTX 4080 Laptop GPU,5545,12282,6459,45.15,34,51,34.9
2025-07-09T04:38:53.996809,0,NVIDIA GeForce RTX 4080 Laptop GPU,5545,12282,6459,45.15,33,50,29.2
2025-07-09T04:39:04.030588,0,NVIDIA GeForce RTX 4080 Laptop GPU,5545,12282,6459,45.15,36,54,45.0
2025-07-09T04:39:14.056714,0,NVIDIA GeForce RTX 4080 Laptop GPU,5545,12282,6459,45.15,36,52,43.74
2025-07-09T04:39:24.082758,0,NVIDIA GeForce RTX 4080 Laptop GPU,5545,12282,6459,45.15,30,52,36.21
2025-07-09T04:39:34.109840,0,NVIDIA GeForce RTX 4080 Laptop GPU,5545,12282,6459,45.15,34,52,42.76
2025-07-09T04:39:44.143429,0,NVIDIA GeForce RTX 4080 Laptop GPU,5545,12282,6459,45.15,27,52,39.74
2025-07-09T04:39:54.170655,0,NVIDIA GeForce RTX 4080 Laptop GPU,5547,12282,6457,45.16,43,52,29.98
2025-07-09T04:40:04.198286,0,NVIDIA GeForce RTX 4080 Laptop GPU,5547,12282,6457,45.16,27,51,37.59
2025-07-09T04:40:14.232573,0,NVIDIA GeForce RTX 4080 Laptop GPU,5545,12282,6459,45.15,34,51,37.58
2025-07-09T04:40:24.258609,0,NVIDIA GeForce RTX 4080 Laptop GPU,5545,12282,6459,45.15,30,51,35.48
2025-07-09T04:40:34.287402,0,NVIDIA GeForce RTX 4080 Laptop GPU,5545,12282,6459,45.15,36,51,35.44
2025-07-09T04:40:44.321902,0,NVIDIA GeForce RTX 4080 Laptop GPU,5545,12282,6459,45.15,32,51,31.23
2025-07-09T04:40:54.357008,0,NVIDIA GeForce RTX 4080 Laptop GPU,5545,12282,6459,45.15,28,51,37.31
2025-07-09T04:41:04.388022,0,NVIDIA GeForce RTX 4080 Laptop GPU,5545,12282,6459,45.15,33,51,34.06
2025-07-09T04:41:14.422686,0,NVIDIA GeForce RTX 4080 Laptop GPU,5545,12282,6459,45.15,24,51,37.69
2025-07-09T04:41:24.449351,0,NVIDIA GeForce RTX 4080 Laptop GPU,5545,12282,6459,45.15,41,54,47.81
2025-07-09T04:41:34.479934,0,NVIDIA GeForce RTX 4080 Laptop GPU,5547,12282,6457,45.16,38,51,39.58
2025-07-09T04:41:44.507092,0,NVIDIA GeForce RTX 4080 Laptop GPU,5545,12282,6459,45.15,41,52,45.15
2025-07-09T04:41:54.535883,0,NVIDIA GeForce RTX 4080 Laptop GPU,5545,12282,6459,45.15,35,52,33.74
2025-07-09T04:42:04.562777,0,NVIDIA GeForce RTX 4080 Laptop GPU,5545,12282,6459,45.15,33,53,43.74
2025-07-09T04:42:14.596713,0,NVIDIA GeForce RTX 4080 Laptop GPU,5545,12282,6459,45.15,23,51,41.35
2025-07-09T04:42:24.622418,0,NVIDIA GeForce RTX 4080 Laptop GPU,5545,12282,6459,45.15,32,51,31.16
2025-07-09T04:42:34.653153,0,NVIDIA GeForce RTX 4080 Laptop GPU,5545,12282,6459,45.15,25,52,36.06
2025-07-09T04:42:44.690052,0,NVIDIA GeForce RTX 4080 Laptop GPU,5545,12282,6459,45.15,35,51,40.58
2025-07-09T04:42:54.724861,0,NVIDIA GeForce RTX 4080 Laptop GPU,5545,12282,6459,45.15,35,50,31.58
2025-07-09T04:43:04.758625,0,NVIDIA GeForce RTX 4080 Laptop GPU,5545,12282,6459,45.15,21,51,38.32
2025-07-09T04:43:14.786965,0,NVIDIA GeForce RTX 4080 Laptop GPU,5545,12282,6459,45.15,29,52,44.51
2025-07-09T04:43:24.818744,0,NVIDIA GeForce RTX 4080 Laptop GPU,5545,12282,6459,45.15,36,51,32.47
2025-07-09T04:43:34.850207,0,NVIDIA GeForce RTX 4080 Laptop GPU,5545,12282,6459,45.15,31,51,36.82
2025-07-09T04:43:44.877983,0,NVIDIA GeForce RTX 4080 Laptop GPU,5545,12282,6459,45.15,28,52,43.97
2025-07-09T04:43:54.905642,0,NVIDIA GeForce RTX 4080 Laptop GPU,5545,12282,6459,45.15,34,52,45.43
2025-07-09T04:44:04.931673,0,NVIDIA GeForce RTX 4080 Laptop GPU,5545,12282,6459,45.15,38,52,45.95
2025-07-09T04:44:14.959322,0,NVIDIA GeForce RTX 4080 Laptop GPU,5545,12282,6459,45.15,24,52,30.85
2025-07-09T04:44:24.989758,0,NVIDIA GeForce RTX 4080 Laptop GPU,5545,12282,6459,45.15,37,51,35.09
2025-07-09T04:44:35.018310,0,NVIDIA GeForce RTX 4080 Laptop GPU,5545,12282,6459,45.15,33,50,32.56
2025-07-09T04:44:45.044684,0,NVIDIA GeForce RTX 4080 Laptop GPU,5545,12282,6459,45.15,35,53,44.52
2025-07-09T04:44:55.071902,0,NVIDIA GeForce RTX 4080 Laptop GPU,5547,12282,6457,45.16,46,51,35.51
2025-07-09T04:45:05.103410,0,NVIDIA GeForce RTX 4080 Laptop GPU,5547,12282,6457,45.16,21,52,44.89
2025-07-09T04:45:15.134791,0,NVIDIA GeForce RTX 4080 Laptop GPU,5545,12282,6459,45.15,25,51,29.62
2025-07-09T04:45:25.161397,0,NVIDIA GeForce RTX 4080 Laptop GPU,5545,12282,6459,45.15,27,50,30.21
2025-07-09T04:45:35.188439,0,NVIDIA GeForce RTX 4080 Laptop GPU,5545,12282,6459,45.15,35,51,41.82
2025-07-09T04:45:45.216671,0,NVIDIA GeForce RTX 4080 Laptop GPU,5545,12282,6459,45.15,42,52,39.99
2025-07-09T04:45:55.254256,0,NVIDIA GeForce RTX 4080 Laptop GPU,5545,12282,6459,45.15,31,52,40.03
2025-07-09T04:46:05.280971,0,NVIDIA GeForce RTX 4080 Laptop GPU,5545,12282,6459,45.15,49,51,32.02
2025-07-09T04:46:15.321457,0,NVIDIA GeForce RTX 4080 Laptop GPU,5545,12282,6459,45.15,18,51,38.69
2025-07-09T04:46:25.351879,0,NVIDIA GeForce RTX 4080 Laptop GPU,5545,12282,6459,45.15,29,51,37.34
2025-07-09T04:46:35.379318,0,NVIDIA GeForce RTX 4080 Laptop GPU,5547,12282,6457,45.16,38,53,35.43
2025-07-09T04:46:45.407421,0,NVIDIA GeForce RTX 4080 Laptop GPU,5545,12282,6459,45.15,28,51,44.44
2025-07-09T04:46:55.438325,0,NVIDIA GeForce RTX 4080 Laptop GPU,5545,12282,6459,45.15,35,50,31.35
2025-07-09T04:47:05.473144,0,NVIDIA GeForce RTX 4080 Laptop GPU,5545,12282,6459,45.15,44,51,40.36
2025-07-09T04:47:15.501325,0,NVIDIA GeForce RTX 4080 Laptop GPU,5545,12282,6459,45.15,39,52,39.61
2025-07-09T04:47:25.528858,0,NVIDIA GeForce RTX 4080 Laptop GPU,5545,12282,6459,45.15,29,51,39.5
2025-07-09T04:47:35.555450,0,NVIDIA GeForce RTX 4080 Laptop GPU,5545,12282,6459,45.15,34,51,36.45
2025-07-09T04:47:45.583874,0,NVIDIA GeForce RTX 4080 Laptop GPU,5545,12282,6459,45.15,32,52,41.54
2025-07-09T04:47:55.615497,0,NVIDIA GeForce RTX 4080 Laptop GPU,5545,12282,6459,45.15,27,51,42.41
2025-07-09T04:48:05.642038,0,NVIDIA GeForce RTX 4080 Laptop GPU,5545,12282,6459,45.15,36,52,32.16
2025-07-09T04:48:15.678560,0,NVIDIA GeForce RTX 4080 Laptop GPU,5545,12282,6459,45.15,20,51,36.7
2025-07-09T04:48:25.705035,0,NVIDIA GeForce RTX 4080 Laptop GPU,5413,12282,6591,44.07,28,52,41.84
2025-07-09T04:48:35.732207,0,NVIDIA GeForce RTX 4080 Laptop GPU,5545,12282,6459,45.15,41,54,38.4
2025-07-09T04:48:45.763307,0,NVIDIA GeForce RTX 4080 Laptop GPU,5545,12282,6459,45.15,32,52,36.9
2025-07-09T04:48:55.789898,0,NVIDIA GeForce RTX 4080 Laptop GPU,5545,12282,6459,45.15,28,52,41.95
2025-07-09T04:49:05.819579,0,NVIDIA GeForce RTX 4080 Laptop GPU,5545,12282,6459,45.15,33,53,47.22
2025-07-09T04:49:15.853558,0,NVIDIA GeForce RTX 4080 Laptop GPU,5545,12282,6459,45.15,29,53,40.46
2025-07-09T04:49:25.881419,0,NVIDIA GeForce RTX 4080 Laptop GPU,5545,12282,6459,45.15,41,51,34.21
2025-07-09T04:49:35.911075,0,NVIDIA GeForce RTX 4080 Laptop GPU,5545,12282,6459,45.15,35,51,29.61
2025-07-09T04:49:45.943304,0,NVIDIA GeForce RTX 4080 Laptop GPU,5547,12282,6457,45.16,28,52,38.71
2025-07-09T04:49:55.970109,0,NVIDIA GeForce RTX 4080 Laptop GPU,5547,12282,6457,45.16,28,52,44.31
2025-07-09T04:50:06.010008,0,NVIDIA GeForce RTX 4080 Laptop GPU,5547,12282,6457,45.16,34,52,43.77
2025-07-09T04:50:16.040338,0,NVIDIA GeForce RTX 4080 Laptop GPU,5545,12282,6459,45.15,36,51,32.89
2025-07-09T04:50:26.068598,0,NVIDIA GeForce RTX 4080 Laptop GPU,5545,12282,6459,45.15,38,52,46.25
2025-07-09T04:50:36.098941,0,NVIDIA GeForce RTX 4080 Laptop GPU,5545,12282,6459,45.15,30,52,38.63
2025-07-09T04:50:46.132943,0,NVIDIA GeForce RTX 4080 Laptop GPU,5545,12282,6459,45.15,20,51,33.66
2025-07-09T04:50:56.161777,0,NVIDIA GeForce RTX 4080 Laptop GPU,5545,12282,6459,45.15,39,51,36.79
2025-07-09T04:51:06.189712,0,NVIDIA GeForce RTX 4080 Laptop GPU,5545,12282,6459,45.15,43,51,42.81
2025-07-09T04:51:16.223658,0,NVIDIA GeForce RTX 4080 Laptop GPU,5545,12282,6459,45.15,33,53,36.78
2025-07-09T04:51:26.251981,0,NVIDIA GeForce RTX 4080 Laptop GPU,5545,12282,6459,45.15,38,51,31.95
2025-07-09T04:51:36.285818,0,NVIDIA GeForce RTX 4080 Laptop GPU,5547,12282,6457,45.16,29,51,34.86
2025-07-09T04:51:46.312688,0,NVIDIA GeForce RTX 4080 Laptop GPU,5545,12282,6459,45.15,30,51,41.55
2025-07-09T04:51:56.339918,0,NVIDIA GeForce RTX 4080 Laptop GPU,5545,12282,6459,45.15,19,51,39.63
2025-07-09T04:52:06.370115,0,NVIDIA GeForce RTX 4080 Laptop GPU,5545,12282,6459,45.15,34,51,43.71
2025-07-09T04:52:16.407104,0,NVIDIA GeForce RTX 4080 Laptop GPU,5545,12282,6459,45.15,23,51,40.97
2025-07-09T04:52:26.435566,0,NVIDIA GeForce RTX 4080 Laptop GPU,5545,12282,6459,45.15,40,50,35.39
2025-07-09T04:52:36.462879,0,NVIDIA GeForce RTX 4080 Laptop GPU,5545,12282,6459,45.15,31,52,47.01
2025-07-09T04:52:46.491097,0,NVIDIA GeForce RTX 4080 Laptop GPU,5545,12282,6459,45.15,29,50,35.9
2025-07-09T04:52:56.521647,0,NVIDIA GeForce RTX 4080 Laptop GPU,5545,12282,6459,45.15,29,50,35.93
2025-07-09T04:53:06.548322,0,NVIDIA GeForce RTX 4080 Laptop GPU,5545,12282,6459,45.15,29,51,35.68
2025-07-09T04:53:16.587187,0,NVIDIA GeForce RTX 4080 Laptop GPU,5545,12282,6459,45.15,26,50,31.59
2025-07-09T04:53:26.620470,0,NVIDIA GeForce RTX 4080 Laptop GPU,5545,12282,6459,45.15,35,50,29.24
2025-07-09T04:53:36.646681,0,NVIDIA GeForce RTX 4080 Laptop GPU,5545,12282,6459,45.15,35,50,33.28
2025-07-09T04:53:46.681093,0,NVIDIA GeForce RTX 4080 Laptop GPU,5545,12282,6459,45.15,34,50,30.24
2025-07-09T04:53:56.709165,0,NVIDIA GeForce RTX 4080 Laptop GPU,5545,12282,6459,45.15,29,52,42.59
2025-07-09T04:54:06.738594,0,NVIDIA GeForce RTX 4080 Laptop GPU,5545,12282,6459,45.15,23,50,36.29
2025-07-09T04:54:16.768052,0,NVIDIA GeForce RTX 4080 Laptop GPU,5545,12282,6459,45.15,36,52,40.97
2025-07-09T04:54:26.799188,0,NVIDIA GeForce RTX 4080 Laptop GPU,5545,12282,6459,45.15,40,50,29.78
2025-07-09T04:54:36.826697,0,NVIDIA GeForce RTX 4080 Laptop GPU,5545,12282,6459,45.15,35,51,38.41
2025-07-09T04:54:46.857045,0,NVIDIA GeForce RTX 4080 Laptop GPU,5545,12282,6459,45.15,19,50,32.74
2025-07-09T04:54:56.888863,0,NVIDIA GeForce RTX 4080 Laptop GPU,5547,12282,6457,45.16,24,50,30.79
2025-07-09T04:55:06.915529,0,NVIDIA GeForce RTX 4080 Laptop GPU,5547,12282,6457,45.16,35,52,41.97
2025-07-09T04:55:16.941347,0,NVIDIA GeForce RTX 4080 Laptop GPU,5545,12282,6459,45.15,37,50,32.28
2025-07-09T04:55:26.975645,0,NVIDIA GeForce RTX 4080 Laptop GPU,5545,12282,6459,45.15,30,52,45.29
2025-07-09T04:55:37.007498,0,NVIDIA GeForce RTX 4080 Laptop GPU,5545,12282,6459,45.15,34,51,43.35
2025-07-09T04:55:47.039481,0,NVIDIA GeForce RTX 4080 Laptop GPU,5545,12282,6459,45.15,35,52,41.12
2025-07-09T04:55:57.069286,0,NVIDIA GeForce RTX 4080 Laptop GPU,5545,12282,6459,45.15,33,51,41.87
2025-07-09T04:56:07.096120,0,NVIDIA GeForce RTX 4080 Laptop GPU,5545,12282,6459,45.15,27,51,35.77
2025-07-09T04:56:17.123271,0,NVIDIA GeForce RTX 4080 Laptop GPU,5545,12282,6459,45.15,32,51,39.78
2025-07-09T04:56:27.157850,0,NVIDIA GeForce RTX 4080 Laptop GPU,5545,12282,6459,45.15,18,53,41.98
2025-07-09T04:56:37.185444,0,NVIDIA GeForce RTX 4080 Laptop GPU,5545,12282,6459,45.15,40,52,46.56
2025-07-09T04:56:47.212018,0,NVIDIA GeForce RTX 4080 Laptop GPU,5545,12282,6459,45.15,40,51,31.87
2025-07-09T04:56:57.243069,0,NVIDIA GeForce RTX 4080 Laptop GPU,5545,12282,6459,45.15,27,52,43.82
2025-07-09T04:57:07.271372,0,NVIDIA GeForce RTX 4080 Laptop GPU,5545,12282,6459,45.15,36,51,42.82
2025-07-09T04:57:17.300853,0,NVIDIA GeForce RTX 4080 Laptop GPU,5545,12282,6459,45.15,30,51,36.96
2025-07-09T04:57:27.331416,0,NVIDIA GeForce RTX 4080 Laptop GPU,5545,12282,6459,45.15,34,50,30.31
2025-07-09T04:57:37.366293,0,NVIDIA GeForce RTX 4080 Laptop GPU,5545,12282,6459,45.15,30,50,29.41
2025-07-09T04:57:47.394962,0,NVIDIA GeForce RTX 4080 Laptop GPU,5545,12282,6459,45.15,36,51,41.76
2025-07-09T04:57:57.421187,0,NVIDIA GeForce RTX 4080 Laptop GPU,5545,12282,6459,45.15,21,51,39.43
2025-07-09T04:58:07.453411,0,NVIDIA GeForce RTX 4080 Laptop GPU,5547,12282,6457,45.16,29,51,40.69
2025-07-09T04:58:17.491847,0,NVIDIA GeForce RTX 4080 Laptop GPU,5545,12282,6459,45.15,28,51,33.19
2025-07-09T04:58:27.527508,0,NVIDIA GeForce RTX 4080 Laptop GPU,5545,12282,6459,45.15,32,51,36.66
2025-07-09T04:58:37.555573,0,NVIDIA GeForce RTX 4080 Laptop GPU,5545,12282,6459,45.15,35,50,32.05
2025-07-09T04:58:47.584181,0,NVIDIA GeForce RTX 4080 Laptop GPU,5545,12282,6459,45.15,33,51,36.41
2025-07-09T04:58:57.612350,0,NVIDIA GeForce RTX 4080 Laptop GPU,5545,12282,6459,45.15,29,51,39.77
2025-07-09T04:59:07.638170,0,NVIDIA GeForce RTX 4080 Laptop GPU,5545,12282,6459,45.15,22,50,37.18
2025-07-09T04:59:17.665257,0,NVIDIA GeForce RTX 4080 Laptop GPU,5545,12282,6459,45.15,37,50,34.38
2025-07-09T04:59:27.696360,0,NVIDIA GeForce RTX 4080 Laptop GPU,5545,12282,6459,45.15,36,51,45.69
2025-07-09T04:59:37.728057,0,NVIDIA GeForce RTX 4080 Laptop GPU,5545,12282,6459,45.15,26,52,42.75
2025-07-09T04:59:47.762821,0,NVIDIA GeForce RTX 4080 Laptop GPU,5547,12282,6457,45.16,31,52,43.45
2025-07-09T04:59:57.790157,0,NVIDIA GeForce RTX 4080 Laptop GPU,5547,12282,6457,45.16,37,52,38.19
2025-07-09T05:00:07.816587,0,NVIDIA GeForce RTX 4080 Laptop GPU,5547,12282,6457,45.16,31,53,42.64
2025-07-09T05:00:17.845951,0,NVIDIA GeForce RTX 4080 Laptop GPU,5545,12282,6459,45.15,35,52,33.17
2025-07-09T05:00:27.881995,0,NVIDIA GeForce RTX 4080 Laptop GPU,5545,12282,6459,45.15,26,51,37.08
2025-07-09T05:00:37.917066,0,NVIDIA GeForce RTX 4080 Laptop GPU,5545,12282,6459,45.15,30,50,36.96
2025-07-09T05:00:47.947919,0,NVIDIA GeForce RTX 4080 Laptop GPU,5545,12282,6459,45.15,35,51,29.27
2025-07-09T05:00:57.986450,0,NVIDIA GeForce RTX 4080 Laptop GPU,5545,12282,6459,45.15,36,50,34.09
2025-07-09T05:01:08.016959,0,NVIDIA GeForce RTX 4080 Laptop GPU,5545,12282,6459,45.15,32,50,31.69
2025-07-09T05:01:18.045773,0,NVIDIA GeForce RTX 4080 Laptop GPU,5545,12282,6459,45.15,40,50,30.3
2025-07-09T05:01:28.085227,0,NVIDIA GeForce RTX 4080 Laptop GPU,5545,12282,6459,45.15,31,52,43.91
2025-07-09T05:01:38.122454,0,NVIDIA GeForce RTX 4080 Laptop GPU,5545,12282,6459,45.15,38,52,34.15
2025-07-09T05:01:48.150776,0,NVIDIA GeForce RTX 4080 Laptop GPU,5545,12282,6459,45.15,41,51,30.64
2025-07-09T05:01:58.178220,0,NVIDIA GeForce RTX 4080 Laptop GPU,5545,12282,6459,45.15,42,51,42.71
2025-07-09T05:02:08.206169,0,NVIDIA GeForce RTX 4080 Laptop GPU,5545,12282,6459,45.15,37,50,30.92
2025-07-09T05:02:18.236533,0,NVIDIA GeForce RTX 4080 Laptop GPU,5545,12282,6459,45.15,28,50,35.17
2025-07-09T05:02:28.264977,0,NVIDIA GeForce RTX 4080 Laptop GPU,5545,12282,6459,45.15,35,51,30.27
2025-07-09T05:02:38.302803,0,NVIDIA GeForce RTX 4080 Laptop GPU,5545,12282,6459,45.15,32,51,34.62
2025-07-09T05:02:48.331088,0,NVIDIA GeForce RTX 4080 Laptop GPU,5545,12282,6459,45.15,27,51,39.9
2025-07-09T05:02:58.365127,0,NVIDIA GeForce RTX 4080 Laptop GPU,5545,12282,6459,45.15,44,51,34.03
2025-07-09T05:03:08.387618,0,NVIDIA GeForce RTX 4080 Laptop GPU,5547,12282,6457,45.16,36,54,42.74
2025-07-09T05:03:18.419274,0,NVIDIA GeForce RTX 4080 Laptop GPU,5545,12282,6459,45.15,29,51,38.79
2025-07-09T05:03:28.446212,0,NVIDIA GeForce RTX 4080 Laptop GPU,5545,12282,6459,45.15,32,51,40.73
2025-07-09T05:03:38.473487,0,NVIDIA GeForce RTX 4080 Laptop GPU,5545,12282,6459,45.15,38,53,43.53
2025-07-09T05:03:48.501680,0,NVIDIA GeForce RTX 4080 Laptop GPU,5545,12282,6459,45.15,28,52,42.71
2025-07-09T05:03:58.527601,0,NVIDIA GeForce RTX 4080 Laptop GPU,5545,12282,6459,45.15,39,50,30.91
2025-07-09T05:04:08.557812,0,NVIDIA GeForce RTX 4080 Laptop GPU,5545,12282,6459,45.15,35,52,40.78
2025-07-09T05:04:18.590624,0,NVIDIA GeForce RTX 4080 Laptop GPU,5545,12282,6459,45.15,37,51,30.94
2025-07-09T05:04:28.624338,0,NVIDIA GeForce RTX 4080 Laptop GPU,5545,12282,6459,45.15,30,51,37.76
2025-07-09T05:04:38.649718,0,NVIDIA GeForce RTX 4080 Laptop GPU,5545,12282,6459,45.15,32,51,34.22
2025-07-09T05:04:48.685960,0,NVIDIA GeForce RTX 4080 Laptop GPU,5545,12282,6459,45.15,38,52,40.1
2025-07-09T05:04:58.714966,0,NVIDIA GeForce RTX 4080 Laptop GPU,5545,12282,6459,45.15,37,51,45.95
2025-07-09T05:05:08.745714,0,NVIDIA GeForce RTX 4080 Laptop GPU,5545,12282,6459,45.15,30,51,38.35
2025-07-09T05:05:18.783155,0,NVIDIA GeForce RTX 4080 Laptop GPU,5545,12282,6459,45.15,24,52,38.51
2025-07-09T05:05:28.810129,0,NVIDIA GeForce RTX 4080 Laptop GPU,5545,12282,6459,45.15,28,51,38.72
2025-07-09T05:05:38.841851,0,NVIDIA GeForce RTX 4080 Laptop GPU,5545,12282,6459,45.15,40,51,33.86
2025-07-09T05:05:48.874967,0,NVIDIA GeForce RTX 4080 Laptop GPU,5545,12282,6459,45.15,31,51,40.48
2025-07-09T05:05:58.901425,0,NVIDIA GeForce RTX 4080 Laptop GPU,5545,12282,6459,45.15,31,51,38.53
2025-07-09T05:06:08.934865,0,NVIDIA GeForce RTX 4080 Laptop GPU,5545,12282,6459,45.15,22,52,44.12
2025-07-09T05:06:18.965307,0,NVIDIA GeForce RTX 4080 Laptop GPU,5547,12282,6457,45.16,34,51,30.7
2025-07-09T05:06:28.991629,0,NVIDIA GeForce RTX 4080 Laptop GPU,5545,12282,6459,45.15,42,52,41.67
2025-07-09T05:06:39.028423,0,NVIDIA GeForce RTX 4080 Laptop GPU,5545,12282,6459,45.15,29,52,39.74
2025-07-09T05:06:49.053733,0,NVIDIA GeForce RTX 4080 Laptop GPU,5545,12282,6459,45.15,30,51,36.84
2025-07-09T05:06:59.087559,0,NVIDIA GeForce RTX 4080 Laptop GPU,5545,12282,6459,45.15,23,53,44.88
2025-07-09T05:07:09.108373,0,NVIDIA GeForce RTX 4080 Laptop GPU,5545,12282,6459,45.15,29,52,39.05
2025-07-09T05:07:19.134913,0,NVIDIA GeForce RTX 4080 Laptop GPU,5545,12282,6459,45.15,37,50,33.42
2025-07-09T05:07:29.173895,0,NVIDIA GeForce RTX 4080 Laptop GPU,5545,12282,6459,45.15,27,50,36.25
2025-07-09T05:07:39.209101,0,NVIDIA GeForce RTX 4080 Laptop GPU,5545,12282,6459,45.15,33,52,44.59
2025-07-09T05:07:49.246193,0,NVIDIA GeForce RTX 4080 Laptop GPU,5545,12282,6459,45.15,24,51,32.05
2025-07-09T05:07:59.283080,0,NVIDIA GeForce RTX 4080 Laptop GPU,5547,12282,6457,45.16,23,50,32.47
2025-07-09T05:08:09.313589,0,NVIDIA GeForce RTX 4080 Laptop GPU,5547,12282,6457,45.16,23,50,37.91
2025-07-09T05:08:19.351438,0,NVIDIA GeForce RTX 4080 Laptop GPU,5545,12282,6459,45.15,30,50,40.65
2025-07-09T05:08:29.380913,0,NVIDIA GeForce RTX 4080 Laptop GPU,5545,12282,6459,45.15,31,51,43.03
2025-07-09T05:08:39.414459,0,NVIDIA GeForce RTX 4080 Laptop GPU,5545,12282,6459,45.15,27,51,31.52
2025-07-09T05:08:49.443225,0,NVIDIA GeForce RTX 4080 Laptop GPU,5545,12282,6459,45.15,34,52,46.94
2025-07-09T05:08:59.470370,0,NVIDIA GeForce RTX 4080 Laptop GPU,5545,12282,6459,45.15,23,51,36.97
2025-07-09T05:09:09.499674,0,NVIDIA GeForce RTX 4080 Laptop GPU,5545,12282,6459,45.15,22,51,41.83
2025-07-09T05:09:19.527039,0,NVIDIA GeForce RTX 4080 Laptop GPU,5545,12282,6459,45.15,29,51,34.01
2025-07-09T05:09:29.558799,0,NVIDIA GeForce RTX 4080 Laptop GPU,5545,12282,6459,45.15,30,51,34.68
2025-07-09T05:09:39.589514,0,NVIDIA GeForce RTX 4080 Laptop GPU,5547,12282,6457,45.16,31,50,29.95
2025-07-09T05:09:49.617441,0,NVIDIA GeForce RTX 4080 Laptop GPU,5545,12282,6459,45.15,43,50,34.38
2025-07-09T05:09:59.649619,0,NVIDIA GeForce RTX 4080 Laptop GPU,5545,12282,6459,45.15,32,50,35.72
2025-07-09T05:10:09.679893,0,NVIDIA GeForce RTX 4080 Laptop GPU,5545,12282,6459,45.15,26,51,38.42
2025-07-09T05:10:19.708940,0,NVIDIA GeForce RTX 4080 Laptop GPU,5545,12282,6459,45.15,30,52,45.08
2025-07-09T05:10:29.735723,0,NVIDIA GeForce RTX 4080 Laptop GPU,5545,12282,6459,45.15,33,50,29.23
2025-07-09T05:10:39.764752,0,NVIDIA GeForce RTX 4080 Laptop GPU,5545,12282,6459,45.15,30,52,45.73
2025-07-09T05:10:49.797901,0,NVIDIA GeForce RTX 4080 Laptop GPU,5545,12282,6459,45.15,34,51,43.31
2025-07-09T05:10:59.826214,0,NVIDIA GeForce RTX 4080 Laptop GPU,5545,12282,6459,45.15,24,50,34.53
2025-07-09T05:11:09.854210,0,NVIDIA GeForce RTX 4080 Laptop GPU,5545,12282,6459,45.15,23,50,33.77
2025-07-09T05:11:19.880331,0,NVIDIA GeForce RTX 4080 Laptop GPU,5547,12282,6457,45.16,32,52,38.6
2025-07-09T05:11:29.907438,0,NVIDIA GeForce RTX 4080 Laptop GPU,5545,12282,6459,45.15,24,52,47.0
2025-07-09T05:11:39.945142,0,NVIDIA GeForce RTX 4080 Laptop GPU,5545,12282,6459,45.15,34,52,34.21
2025-07-09T05:11:49.976461,0,NVIDIA GeForce RTX 4080 Laptop GPU,5545,12282,6459,45.15,44,51,31.28
2025-07-09T05:12:00.002730,0,NVIDIA GeForce RTX 4080 Laptop GPU,5545,12282,6459,45.15,22,51,41.72
2025-07-09T05:12:10.034015,0,NVIDIA GeForce RTX 4080 Laptop GPU,5545,12282,6459,45.15,31,52,36.3
2025-07-09T05:12:20.061280,0,NVIDIA GeForce RTX 4080 Laptop GPU,5545,12282,6459,45.15,38,51,38.06
2025-07-09T05:12:30.095024,0,NVIDIA GeForce RTX 4080 Laptop GPU,5545,12282,6459,45.15,37,50,36.47
2025-07-09T05:12:40.121835,0,NVIDIA GeForce RTX 4080 Laptop GPU,5545,12282,6459,45.15,26,51,39.88
2025-07-09T05:12:50.150044,0,NVIDIA GeForce RTX 4080 Laptop GPU,5545,12282,6459,45.15,37,52,50.04
2025-07-09T05:13:00.181548,0,NVIDIA GeForce RTX 4080 Laptop GPU,5547,12282,6457,45.16,38,51,45.62
2025-07-09T05:13:10.217297,0,NVIDIA GeForce RTX 4080 Laptop GPU,5547,12282,6457,45.16,28,50,30.84
2025-07-09T05:13:20.243797,0,NVIDIA GeForce RTX 4080 Laptop GPU,5545,12282,6459,45.15,28,50,38.87
2025-07-09T05:13:30.287257,0,NVIDIA GeForce RTX 4080 Laptop GPU,5545,12282,6459,45.15,40,50,29.56
2025-07-09T05:13:40.319113,0,NVIDIA GeForce RTX 4080 Laptop GPU,5545,12282,6459,45.15,23,50,41.42
2025-07-09T05:13:50.354151,0,NVIDIA GeForce RTX 4080 Laptop GPU,5545,12282,6459,45.15,33,51,35.16
2025-07-09T05:14:00.381066,0,NVIDIA GeForce RTX 4080 Laptop GPU,5545,12282,6459,45.15,21,52,45.52
2025-07-09T05:14:10.415221,0,NVIDIA GeForce RTX 4080 Laptop GPU,5545,12282,6459,45.15,32,51,39.89
2025-07-09T05:14:20.452308,0,NVIDIA GeForce RTX 4080 Laptop GPU,5545,12282,6459,45.15,28,51,36.66
2025-07-09T05:14:30.486150,0,NVIDIA GeForce RTX 4080 Laptop GPU,5545,12282,6459,45.15,30,52,33.56
2025-07-09T05:14:40.515137,0,NVIDIA GeForce RTX 4080 Laptop GPU,5545,12282,6459,45.15,36,51,37.3
2025-07-09T05:14:50.549270,0,NVIDIA GeForce RTX 4080 Laptop GPU,5545,12282,6459,45.15,28,50,31.56
2025-07-09T05:15:00.578323,0,NVIDIA GeForce RTX 4080 Laptop GPU,5545,12282,6459,45.15,33,50,31.86
2025-07-09T05:15:10.610498,0,NVIDIA GeForce RTX 4080 Laptop GPU,5545,12282,6459,45.15,34,51,40.87
2025-07-09T05:15:20.650291,0,NVIDIA GeForce RTX 4080 Laptop GPU,5545,12282,6459,45.15,30,52,35.49
2025-07-09T05:15:30.678077,0,NVIDIA GeForce RTX 4080 Laptop GPU,5545,12282,6459,45.15,49,51,33.59
2025-07-09T05:15:40.699628,0,NVIDIA GeForce RTX 4080 Laptop GPU,5545,12282,6459,45.15,37,51,33.0
2025-07-09T05:15:50.732393,0,NVIDIA GeForce RTX 4080 Laptop GPU,5545,12282,6459,45.15,18,51,40.25
2025-07-09T05:16:00.765929,0,NVIDIA GeForce RTX 4080 Laptop GPU,5545,12282,6459,45.15,33,52,38.38
2025-07-09T05:16:10.794739,0,NVIDIA GeForce RTX 4080 Laptop GPU,5545,12282,6459,45.15,30,51,35.53
2025-07-09T05:16:20.836390,0,NVIDIA GeForce RTX 4080 Laptop GPU,5547,12282,6457,45.16,27,52,42.64
2025-07-09T05:16:30.863513,0,NVIDIA GeForce RTX 4080 Laptop GPU,5545,12282,6459,45.15,19,53,46.81
2025-07-09T05:16:40.892104,0,NVIDIA GeForce RTX 4080 Laptop GPU,5545,12282,6459,45.15,29,52,44.09
2025-07-09T05:16:50.921965,0,NVIDIA GeForce RTX 4080 Laptop GPU,5545,12282,6459,45.15,29,51,30.23
2025-07-09T05:17:00.959747,0,NVIDIA GeForce RTX 4080 Laptop GPU,5545,12282,6459,45.15,38,51,31.28
2025-07-09T05:17:10.990778,0,NVIDIA GeForce RTX 4080 Laptop GPU,5545,12282,6459,45.15,32,52,36.95
2025-07-09T05:17:21.019364,0,NVIDIA GeForce RTX 4080 Laptop GPU,5545,12282,6459,45.15,33,51,37.23
2025-07-09T05:17:31.051609,0,NVIDIA GeForce RTX 4080 Laptop GPU,5545,12282,6459,45.15,27,51,38.96
2025-07-09T05:17:41.088693,0,NVIDIA GeForce RTX 4080 Laptop GPU,5545,12282,6459,45.15,47,51,35.5
2025-07-09T05:17:51.116086,0,NVIDIA GeForce RTX 4080 Laptop GPU,5545,12282,6459,45.15,35,50,30.88
2025-07-09T05:18:01.153316,0,NVIDIA GeForce RTX 4080 Laptop GPU,5547,12282,6457,45.16,29,52,43.92
2025-07-09T05:18:11.180274,0,NVIDIA GeForce RTX 4080 Laptop GPU,5545,12282,6459,45.15,34,52,43.14
2025-07-09T05:18:21.215297,0,NVIDIA GeForce RTX 4080 Laptop GPU,5545,12282,6459,45.15,44,52,39.7
2025-07-09T05:18:31.241045,0,NVIDIA GeForce RTX 4080 Laptop GPU,5545,12282,6459,45.15,36,51,34.43
2025-07-09T05:18:41.270234,0,NVIDIA GeForce RTX 4080 Laptop GPU,5545,12282,6459,45.15,42,51,38.73
2025-07-09T05:18:51.304490,0,NVIDIA GeForce RTX 4080 Laptop GPU,5545,12282,6459,45.15,30,51,33.1
2025-07-09T05:19:01.334077,0,NVIDIA GeForce RTX 4080 Laptop GPU,5545,12282,6459,45.15,32,51,34.22
2025-07-09T05:19:11.360727,0,NVIDIA GeForce RTX 4080 Laptop GPU,5545,12282,6459,45.15,40,52,37.57
2025-07-09T05:19:21.393071,0,NVIDIA GeForce RTX 4080 Laptop GPU,5545,12282,6459,45.15,23,51,32.27
2025-07-09T05:19:31.420660,0,NVIDIA GeForce RTX 4080 Laptop GPU,5545,12282,6459,45.15,41,50,29.7
2025-07-09T05:19:41.448446,0,NVIDIA GeForce RTX 4080 Laptop GPU,5545,12282,6459,45.15,36,52,46.96
2025-07-09T05:19:51.476549,0,NVIDIA GeForce RTX 4080 Laptop GPU,5545,12282,6459,45.15,34,51,38.66
2025-07-09T05:20:01.505984,0,NVIDIA GeForce RTX 4080 Laptop GPU,5545,12282,6459,45.15,33,51,35.21
2025-07-09T05:20:11.531940,0,NVIDIA GeForce RTX 4080 Laptop GPU,5545,12282,6459,45.15,33,51,38.39
2025-07-09T05:20:21.559200,0,NVIDIA GeForce RTX 4080 Laptop GPU,5545,12282,6459,45.15,45,51,30.23
2025-07-09T05:20:31.593640,0,NVIDIA GeForce RTX 4080 Laptop GPU,5545,12282,6459,45.15,22,52,43.64
2025-07-09T05:20:41.635117,0,NVIDIA GeForce RTX 4080 Laptop GPU,5545,12282,6459,45.15,21,52,36.28
2025-07-09T05:20:51.665451,0,NVIDIA GeForce RTX 4080 Laptop GPU,5545,12282,6459,45.15,39,51,35.53
2025-07-09T05:21:01.692953,0,NVIDIA GeForce RTX 4080 Laptop GPU,5545,12282,6459,45.15,34,53,46.28
2025-07-09T05:21:11.720586,0,NVIDIA GeForce RTX 4080 Laptop GPU,5547,12282,6457,45.16,38,53,39.45
2025-07-09T05:21:21.746839,0,NVIDIA GeForce RTX 4080 Laptop GPU,5547,12282,6457,45.16,22,52,42.48
2025-07-09T05:21:31.775030,0,NVIDIA GeForce RTX 4080 Laptop GPU,5545,12282,6459,45.15,32,51,38.68
2025-07-09T05:21:41.810102,0,NVIDIA GeForce RTX 4080 Laptop GPU,5545,12282,6459,45.15,30,53,39.83
2025-07-09T05:21:51.838875,0,NVIDIA GeForce RTX 4080 Laptop GPU,5545,12282,6459,45.15,36,52,40.12
2025-07-09T05:22:01.871383,0,NVIDIA GeForce RTX 4080 Laptop GPU,5545,12282,6459,45.15,35,51,34.47
2025-07-09T05:22:11.898823,0,NVIDIA GeForce RTX 4080 Laptop GPU,5545,12282,6459,45.15,34,51,34.5
2025-07-09T05:22:21.938942,0,NVIDIA GeForce RTX 4080 Laptop GPU,5545,12282,6459,45.15,29,52,43.51
2025-07-09T05:22:31.964761,0,NVIDIA GeForce RTX 4080 Laptop GPU,5545,12282,6459,45.15,25,52,40.77
2025-07-09T05:22:41.992032,0,NVIDIA GeForce RTX 4080 Laptop GPU,5545,12282,6459,45.15,22,51,35.04
2025-07-09T05:22:52.021911,0,NVIDIA GeForce RTX 4080 Laptop GPU,5547,12282,6457,45.16,41,52,34.32
2025-07-09T05:23:02.050519,0,NVIDIA GeForce RTX 4080 Laptop GPU,5547,12282,6457,45.16,27,52,40.87
2025-07-09T05:23:12.076477,0,NVIDIA GeForce RTX 4080 Laptop GPU,5545,12282,6459,45.15,46,52,36.06
2025-07-09T05:23:22.108724,0,NVIDIA GeForce RTX 4080 Laptop GPU,5545,12282,6459,45.15,33,51,36.2
2025-07-09T05:23:32.142014,0,NVIDIA GeForce RTX 4080 Laptop GPU,5545,12282,6459,45.15,41,54,44.19
2025-07-09T05:23:42.169393,0,NVIDIA GeForce RTX 4080 Laptop GPU,5545,12282,6459,45.15,32,54,46.22
2025-07-09T05:23:52.213364,0,NVIDIA GeForce RTX 4080 Laptop GPU,5545,12282,6459,45.15,22,52,29.31
2025-07-09T05:24:02.240533,0,NVIDIA GeForce RTX 4080 Laptop GPU,5545,12282,6459,45.15,38,53,39.43
2025-07-09T05:24:12.278173,0,NVIDIA GeForce RTX 4080 Laptop GPU,5545,12282,6459,45.15,28,53,40.99
2025-07-09T05:24:22.304801,0,NVIDIA GeForce RTX 4080 Laptop GPU,5545,12282,6459,45.15,47,52,35.19
2025-07-09T05:24:32.332273,0,NVIDIA GeForce RTX 4080 Laptop GPU,5545,12282,6459,45.15,28,53,43.45
2025-07-09T05:24:42.366204,0,NVIDIA GeForce RTX 4080 Laptop GPU,5545,12282,6459,45.15,30,52,43.12
2025-07-09T05:24:52.392292,0,NVIDIA GeForce RTX 4080 Laptop GPU,5545,12282,6459,45.15,22,53,40.18
2025-07-09T05:25:02.419711,0,NVIDIA GeForce RTX 4080 Laptop GPU,5545,12282,6459,45.15,40,52,37.85
2025-07-09T05:25:12.449154,0,NVIDIA GeForce RTX 4080 Laptop GPU,5545,12282,6459,45.15,31,53,40.93
2025-07-09T05:25:22.477073,0,NVIDIA GeForce RTX 4080 Laptop GPU,5545,12282,6459,45.15,32,52,34.46
2025-07-09T05:25:32.506046,0,NVIDIA GeForce RTX 4080 Laptop GPU,5545,12282,6459,45.15,31,52,35.18
2025-07-09T05:25:42.545082,0,NVIDIA GeForce RTX 4080 Laptop GPU,5545,12282,6459,45.15,40,52,33.62
2025-07-09T05:25:52.571721,0,NVIDIA GeForce RTX 4080 Laptop GPU,5545,12282,6459,45.15,38,53,44.84
2025-07-09T05:26:02.598682,0,NVIDIA GeForce RTX 4080 Laptop GPU,5547,12282,6457,45.16,30,52,43.14
2025-07-09T05:26:12.624820,0,NVIDIA GeForce RTX 4080 Laptop GPU,5545,12282,6459,45.15,26,53,43.47
2025-07-09T05:26:22.657610,0,NVIDIA GeForce RTX 4080 Laptop GPU,5545,12282,6459,45.15,27,52,41.85
2025-07-09T05:26:32.684301,0,NVIDIA GeForce RTX 4080 Laptop GPU,5545,12282,6459,45.15,32,52,36.56
2025-07-09T05:26:42.717421,0,NVIDIA GeForce RTX 4080 Laptop GPU,5545,12282,6459,45.15,30,52,36.7
2025-07-09T05:26:52.743708,0,NVIDIA GeForce RTX 4080 Laptop GPU,5545,12282,6459,45.15,36,53,40.55
2025-07-09T05:27:02.787007,0,NVIDIA GeForce RTX 4080 Laptop GPU,5545,12282,6459,45.15,29,51,30.92
2025-07-09T05:27:12.824682,0,NVIDIA GeForce RTX 4080 Laptop GPU,5545,12282,6459,45.15,31,52,40.93
2025-07-09T05:27:22.853038,0,NVIDIA GeForce RTX 4080 Laptop GPU,5545,12282,6459,45.15,31,52,41.07
2025-07-09T05:27:32.895748,0,NVIDIA GeForce RTX 4080 Laptop GPU,5545,12282,6459,45.15,30,53,40.73
2025-07-09T05:27:42.921317,0,NVIDIA GeForce RTX 4080 Laptop GPU,5545,12282,6459,45.15,32,51,33.34
2025-07-09T05:27:52.949172,0,NVIDIA GeForce RTX 4080 Laptop GPU,5545,12282,6459,45.15,40,54,46.91
2025-07-09T05:28:02.984849,0,NVIDIA GeForce RTX 4080 Laptop GPU,5545,12282,6459,45.15,28,52,32.02
2025-07-09T05:28:13.030323,0,NVIDIA GeForce RTX 4080 Laptop GPU,5545,12282,6459,45.15,36,51,37.19
2025-07-09T05:28:23.059824,0,NVIDIA GeForce RTX 4080 Laptop GPU,5545,12282,6459,45.15,40,51,35.78
2025-07-09T05:28:33.099562,0,NVIDIA GeForce RTX 4080 Laptop GPU,5545,12282,6459,45.15,38,52,32.31
2025-07-09T05:28:43.133771,0,NVIDIA GeForce RTX 4080 Laptop GPU,5545,12282,6459,45.15,37,50,29.24
2025-07-09T05:28:53.160695,0,NVIDIA GeForce RTX 4080 Laptop GPU,5545,12282,6459,45.15,30,51,37.64
2025-07-09T05:29:03.187855,0,NVIDIA GeForce RTX 4080 Laptop GPU,5545,12282,6459,45.15,42,52,38.76
2025-07-09T05:29:13.223681,0,NVIDIA GeForce RTX 4080 Laptop GPU,5545,12282,6459,45.15,33,52,46.33
2025-07-09T05:29:23.255749,0,NVIDIA GeForce RTX 4080 Laptop GPU,5547,12282,6457,45.16,25,53,35.6
2025-07-09T05:29:33.281894,0,NVIDIA GeForce RTX 4080 Laptop GPU,5545,12282,6459,45.15,24,52,42.55
2025-07-09T05:29:43.309912,0,NVIDIA GeForce RTX 4080 Laptop GPU,5545,12282,6459,45.15,33,51,29.89
2025-07-09T05:29:53.337359,0,NVIDIA GeForce RTX 4080 Laptop GPU,5545,12282,6459,45.15,31,52,43.09
2025-07-09T05:30:03.363748,0,NVIDIA GeForce RTX 4080 Laptop GPU,5545,12282,6459,45.15,39,52,38.0
2025-07-09T05:30:13.394288,0,NVIDIA GeForce RTX 4080 Laptop GPU,5545,12282,6459,45.15,33,53,42.06
2025-07-09T05:30:23.423091,0,NVIDIA GeForce RTX 4080 Laptop GPU,5545,12282,6459,45.15,33,51,35.76
2025-07-09T05:30:33.454795,0,NVIDIA GeForce RTX 4080 Laptop GPU,5545,12282,6459,45.15,28,51,35.66
2025-07-09T05:30:43.490045,0,NVIDIA GeForce RTX 4080 Laptop GPU,5545,12282,6459,45.15,27,52,42.33
2025-07-09T05:30:53.517567,0,NVIDIA GeForce RTX 4080 Laptop GPU,5545,12282,6459,45.15,28,52,35.43
2025-07-09T05:31:03.549220,0,NVIDIA GeForce RTX 4080 Laptop GPU,5547,12282,6457,45.16,36,51,29.96
2025-07-09T05:31:13.587088,0,NVIDIA GeForce RTX 4080 Laptop GPU,5545,12282,6459,45.15,36,50,32.55
2025-07-09T05:31:23.620259,0,NVIDIA GeForce RTX 4080 Laptop GPU,5545,12282,6459,45.15,22,53,40.04
2025-07-09T05:31:33.647948,0,NVIDIA GeForce RTX 4080 Laptop GPU,5545,12282,6459,45.15,39,51,35.88
2025-07-09T05:31:43.674592,0,NVIDIA GeForce RTX 4080 Laptop GPU,5545,12282,6459,45.15,32,52,38.54
2025-07-09T05:31:53.704670,0,NVIDIA GeForce RTX 4080 Laptop GPU,5545,12282,6459,45.15,46,51,32.96
2025-07-09T05:32:03.743608,0,NVIDIA GeForce RTX 4080 Laptop GPU,5545,12282,6459,45.15,23,51,34.54
2025-07-09T05:32:13.782590,0,NVIDIA GeForce RTX 4080 Laptop GPU,5545,12282,6459,45.15,37,51,38.47
2025-07-09T05:32:23.808682,0,NVIDIA GeForce RTX 4080 Laptop GPU,5545,12282,6459,45.15,34,54,43.87
2025-07-09T05:32:33.839720,0,NVIDIA GeForce RTX 4080 Laptop GPU,5545,12282,6459,45.15,25,52,39.27
2025-07-09T05:32:43.877217,0,NVIDIA GeForce RTX 4080 Laptop GPU,5545,12282,6459,45.15,32,51,36.1
2025-07-09T05:32:53.908127,0,NVIDIA GeForce RTX 4080 Laptop GPU,5545,12282,6459,45.15,46,52,30.48
2025-07-09T05:33:03.938982,0,NVIDIA GeForce RTX 4080 Laptop GPU,5545,12282,6459,45.15,41,51,35.3
2025-07-09T05:33:13.958079,0,NVIDIA GeForce RTX 4080 Laptop GPU,5545,12282,6459,45.15,36,52,39.44
2025-07-09T05:33:23.995804,0,NVIDIA GeForce RTX 4080 Laptop GPU,5545,12282,6459,45.15,23,52,40.7
2025-07-09T05:33:34.024772,0,NVIDIA GeForce RTX 4080 Laptop GPU,5545,12282,6459,45.15,38,51,30.93
2025-07-09T05:33:44.057467,0,NVIDIA GeForce RTX 4080 Laptop GPU,5545,12282,6459,45.15,38,51,35.53
2025-07-09T05:33:54.089631,0,NVIDIA GeForce RTX 4080 Laptop GPU,5545,12282,6459,45.15,39,50,32.12
2025-07-09T05:34:04.117694,0,NVIDIA GeForce RTX 4080 Laptop GPU,5545,12282,6459,45.15,37,50,30.35
2025-07-09T05:34:14.159183,0,NVIDIA GeForce RTX 4080 Laptop GPU,5545,12282,6459,45.15,23,50,29.19
2025-07-09T05:34:24.185514,0,NVIDIA GeForce RTX 4080 Laptop GPU,5547,12282,6457,45.16,41,51,32.16
2025-07-09T05:34:34.223318,0,NVIDIA GeForce RTX 4080 Laptop GPU,5545,12282,6459,45.15,30,50,29.42
2025-07-09T05:34:44.260621,0,NVIDIA GeForce RTX 4080 Laptop GPU,5545,12282,6459,45.15,23,50,31.9
2025-07-09T05:34:54.286616,0,NVIDIA GeForce RTX 4080 Laptop GPU,5545,12282,6459,45.15,26,50,28.95
2025-07-09T05:35:04.314043,0,NVIDIA GeForce RTX 4080 Laptop GPU,5545,12282,6459,45.15,38,52,42.64
2025-07-09T05:35:14.341691,0,NVIDIA GeForce RTX 4080 Laptop GPU,5545,12282,6459,45.15,32,51,36.64
2025-07-09T05:35:24.372855,0,NVIDIA GeForce RTX 4080 Laptop GPU,5545,12282,6459,45.15,32,52,44.99
2025-07-09T05:35:34.404427,0,NVIDIA GeForce RTX 4080 Laptop GPU,5545,12282,6459,45.15,24,50,31.85
2025-07-09T05:35:44.438668,0,NVIDIA GeForce RTX 4080 Laptop GPU,5545,12282,6459,45.15,31,52,39.44
2025-07-09T05:35:54.467380,0,NVIDIA GeForce RTX 4080 Laptop GPU,5545,12282,6459,45.15,38,50,39.16
2025-07-09T05:36:04.497756,0,NVIDIA GeForce RTX 4080 Laptop GPU,5547,12282,6457,45.16,33,52,33.53
2025-07-09T05:36:14.529640,0,NVIDIA GeForce RTX 4080 Laptop GPU,5545,12282,6459,45.15,32,51,42.77
2025-07-09T05:36:24.557875,0,NVIDIA GeForce RTX 4080 Laptop GPU,5545,12282,6459,45.15,24,51,39.71
2025-07-09T05:36:34.586007,0,NVIDIA GeForce RTX 4080 Laptop GPU,5545,12282,6459,45.15,32,52,46.81
2025-07-09T05:36:44.616601,0,NVIDIA GeForce RTX 4080 Laptop GPU,5545,12282,6459,45.15,35,52,45.01
2025-07-09T05:36:54.639417,0,NVIDIA GeForce RTX 4080 Laptop GPU,5545,12282,6459,45.15,30,51,36.3
2025-07-09T05:37:04.670463,0,NVIDIA GeForce RTX 4080 Laptop GPU,5545,12282,6459,45.15,33,50,32.31
2025-07-09T05:37:14.698904,0,NVIDIA GeForce RTX 4080 Laptop GPU,5545,12282,6459,45.15,19,51,42.01
2025-07-09T05:37:24.729961,0,NVIDIA GeForce RTX 4080 Laptop GPU,5545,12282,6459,45.15,31,50,33.49
2025-07-09T05:37:34.758437,0,NVIDIA GeForce RTX 4080 Laptop GPU,5545,12282,6459,45.15,28,51,36.62
2025-07-09T05:37:44.789801,0,NVIDIA GeForce RTX 4080 Laptop GPU,5545,12282,6459,45.15,32,52,34.37
2025-07-09T05:37:54.817321,0,NVIDIA GeForce RTX 4080 Laptop GPU,5545,12282,6459,45.15,34,52,30.44
2025-07-09T05:38:04.849300,0,NVIDIA GeForce RTX 4080 Laptop GPU,5545,12282,6459,45.15,30,51,34.51
2025-07-09T05:38:14.884698,0,NVIDIA GeForce RTX 4080 Laptop GPU,5545,12282,6459,45.15,36,51,43.89
2025-07-09T05:38:24.911355,0,NVIDIA GeForce RTX 4080 Laptop GPU,5545,12282,6459,45.15,44,51,33.61
2025-07-09T05:38:34.937869,0,NVIDIA GeForce RTX 4080 Laptop GPU,5545,12282,6459,45.15,30,51,40.47
2025-07-09T05:38:44.963824,0,NVIDIA GeForce RTX 4080 Laptop GPU,5545,12282,6459,45.15,33,51,37.8
2025-07-09T05:38:54.996988,0,NVIDIA GeForce RTX 4080 Laptop GPU,5545,12282,6459,45.15,27,51,36.95
2025-07-09T05:39:05.031557,0,NVIDIA GeForce RTX 4080 Laptop GPU,5545,12282,6459,45.15,26,50,29.88
2025-07-09T05:39:15.067119,0,NVIDIA GeForce RTX 4080 Laptop GPU,5545,12282,6459,45.15,36,51,38.76
2025-07-09T05:39:25.099571,0,NVIDIA GeForce RTX 4080 Laptop GPU,5547,12282,6457,45.16,25,51,41.6
2025-07-09T05:39:35.127893,0,NVIDIA GeForce RTX 4080 Laptop GPU,5545,12282,6459,45.15,30,51,42.08
2025-07-09T05:39:45.169632,0,NVIDIA GeForce RTX 4080 Laptop GPU,5545,12282,6459,45.15,30,51,33.28
2025-07-09T05:39:55.196783,0,NVIDIA GeForce RTX 4080 Laptop GPU,5545,12282,6459,45.15,37,50,31.19
2025-07-09T05:40:05.227592,0,NVIDIA GeForce RTX 4080 Laptop GPU,5545,12282,6459,45.15,19,52,39.17
2025-07-09T05:40:15.258344,0,NVIDIA GeForce RTX 4080 Laptop GPU,5545,12282,6459,45.15,30,51,33.16
2025-07-09T05:40:25.288529,0,NVIDIA GeForce RTX 4080 Laptop GPU,5545,12282,6459,45.15,34,51,38.45
2025-07-09T05:40:35.316361,0,NVIDIA GeForce RTX 4080 Laptop GPU,5545,12282,6459,45.15,35,53,43.69
2025-07-09T05:40:45.345797,0,NVIDIA GeForce RTX 4080 Laptop GPU,5545,12282,6459,45.15,24,53,34.15
2025-07-09T05:40:55.374370,0,NVIDIA GeForce RTX 4080 Laptop GPU,5545,12282,6459,45.15,35,51,30.03
2025-07-09T05:41:05.402207,0,NVIDIA GeForce RTX 4080 Laptop GPU,5547,12282,6457,45.16,29,51,39.64
2025-07-09T05:41:15.441472,0,NVIDIA GeForce RTX 4080 Laptop GPU,5545,12282,6459,45.15,38,50,29.99
2025-07-09T05:41:25.472119,0,NVIDIA GeForce RTX 4080 Laptop GPU,5545,12282,6459,45.15,36,51,35.33
2025-07-09T05:41:35.500070,0,NVIDIA GeForce RTX 4080 Laptop GPU,5545,12282,6459,45.15,26,53,38.11
2025-07-09T05:41:45.526350,0,NVIDIA GeForce RTX 4080 Laptop GPU,5545,12282,6459,45.15,35,51,33.56
2025-07-09T05:41:55.556786,0,NVIDIA GeForce RTX 4080 Laptop GPU,5545,12282,6459,45.15,40,50,33.54
2025-07-09T05:42:05.607198,0,NVIDIA GeForce RTX 4080 Laptop GPU,5545,12282,6459,45.15,29,51,36.88
2025-07-09T05:42:15.636670,0,NVIDIA GeForce RTX 4080 Laptop GPU,5545,12282,6459,45.15,33,50,36.0
2025-07-09T05:42:25.669275,0,NVIDIA GeForce RTX 4080 Laptop GPU,5545,12282,6459,45.15,35,52,44.18
2025-07-09T05:42:35.707910,0,NVIDIA GeForce RTX 4080 Laptop GPU,5545,12282,6459,45.15,33,52,38.06
2025-07-09T05:42:45.748871,0,NVIDIA GeForce RTX 4080 Laptop GPU,5545,12282,6459,45.15,22,50,28.99
2025-07-09T05:42:55.785595,0,NVIDIA GeForce RTX 4080 Laptop GPU,5545,12282,6459,45.15,34,50,34.26
2025-07-09T05:43:05.811727,0,NVIDIA GeForce RTX 4080 Laptop GPU,5545,12282,6459,45.15,38,51,36.27
2025-07-09T05:43:15.838778,0,NVIDIA GeForce RTX 4080 Laptop GPU,5545,12282,6459,45.15,34,51,41.72
2025-07-09T05:43:25.863974,0,NVIDIA GeForce RTX 4080 Laptop GPU,5545,12282,6459,45.15,30,50,35.48
2025-07-09T05:43:35.891370,0,NVIDIA GeForce RTX 4080 Laptop GPU,5545,12282,6459,45.15,31,51,39.68
2025-07-09T05:43:45.920941,0,NVIDIA GeForce RTX 4080 Laptop GPU,5545,12282,6459,45.15,30,53,44.02
2025-07-09T05:43:55.948387,0,NVIDIA GeForce RTX 4080 Laptop GPU,5545,12282,6459,45.15,34,50,38.09
2025-07-09T05:44:05.973893,0,NVIDIA GeForce RTX 4080 Laptop GPU,5545,12282,6459,45.15,37,50,29.7
2025-07-09T05:44:16.004700,0,NVIDIA GeForce RTX 4080 Laptop GPU,5545,12282,6459,45.15,26,50,35.9
2025-07-09T05:44:26.033222,0,NVIDIA GeForce RTX 4080 Laptop GPU,5545,12282,6459,45.15,35,51,32.01
2025-07-09T05:44:36.059705,0,NVIDIA GeForce RTX 4080 Laptop GPU,5545,12282,6459,45.15,46,51,37.06
2025-07-09T05:44:46.091046,0,NVIDIA GeForce RTX 4080 Laptop GPU,5545,12282,6459,45.15,25,51,35.2
2025-07-09T05:44:56.119870,0,NVIDIA GeForce RTX 4080 Laptop GPU,5545,12282,6459,45.15,38,52,44.6
2025-07-09T05:45:06.150312,0,NVIDIA GeForce RTX 4080 Laptop GPU,5545,12282,6459,45.15,40,51,37.74
2025-07-09T05:45:16.181846,0,NVIDIA GeForce RTX 4080 Laptop GPU,5545,12282,6459,45.15,39,50,29.97
2025-07-09T05:45:26.217898,0,NVIDIA GeForce RTX 4080 Laptop GPU,5545,12282,6459,45.15,29,51,40.9
2025-07-09T05:45:36.245673,0,NVIDIA GeForce RTX 4080 Laptop GPU,5545,12282,6459,45.15,38,51,39.69
2025-07-09T05:45:46.273987,0,NVIDIA GeForce RTX 4080 Laptop GPU,5545,12282,6459,45.15,33,51,37.39
2025-07-09T05:45:56.326539,0,NVIDIA GeForce RTX 4080 Laptop GPU,5547,12282,6457,45.16,34,50,36.06
2025-07-09T05:46:06.354327,0,NVIDIA GeForce RTX 4080 Laptop GPU,5547,12282,6457,45.16,38,51,38.8
2025-07-09T05:46:16.381458,0,NVIDIA GeForce RTX 4080 Laptop GPU,5545,12282,6459,45.15,33,51,34.48
2025-07-09T05:46:26.406424,0,NVIDIA GeForce RTX 4080 Laptop GPU,5545,12282,6459,45.15,34,50,33.03
2025-07-09T05:46:36.435276,0,NVIDIA GeForce RTX 4080 Laptop GPU,5545,12282,6459,45.15,40,53,43.41
2025-07-09T05:46:46.469886,0,NVIDIA GeForce RTX 4080 Laptop GPU,5545,12282,6459,45.15,33,51,31.09
2025-07-09T05:46:56.510730,0,NVIDIA GeForce RTX 4080 Laptop GPU,5545,12282,6459,45.15,31,50,39.12
2025-07-09T05:47:06.551923,0,NVIDIA GeForce RTX 4080 Laptop GPU,5545,12282,6459,45.15,40,51,43.61
2025-07-09T05:47:16.589070,0,NVIDIA GeForce RTX 4080 Laptop GPU,5545,12282,6459,45.15,26,51,36.09
2025-07-09T05:47:26.624063,0,NVIDIA GeForce RTX 4080 Laptop GPU,5545,12282,6459,45.15,32,51,37.2
2025-07-09T05:47:36.650751,0,NVIDIA GeForce RTX 4080 Laptop GPU,5547,12282,6457,45.16,27,51,31.64
2025-07-09T05:47:46.689273,0,NVIDIA GeForce RTX 4080 Laptop GPU,5545,12282,6459,45.15,40,50,31.62
2025-07-09T05:47:56.715269,0,NVIDIA GeForce RTX 4080 Laptop GPU,5545,12282,6459,45.15,31,51,36.13
2025-07-09T05:48:06.742777,0,NVIDIA GeForce RTX 4080 Laptop GPU,5545,12282,6459,45.15,25,51,36.39
2025-07-09T05:48:16.772120,0,NVIDIA GeForce RTX 4080 Laptop GPU,5545,12282,6459,45.15,18,51,38.46
2025-07-09T05:48:26.804907,0,NVIDIA GeForce RTX 4080 Laptop GPU,5545,12282,6459,45.15,25,51,33.55
2025-07-09T05:48:36.831839,0,NVIDIA GeForce RTX 4080 Laptop GPU,5545,12282,6459,45.15,44,51,38.05
2025-07-09T05:48:46.869281,0,NVIDIA GeForce RTX 4080 Laptop GPU,5545,12282,6459,45.15,35,50,32.51
2025-07-09T05:48:56.905896,0,NVIDIA GeForce RTX 4080 Laptop GPU,5545,12282,6459,45.15,29,51,40.27
2025-07-09T05:49:06.928319,0,NVIDIA GeForce RTX 4080 Laptop GPU,5545,12282,6459,45.15,45,52,37.97
2025-07-09T05:49:16.960109,0,NVIDIA GeForce RTX 4080 Laptop GPU,5547,12282,6457,45.16,30,53,43.98
2025-07-09T05:49:26.986894,0,NVIDIA GeForce RTX 4080 Laptop GPU,5545,12282,6459,45.15,38,51,34.18
2025-07-09T05:49:37.013205,0,NVIDIA GeForce RTX 4080 Laptop GPU,5545,12282,6459,45.15,39,52,43.22
2025-07-09T05:49:47.050902,0,NVIDIA GeForce RTX 4080 Laptop GPU,5545,12282,6459,45.15,31,51,41.6
2025-07-09T05:49:57.081517,0,NVIDIA GeForce RTX 4080 Laptop GPU,5545,12282,6459,45.15,32,52,39.26
2025-07-09T05:50:07.113542,0,NVIDIA GeForce RTX 4080 Laptop GPU,5545,12282,6459,45.15,36,51,35.08
2025-07-09T05:50:17.141669,0,NVIDIA GeForce RTX 4080 Laptop GPU,5545,12282,6459,45.15,30,50,30.11
2025-07-09T05:50:27.177468,0,NVIDIA GeForce RTX 4080 Laptop GPU,5545,12282,6459,45.15,28,53,45.51
2025-07-09T05:50:37.207383,0,NVIDIA GeForce RTX 4080 Laptop GPU,5545,12282,6459,45.15,35,51,31.93
2025-07-09T05:50:47.244240,0,NVIDIA GeForce RTX 4080 Laptop GPU,5545,12282,6459,45.15,24,51,37.84
2025-07-09T05:50:57.272056,0,NVIDIA GeForce RTX 4080 Laptop GPU,5547,12282,6457,45.16,30,51,36.04
2025-07-09T05:51:07.299872,0,NVIDIA GeForce RTX 4080 Laptop GPU,5547,12282,6457,45.16,33,51,37.9
2025-07-09T05:51:17.335476,0,NVIDIA GeForce RTX 4080 Laptop GPU,5545,12282,6459,45.15,29,51,39.54
2025-07-09T05:51:27.362857,0,NVIDIA GeForce RTX 4080 Laptop GPU,5545,12282,6459,45.15,35,52,37.95
2025-07-09T05:51:37.393103,0,NVIDIA GeForce RTX 4080 Laptop GPU,5545,12282,6459,45.15,36,51,32.28
2025-07-09T05:51:47.429907,0,NVIDIA GeForce RTX 4080 Laptop GPU,5545,12282,6459,45.15,24,51,31.58
2025-07-09T05:51:57.468608,0,NVIDIA GeForce RTX 4080 Laptop GPU,5545,12282,6459,45.15,32,51,36.59
2025-07-09T05:52:07.495334,0,NVIDIA GeForce RTX 4080 Laptop GPU,5545,12282,6459,45.15,39,53,39.67
2025-07-09T05:52:17.520856,0,NVIDIA GeForce RTX 4080 Laptop GPU,5545,12282,6459,45.15,37,51,35.44
2025-07-09T05:52:27.546602,0,NVIDIA GeForce RTX 4080 Laptop GPU,5545,12282,6459,45.15,41,52,39.14
2025-07-09T05:52:37.575663,0,NVIDIA GeForce RTX 4080 Laptop GPU,5547,12282,6457,45.16,21,52,36.42
2025-07-09T05:52:47.602408,0,NVIDIA GeForce RTX 4080 Laptop GPU,5545,12282,6459,45.15,32,52,38.97
2025-07-09T05:52:57.633094,0,NVIDIA GeForce RTX 4080 Laptop GPU,5545,12282,6459,45.15,35,52,41.7
2025-07-09T05:53:07.662240,0,NVIDIA GeForce RTX 4080 Laptop GPU,5545,12282,6459,45.15,31,51,32.75
2025-07-09T05:53:17.693592,0,NVIDIA GeForce RTX 4080 Laptop GPU,5545,12282,6459,45.15,34,52,31.66
2025-07-09T05:53:27.723723,0,NVIDIA GeForce RTX 4080 Laptop GPU,5545,12282,6459,45.15,33,52,33.1
2025-07-09T05:53:37.759176,0,NVIDIA GeForce RTX 4080 Laptop GPU,5545,12282,6459,45.15,39,51,40.33
2025-07-09T05:53:47.788615,0,NVIDIA GeForce RTX 4080 Laptop GPU,5545,12282,6459,45.15,22,51,31.57
2025-07-09T05:53:57.815569,0,NVIDIA GeForce RTX 4080 Laptop GPU,5545,12282,6459,45.15,29,51,31.6
2025-07-09T05:54:07.847309,0,NVIDIA GeForce RTX 4080 Laptop GPU,5545,12282,6459,45.15,35,52,45.86
2025-07-09T05:54:17.873685,0,NVIDIA GeForce RTX 4080 Laptop GPU,5545,12282,6459,45.15,44,52,31.53
2025-07-09T05:54:27.903014,0,NVIDIA GeForce RTX 4080 Laptop GPU,5545,12282,6459,45.15,36,52,42.09
2025-07-09T05:54:37.937800,0,NVIDIA GeForce RTX 4080 Laptop GPU,5545,12282,6459,45.15,23,52,29.16
2025-07-09T05:54:47.963830,0,NVIDIA GeForce RTX 4080 Laptop GPU,5545,12282,6459,45.15,33,51,35.33
2025-07-09T05:54:57.995571,0,NVIDIA GeForce RTX 4080 Laptop GPU,5545,12282,6459,45.15,31,52,42.68
2025-07-09T05:55:08.024155,0,NVIDIA GeForce RTX 4080 Laptop GPU,5545,12282,6459,45.15,35,53,42.3
2025-07-09T05:55:18.050205,0,NVIDIA GeForce RTX 4080 Laptop GPU,5545,12282,6459,45.15,37,51,36.46
2025-07-09T05:55:28.079916,0,NVIDIA GeForce RTX 4080 Laptop GPU,5545,12282,6459,45.15,26,52,42.86
2025-07-09T05:55:38.110444,0,NVIDIA GeForce RTX 4080 Laptop GPU,5545,12282,6459,45.15,35,51,33.51
2025-07-09T05:55:48.130801,0,NVIDIA GeForce RTX 4080 Laptop GPU,5545,12282,6459,45.15,35,53,45.26
2025-07-09T05:55:58.160615,0,NVIDIA GeForce RTX 4080 Laptop GPU,5547,12282,6457,45.16,35,53,44.91
2025-07-09T05:56:08.191388,0,NVIDIA GeForce RTX 4080 Laptop GPU,5547,12282,6457,45.16,34,52,30.11
2025-07-09T05:56:18.219281,0,NVIDIA GeForce RTX 4080 Laptop GPU,5545,12282,6459,45.15,32,52,36.67
2025-07-09T05:56:28.253368,0,NVIDIA GeForce RTX 4080 Laptop GPU,5545,12282,6459,45.15,26,52,41.67
2025-07-09T05:56:38.281616,0,NVIDIA GeForce RTX 4080 Laptop GPU,5545,12282,6459,45.15,39,52,36.34
2025-07-09T05:56:48.316793,0,NVIDIA GeForce RTX 4080 Laptop GPU,5545,12282,6459,45.15,27,52,39.87
2025-07-09T05:56:58.348265,0,NVIDIA GeForce RTX 4080 Laptop GPU,5545,12282,6459,45.15,37,52,34.41
2025-07-09T05:57:08.376160,0,NVIDIA GeForce RTX 4080 Laptop GPU,5545,12282,6459,45.15,41,53,34.61
2025-07-09T05:57:18.404328,0,NVIDIA GeForce RTX 4080 Laptop GPU,5545,12282,6459,45.15,29,53,40.29
2025-07-09T05:57:28.433417,0,NVIDIA GeForce RTX 4080 Laptop GPU,5547,12282,6457,45.16,42,53,33.6
2025-07-09T05:57:38.463061,0,NVIDIA GeForce RTX 4080 Laptop GPU,5547,12282,6457,45.16,29,53,41.54
2025-07-09T05:57:48.491394,0,NVIDIA GeForce RTX 4080 Laptop GPU,5545,12282,6459,45.15,31,52,36.54
2025-07-09T05:57:58.518708,0,NVIDIA GeForce RTX 4080 Laptop GPU,5545,12282,6459,45.15,28,51,29.62
2025-07-09T05:58:08.549297,0,NVIDIA GeForce RTX 4080 Laptop GPU,5545,12282,6459,45.15,25,53,45.05
2025-07-09T05:58:18.576428,0,NVIDIA GeForce RTX 4080 Laptop GPU,5545,12282,6459,45.15,29,52,39.43
2025-07-09T05:58:28.602291,0,NVIDIA GeForce RTX 4080 Laptop GPU,5545,12282,6459,45.15,27,53,44.74
2025-07-09T05:58:38.629333,0,NVIDIA GeForce RTX 4080 Laptop GPU,5545,12282,6459,45.15,32,54,43.8
2025-07-09T05:58:48.670167,0,NVIDIA GeForce RTX 4080 Laptop GPU,5545,12282,6459,45.15,29,53,43.08
2025-07-09T05:58:58.698052,0,NVIDIA GeForce RTX 4080 Laptop GPU,5545,12282,6459,45.15,27,53,47.36
2025-07-09T05:59:08.724899,0,NVIDIA GeForce RTX 4080 Laptop GPU,5547,12282,6457,45.16,38,53,44.19
2025-07-09T05:59:18.753887,0,NVIDIA GeForce RTX 4080 Laptop GPU,5545,12282,6459,45.15,25,54,44.84
2025-07-09T05:59:28.782610,0,NVIDIA GeForce RTX 4080 Laptop GPU,5545,12282,6459,45.15,25,52,40.97
2025-07-09T05:59:38.808486,0,NVIDIA GeForce RTX 4080 Laptop GPU,5545,12282,6459,45.15,31,53,41.17
2025-07-09T05:59:48.835068,0,NVIDIA GeForce RTX 4080 Laptop GPU,5545,12282,6459,45.15,31,53,32.21
2025-07-09T05:59:58.870392,0,NVIDIA GeForce RTX 4080 Laptop GPU,5545,12282,6459,45.15,24,51,30.07
2025-07-09T06:00:08.897846,0,NVIDIA GeForce RTX 4080 Laptop GPU,5545,12282,6459,45.15,33,55,47.32
2025-07-09T06:00:18.941711,0,NVIDIA GeForce RTX 4080 Laptop GPU,5545,12282,6459,45.15,39,53,34.96
2025-07-09T06:00:28.970561,0,NVIDIA GeForce RTX 4080 Laptop GPU,5545,12282,6459,45.15,33,53,38.77
2025-07-09T06:00:38.997060,0,NVIDIA GeForce RTX 4080 Laptop GPU,5545,12282,6459,45.15,22,51,30.24
2025-07-09T06:00:49.032874,0,NVIDIA GeForce RTX 4080 Laptop GPU,5547,12282,6457,45.16,37,52,40.28
2025-07-09T06:00:59.068888,0,NVIDIA GeForce RTX 4080 Laptop GPU,5547,12282,6457,45.16,27,53,38.83
2025-07-09T06:01:09.101156,0,NVIDIA GeForce RTX 4080 Laptop GPU,5547,12282,6457,45.16,25,52,39.6
2025-07-09T06:01:19.138281,0,NVIDIA GeForce RTX 4080 Laptop GPU,5545,12282,6459,45.15,30,52,39.32
2025-07-09T06:01:29.164261,0,NVIDIA GeForce RTX 4080 Laptop GPU,5545,12282,6459,45.15,33,51,33.04
2025-07-09T06:01:39.191581,0,NVIDIA GeForce RTX 4080 Laptop GPU,5545,12282,6459,45.15,29,53,38.6
2025-07-09T06:01:49.225648,0,NVIDIA GeForce RTX 4080 Laptop GPU,5545,12282,6459,45.15,35,51,30.92
2025-07-09T06:01:59.251314,0,NVIDIA GeForce RTX 4080 Laptop GPU,5545,12282,6459,45.15,39,51,30.45
2025-07-09T06:02:09.277224,0,NVIDIA GeForce RTX 4080 Laptop GPU,5545,12282,6459,45.15,35,52,40.38
2025-07-09T06:02:19.304644,0,NVIDIA GeForce RTX 4080 Laptop GPU,5545,12282,6459,45.15,31,53,41.89
2025-07-09T06:02:29.330732,0,NVIDIA GeForce RTX 4080 Laptop GPU,5545,12282,6459,45.15,34,52,40.02
2025-07-09T06:02:39.360712,0,NVIDIA GeForce RTX 4080 Laptop GPU,5545,12282,6459,45.15,40,52,35.94
2025-07-09T06:02:49.391480,0,NVIDIA GeForce RTX 4080 Laptop GPU,5545,12282,6459,45.15,38,51,34.26
2025-07-09T06:02:59.416854,0,NVIDIA GeForce RTX 4080 Laptop GPU,5545,12282,6459,45.15,28,52,39.26
2025-07-09T06:03:09.444305,0,NVIDIA GeForce RTX 4080 Laptop GPU,5545,12282,6459,45.15,33,52,31.59
2025-07-09T06:03:19.483039,0,NVIDIA GeForce RTX 4080 Laptop GPU,5545,12282,6459,45.15,33,51,31.63
2025-07-09T06:03:29.510515,0,NVIDIA GeForce RTX 4080 Laptop GPU,5545,12282,6459,45.15,42,52,32.22
2025-07-09T06:03:39.536331,0,NVIDIA GeForce RTX 4080 Laptop GPU,5545,12282,6459,45.15,27,51,35.03
2025-07-09T06:03:49.571102,0,NVIDIA GeForce RTX 4080 Laptop GPU,5545,12282,6459,45.15,45,51,37.47
2025-07-09T06:03:59.606533,0,NVIDIA GeForce RTX 4080 Laptop GPU,5545,12282,6459,45.15,25,51,34.69
2025-07-09T06:04:09.632188,0,NVIDIA GeForce RTX 4080 Laptop GPU,5547,12282,6457,45.16,38,54,44.6
2025-07-09T06:04:19.656346,0,NVIDIA GeForce RTX 4080 Laptop GPU,5545,12282,6459,45.15,33,52,38.17
2025-07-09T06:04:29.691666,0,NVIDIA GeForce RTX 4080 Laptop GPU,5545,12282,6459,45.15,33,52,42.12
2025-07-09T06:04:39.718461,0,NVIDIA GeForce RTX 4080 Laptop GPU,5545,12282,6459,45.15,37,52,40.2
2025-07-09T06:04:49.750214,0,NVIDIA GeForce RTX 4080 Laptop GPU,5545,12282,6459,45.15,31,53,45.33
2025-07-09T06:04:59.786124,0,NVIDIA GeForce RTX 4080 Laptop GPU,5545,12282,6459,45.15,35,51,31.45
2025-07-09T06:05:09.813657,0,NVIDIA GeForce RTX 4080 Laptop GPU,5545,12282,6459,45.15,25,53,38.96
2025-07-09T06:05:19.840099,0,NVIDIA GeForce RTX 4080 Laptop GPU,5545,12282,6459,45.15,39,53,45.54
2025-07-09T06:05:29.874230,0,NVIDIA GeForce RTX 4080 Laptop GPU,5545,12282,6459,45.15,26,52,36.27
2025-07-09T06:05:39.908693,0,NVIDIA GeForce RTX 4080 Laptop GPU,5547,12282,6457,45.16,39,52,48.69
2025-07-09T06:05:49.936755,0,NVIDIA GeForce RTX 4080 Laptop GPU,5545,12282,6459,45.15,33,52,40.08
2025-07-09T06:05:59.963899,0,NVIDIA GeForce RTX 4080 Laptop GPU,5545,12282,6459,45.15,36,52,31.33
2025-07-09T06:06:09.992260,0,NVIDIA GeForce RTX 4080 Laptop GPU,5545,12282,6459,45.15,40,54,39.57
2025-07-09T06:06:20.030229,0,NVIDIA GeForce RTX 4080 Laptop GPU,5545,12282,6459,45.15,33,52,35.93
2025-07-09T06:06:30.057056,0,NVIDIA GeForce RTX 4080 Laptop GPU,5545,12282,6459,45.15,40,52,35.39
2025-07-09T06:06:40.084414,0,NVIDIA GeForce RTX 4080 Laptop GPU,5545,12282,6459,45.15,36,53,33.85
2025-07-09T06:06:50.114016,0,NVIDIA GeForce RTX 4080 Laptop GPU,5545,12282,6459,45.15,29,52,40.82
2025-07-09T06:07:00.141794,0,NVIDIA GeForce RTX 4080 Laptop GPU,5545,12282,6459,45.15,22,53,41.64
2025-07-09T06:07:10.178567,0,NVIDIA GeForce RTX 4080 Laptop GPU,5545,12282,6459,45.15,34,52,38.1
2025-07-09T06:07:20.206102,0,NVIDIA GeForce RTX 4080 Laptop GPU,5547,12282,6457,45.16,33,53,44.16
2025-07-09T06:07:30.240966,0,NVIDIA GeForce RTX 4080 Laptop GPU,5545,12282,6459,45.15,22,52,40.16
2025-07-09T06:07:40.274319,0,NVIDIA GeForce RTX 4080 Laptop GPU,5545,12282,6459,45.15,19,52,34.36
2025-07-09T06:07:50.300136,0,NVIDIA GeForce RTX 4080 Laptop GPU,5545,12282,6459,45.15,39,54,42.99
2025-07-09T06:08:00.335785,0,NVIDIA GeForce RTX 4080 Laptop GPU,5545,12282,6459,45.15,30,52,43.93
2025-07-09T06:08:10.372818,0,NVIDIA GeForce RTX 4080 Laptop GPU,5545,12282,6459,45.15,38,53,42.97
2025-07-09T06:08:20.401295,0,NVIDIA GeForce RTX 4080 Laptop GPU,5545,12282,6459,45.15,20,52,45.03
2025-07-09T06:08:30.427036,0,NVIDIA GeForce RTX 4080 Laptop GPU,5545,12282,6459,45.15,28,53,46.55
2025-07-09T06:08:40.460494,0,NVIDIA GeForce RTX 4080 Laptop GPU,5545,12282,6459,45.15,21,51,32.38
2025-07-09T06:08:50.489445,0,NVIDIA GeForce RTX 4080 Laptop GPU,5545,12282,6459,45.15,34,53,38.78
2025-07-09T06:09:00.512699,0,NVIDIA GeForce RTX 4080 Laptop GPU,5547,12282,6457,45.16,34,52,41.17
2025-07-09T06:09:10.539162,0,NVIDIA GeForce RTX 4080 Laptop GPU,5545,12282,6459,45.15,33,51,35.41
2025-07-09T06:09:20.567877,0,NVIDIA GeForce RTX 4080 Laptop GPU,5545,12282,6459,45.15,45,52,39.79
2025-07-09T06:09:30.604523,0,NVIDIA GeForce RTX 4080 Laptop GPU,5545,12282,6459,45.15,28,51,40.17
2025-07-09T06:09:40.642596,0,NVIDIA GeForce RTX 4080 Laptop GPU,5545,12282,6459,45.15,32,51,35.02
2025-07-09T06:09:50.671588,0,NVIDIA GeForce RTX 4080 Laptop GPU,5545,12282,6459,45.15,24,52,42.6
2025-07-09T06:10:00.702511,0,NVIDIA GeForce RTX 4080 Laptop GPU,5545,12282,6459,45.15,29,51,34.5
2025-07-09T06:10:10.733896,0,NVIDIA GeForce RTX 4080 Laptop GPU,5545,12282,6459,45.15,35,51,30.31
2025-07-09T06:10:20.761656,0,NVIDIA GeForce RTX 4080 Laptop GPU,5545,12282,6459,45.15,34,51,33.05
2025-07-09T06:10:30.796499,0,NVIDIA GeForce RTX 4080 Laptop GPU,5545,12282,6459,45.15,31,51,38.21
2025-07-09T06:10:40.834670,0,NVIDIA GeForce RTX 4080 Laptop GPU,5545,12282,6459,45.15,38,51,32.56
2025-07-09T06:10:50.871266,0,NVIDIA GeForce RTX 4080 Laptop GPU,5545,12282,6459,45.15,34,52,31.66
2025-07-09T06:11:00.904251,0,NVIDIA GeForce RTX 4080 Laptop GPU,5545,12282,6459,45.15,26,51,36.37
2025-07-09T06:11:10.934734,0,NVIDIA GeForce RTX 4080 Laptop GPU,5545,12282,6459,45.15,25,52,40.92
2025-07-09T06:11:20.973185,0,NVIDIA GeForce RTX 4080 Laptop GPU,5545,12282,6459,45.15,22,51,39.59
2025-07-09T06:11:31.018667,0,NVIDIA GeForce RTX 4080 Laptop GPU,5545,12282,6459,45.15,33,51,34.46
2025-07-09T06:11:41.051196,0,NVIDIA GeForce RTX 4080 Laptop GPU,5545,12282,6459,45.15,36,51,30.55
2025-07-09T06:11:51.079846,0,NVIDIA GeForce RTX 4080 Laptop GPU,5545,12282,6459,45.15,36,51,35.73
2025-07-09T06:12:01.108650,0,NVIDIA GeForce RTX 4080 Laptop GPU,5545,12282,6459,45.15,33,51,36.1
2025-07-09T06:12:11.134810,0,NVIDIA GeForce RTX 4080 Laptop GPU,5545,12282,6459,45.15,33,52,37.94
2025-07-09T06:12:21.166065,0,NVIDIA GeForce RTX 4080 Laptop GPU,5547,12282,6457,45.16,33,51,33.91
2025-07-09T06:12:31.205309,0,NVIDIA GeForce RTX 4080 Laptop GPU,5545,12282,6459,45.15,23,53,43.69
2025-07-09T06:12:41.235251,0,NVIDIA GeForce RTX 4080 Laptop GPU,5545,12282,6459,45.15,27,53,42.08
2025-07-09T06:12:51.268283,0,NVIDIA GeForce RTX 4080 Laptop GPU,5545,12282,6459,45.15,39,51,34.72
2025-07-09T06:13:01.298605,0,NVIDIA GeForce RTX 4080 Laptop GPU,5545,12282,6459,45.15,40,52,42.5
2025-07-09T06:13:11.328029,0,NVIDIA GeForce RTX 4080 Laptop GPU,5545,12282,6459,45.15,46,52,37.23
2025-07-09T06:13:21.356452,0,NVIDIA GeForce RTX 4080 Laptop GPU,5545,12282,6459,45.15,29,52,43.73
2025-07-09T06:13:31.384465,0,NVIDIA GeForce RTX 4080 Laptop GPU,5545,12282,6459,45.15,39,53,47.96
2025-07-09T06:13:41.414161,0,NVIDIA GeForce RTX 4080 Laptop GPU,5545,12282,6459,45.15,32,52,34.69
2025-07-09T06:13:51.442618,0,NVIDIA GeForce RTX 4080 Laptop GPU,5547,12282,6457,45.16,24,52,33.54
2025-07-09T06:14:01.475585,0,NVIDIA GeForce RTX 4080 Laptop GPU,5547,12282,6457,45.16,36,52,29.78
2025-07-09T06:14:11.506628,0,NVIDIA GeForce RTX 4080 Laptop GPU,5545,12282,6459,45.15,31,51,37.71
2025-07-09T06:14:21.527780,0,NVIDIA GeForce RTX 4080 Laptop GPU,5545,12282,6459,45.15,33,52,41.37
2025-07-09T06:14:31.562804,0,NVIDIA GeForce RTX 4080 Laptop GPU,5545,12282,6459,45.15,32,52,33.65
2025-07-09T06:14:41.592687,0,NVIDIA GeForce RTX 4080 Laptop GPU,5545,12282,6459,45.15,36,52,34.9
2025-07-09T06:14:51.622518,0,NVIDIA GeForce RTX 4080 Laptop GPU,5545,12282,6459,45.15,29,52,42.68
2025-07-09T06:15:01.651271,0,NVIDIA GeForce RTX 4080 Laptop GPU,5545,12282,6459,45.15,40,51,34.97
2025-07-09T06:15:11.680867,0,NVIDIA GeForce RTX 4080 Laptop GPU,5545,12282,6459,45.15,45,52,37.24
2025-07-09T06:15:21.710700,0,NVIDIA GeForce RTX 4080 Laptop GPU,5545,12282,6459,45.15,36,52,34.76
2025-07-09T06:15:31.738923,0,NVIDIA GeForce RTX 4080 Laptop GPU,5547,12282,6457,45.16,35,52,37.29
2025-07-09T06:15:41.766235,0,NVIDIA GeForce RTX 4080 Laptop GPU,5545,12282,6459,45.15,37,53,43.13
2025-07-09T06:15:51.797414,0,NVIDIA GeForce RTX 4080 Laptop GPU,5545,12282,6459,45.15,36,52,40.38
2025-07-09T06:16:01.827959,0,NVIDIA GeForce RTX 4080 Laptop GPU,5545,12282,6459,45.15,37,52,29.82
2025-07-09T06:16:11.860021,0,NVIDIA GeForce RTX 4080 Laptop GPU,5545,12282,6459,45.15,28,52,36.72
2025-07-09T06:16:21.887516,0,NVIDIA GeForce RTX 4080 Laptop GPU,5545,12282,6459,45.15,33,53,48.65
2025-07-09T06:16:31.918811,0,NVIDIA GeForce RTX 4080 Laptop GPU,5545,12282,6459,45.15,36,52,31.02
2025-07-09T06:16:41.944470,0,NVIDIA GeForce RTX 4080 Laptop GPU,5545,12282,6459,45.15,46,52,30.7
2025-07-09T06:16:51.972130,0,NVIDIA GeForce RTX 4080 Laptop GPU,5545,12282,6459,45.15,47,53,38.61
2025-07-09T06:17:01.998407,0,NVIDIA GeForce RTX 4080 Laptop GPU,5545,12282,6459,45.15,7,52,39.59
2025-07-09T06:17:12.027352,0,NVIDIA GeForce RTX 4080 Laptop GPU,5545,12282,6459,45.15,38,52,34.76
2025-07-09T06:17:22.063047,0,NVIDIA GeForce RTX 4080 Laptop GPU,5545,12282,6459,45.15,30,51,30.56
2025-07-09T06:17:32.099069,0,NVIDIA GeForce RTX 4080 Laptop GPU,5545,12282,6459,45.15,31,53,44.01
2025-07-09T06:17:42.134755,0,NVIDIA GeForce RTX 4080 Laptop GPU,5545,12282,6459,45.15,29,54,44.22
2025-07-09T06:17:52.173052,0,NVIDIA GeForce RTX 4080 Laptop GPU,5545,12282,6459,45.15,31,52,40.46
2025-07-09T06:18:02.211477,0,NVIDIA GeForce RTX 4080 Laptop GPU,5545,12282,6459,45.15,30,54,46.48
2025-07-09T06:18:12.241869,0,NVIDIA GeForce RTX 4080 Laptop GPU,5545,12282,6459,45.15,32,53,45.93
2025-07-09T06:18:22.282281,0,NVIDIA GeForce RTX 4080 Laptop GPU,5545,12282,6459,45.15,40,54,46.75
2025-07-09T06:18:32.316505,0,NVIDIA GeForce RTX 4080 Laptop GPU,5545,12282,6459,45.15,30,53,39.15
2025-07-09T06:18:42.346764,0,NVIDIA GeForce RTX 4080 Laptop GPU,5545,12282,6459,45.15,39,53,34.72
2025-07-09T06:18:52.376294,0,NVIDIA GeForce RTX 4080 Laptop GPU,5547,12282,6457,45.16,40,53,31.34
2025-07-09T06:19:02.415205,0,NVIDIA GeForce RTX 4080 Laptop GPU,5547,12282,6457,45.16,35,52,38.62
2025-07-09T06:19:12.444386,0,NVIDIA GeForce RTX 4080 Laptop GPU,5545,12282,6459,45.15,30,53,45.19
2025-07-09T06:19:22.471318,0,NVIDIA GeForce RTX 4080 Laptop GPU,5545,12282,6459,45.15,32,53,38.68
2025-07-09T06:19:32.499705,0,NVIDIA GeForce RTX 4080 Laptop GPU,5545,12282,6459,45.15,37,52,30.48
2025-07-09T06:19:42.525067,0,NVIDIA GeForce RTX 4080 Laptop GPU,5545,12282,6459,45.15,33,53,44.23
2025-07-09T06:19:52.561364,0,NVIDIA GeForce RTX 4080 Laptop GPU,5545,12282,6459,45.15,20,52,38.44
2025-07-09T06:20:02.587908,0,NVIDIA GeForce RTX 4080 Laptop GPU,5545,12282,6459,45.15,39,54,42.32
2025-07-09T06:20:12.616448,0,NVIDIA GeForce RTX 4080 Laptop GPU,5545,12282,6459,45.15,24,53,39.06
2025-07-09T06:20:22.653667,0,NVIDIA GeForce RTX 4080 Laptop GPU,5545,12282,6459,45.15,27,52,40.88
2025-07-09T06:20:32.685982,0,NVIDIA GeForce RTX 4080 Laptop GPU,5545,12282,6459,45.15,28,53,42.93
2025-07-09T06:20:42.715495,0,NVIDIA GeForce RTX 4080 Laptop GPU,5545,12282,6459,45.15,26,54,41.88
2025-07-09T06:20:52.741264,0,NVIDIA GeForce RTX 4080 Laptop GPU,5545,12282,6459,45.15,45,52,35.34
2025-07-09T06:21:02.775620,0,NVIDIA GeForce RTX 4080 Laptop GPU,5545,12282,6459,45.15,20,53,43.2
2025-07-09T06:21:12.813333,0,NVIDIA GeForce RTX 4080 Laptop GPU,5545,12282,6459,45.15,22,53,38.8
2025-07-09T06:21:22.843661,0,NVIDIA GeForce RTX 4080 Laptop GPU,5545,12282,6459,45.15,32,52,34.78
2025-07-09T06:21:32.881052,0,NVIDIA GeForce RTX 4080 Laptop GPU,5545,12282,6459,45.15,26,53,43.68
2025-07-09T06:21:42.910332,0,NVIDIA GeForce RTX 4080 Laptop GPU,5545,12282,6459,45.15,25,53,39.41
2025-07-09T06:21:52.937902,0,NVIDIA GeForce RTX 4080 Laptop GPU,5545,12282,6459,45.15,42,54,42.09
2025-07-09T06:22:02.964207,0,NVIDIA GeForce RTX 4080 Laptop GPU,5547,12282,6457,45.16,33,52,32.87
2025-07-09T06:22:12.993420,0,NVIDIA GeForce RTX 4080 Laptop GPU,5545,12282,6459,45.15,38,52,30.82
2025-07-09T06:22:23.022636,0,NVIDIA GeForce RTX 4080 Laptop GPU,5545,12282,6459,45.15,33,53,38.72
2025-07-09T06:22:33.047313,0,NVIDIA GeForce RTX 4080 Laptop GPU,5545,12282,6459,45.15,29,52,34.28
2025-07-09T06:22:43.072648,0,NVIDIA GeForce RTX 4080 Laptop GPU,5545,12282,6459,45.15,39,52,34.02
2025-07-09T06:22:53.098496,0,NVIDIA GeForce RTX 4080 Laptop GPU,5545,12282,6459,45.15,29,51,30.83
2025-07-09T06:23:03.131158,0,NVIDIA GeForce RTX 4080 Laptop GPU,5545,12282,6459,45.15,28,54,43.56
2025-07-09T06:23:13.163868,0,NVIDIA GeForce RTX 4080 Laptop GPU,5545,12282,6459,45.15,30,52,43.52
2025-07-09T06:23:23.200135,0,NVIDIA GeForce RTX 4080 Laptop GPU,5545,12282,6459,45.15,29,52,44.12
2025-07-09T06:23:33.229075,0,NVIDIA GeForce RTX 4080 Laptop GPU,5545,12282,6459,45.15,35,52,36.17
2025-07-09T06:23:43.259144,0,NVIDIA GeForce RTX 4080 Laptop GPU,5547,12282,6457,45.16,36,51,30.67
2025-07-09T06:23:53.288144,0,NVIDIA GeForce RTX 4080 Laptop GPU,5547,12282,6457,45.16,36,52,43.44
2025-07-09T06:24:03.317769,0,NVIDIA GeForce RTX 4080 Laptop GPU,5547,12282,6457,45.16,26,52,39.6
2025-07-09T06:24:13.343480,0,NVIDIA GeForce RTX 4080 Laptop GPU,5545,12282,6459,45.15,23,52,37.85
2025-07-09T06:24:23.369797,0,NVIDIA GeForce RTX 4080 Laptop GPU,5545,12282,6459,45.15,29,52,44.38
2025-07-09T06:24:33.399298,0,NVIDIA GeForce RTX 4080 Laptop GPU,5545,12282,6459,45.15,27,52,42.76
2025-07-09T06:24:43.428162,0,NVIDIA GeForce RTX 4080 Laptop GPU,5545,12282,6459,45.15,34,52,36.8
2025-07-09T06:24:53.463227,0,NVIDIA GeForce RTX 4080 Laptop GPU,5545,12282,6459,45.15,33,52,31.65
2025-07-09T06:25:03.490291,0,NVIDIA GeForce RTX 4080 Laptop GPU,5545,12282,6459,45.15,34,53,46.88
2025-07-09T06:25:13.517110,0,NVIDIA GeForce RTX 4080 Laptop GPU,5545,12282,6459,45.15,37,53,33.39
2025-07-09T06:25:23.549967,0,NVIDIA GeForce RTX 4080 Laptop GPU,5547,12282,6457,45.16,28,53,47.01
2025-07-09T06:25:33.586676,0,NVIDIA GeForce RTX 4080 Laptop GPU,5545,12282,6459,45.15,30,53,48.34
2025-07-09T06:25:43.617300,0,NVIDIA GeForce RTX 4080 Laptop GPU,5545,12282,6459,45.15,25,52,39.26
2025-07-09T06:25:53.643366,0,NVIDIA GeForce RTX 4080 Laptop GPU,5545,12282,6459,45.15,30,52,39.67
2025-07-09T06:26:03.669923,0,NVIDIA GeForce RTX 4080 Laptop GPU,5545,12282,6459,45.15,38,53,48.97
2025-07-09T06:26:13.696173,0,NVIDIA GeForce RTX 4080 Laptop GPU,5545,12282,6459,45.15,26,52,41.23
2025-07-09T06:26:23.726203,0,NVIDIA GeForce RTX 4080 Laptop GPU,5545,12282,6459,45.15,41,52,37.52
2025-07-09T06:26:33.752065,0,NVIDIA GeForce RTX 4080 Laptop GPU,5545,12282,6459,45.15,34,52,37.51
2025-07-09T06:26:43.787903,0,NVIDIA GeForce RTX 4080 Laptop GPU,5545,12282,6459,45.15,31,52,39.98
2025-07-09T06:26:53.820917,0,NVIDIA GeForce RTX 4080 Laptop GPU,5545,12282,6459,45.15,36,51,29.95
2025-07-09T06:27:03.847190,0,NVIDIA GeForce RTX 4080 Laptop GPU,5547,12282,6457,45.16,35,51,34.33
2025-07-09T06:27:13.875885,0,NVIDIA GeForce RTX 4080 Laptop GPU,5545,12282,6459,45.15,28,52,43.9
2025-07-09T06:27:23.913070,0,NVIDIA GeForce RTX 4080 Laptop GPU,5545,12282,6459,45.15,38,51,30.11
2025-07-09T06:27:33.943535,0,NVIDIA GeForce RTX 4080 Laptop GPU,5545,12282,6459,45.15,28,51,37.88
2025-07-09T06:27:43.971802,0,NVIDIA GeForce RTX 4080 Laptop GPU,5545,12282,6459,45.15,20,51,36.97
2025-07-09T06:27:54.001588,0,NVIDIA GeForce RTX 4080 Laptop GPU,5545,12282,6459,45.15,38,51,37.28
2025-07-09T06:28:04.027809,0,NVIDIA GeForce RTX 4080 Laptop GPU,5545,12282,6459,45.15,39,53,45.02
2025-07-09T06:28:14.054322,0,NVIDIA GeForce RTX 4080 Laptop GPU,5545,12282,6459,45.15,35,54,42.39
2025-07-09T06:28:24.082629,0,NVIDIA GeForce RTX 4080 Laptop GPU,5545,12282,6459,45.15,33,54,46.49
2025-07-09T06:28:34.109404,0,NVIDIA GeForce RTX 4080 Laptop GPU,5545,12282,6459,45.15,32,52,39.43
2025-07-09T06:28:44.137754,0,NVIDIA GeForce RTX 4080 Laptop GPU,5545,12282,6459,45.15,26,54,41.47
2025-07-09T06:28:54.168907,0,NVIDIA GeForce RTX 4080 Laptop GPU,5545,12282,6459,45.15,31,52,39.65
2025-07-09T06:29:04.199644,0,NVIDIA GeForce RTX 4080 Laptop GPU,5545,12282,6459,45.15,30,54,35.53
2025-07-09T06:29:14.224816,0,NVIDIA GeForce RTX 4080 Laptop GPU,5545,12282,6459,45.15,28,51,32.14
2025-07-09T06:29:24.263534,0,NVIDIA GeForce RTX 4080 Laptop GPU,5545,12282,6459,45.15,41,53,43.89
2025-07-09T06:29:34.296728,0,NVIDIA GeForce RTX 4080 Laptop GPU,5545,12282,6459,45.15,24,52,36.07
2025-07-09T06:29:44.324915,0,NVIDIA GeForce RTX 4080 Laptop GPU,5545,12282,6459,45.15,38,51,30.47
2025-07-09T06:29:54.354664,0,NVIDIA GeForce RTX 4080 Laptop GPU,5545,12282,6459,45.15,34,52,34.05
2025-07-09T06:30:04.388227,0,NVIDIA GeForce RTX 4080 Laptop GPU,5545,12282,6459,45.15,28,53,46.45
2025-07-09T06:30:14.429409,0,NVIDIA GeForce RTX 4080 Laptop GPU,5545,12282,6459,45.15,27,52,37.7
2025-07-09T06:30:24.479904,0,NVIDIA GeForce RTX 4080 Laptop GPU,5547,12282,6457,45.16,22,53,37.95
2025-07-09T06:30:34.506496,0,NVIDIA GeForce RTX 4080 Laptop GPU,5545,12282,6459,45.15,35,52,35.08
2025-07-09T06:30:44.539523,0,NVIDIA GeForce RTX 4080 Laptop GPU,5545,12282,6459,45.15,31,53,43.3
2025-07-09T06:30:54.565028,0,NVIDIA GeForce RTX 4080 Laptop GPU,5545,12282,6459,45.15,29,53,41.85
2025-07-09T06:31:04.598721,0,NVIDIA GeForce RTX 4080 Laptop GPU,5545,12282,6459,45.15,23,53,45.07
2025-07-09T06:31:14.628740,0,NVIDIA GeForce RTX 4080 Laptop GPU,5545,12282,6459,45.15,32,52,35.81
2025-07-09T06:31:24.655449,0,NVIDIA GeForce RTX 4080 Laptop GPU,5545,12282,6459,45.15,37,53,30.17
2025-07-09T06:31:34.680945,0,NVIDIA GeForce RTX 4080 Laptop GPU,5545,12282,6459,45.15,27,53,44.55
2025-07-09T06:31:44.708266,0,NVIDIA GeForce RTX 4080 Laptop GPU,5545,12282,6459,45.15,48,52,31.99
2025-07-09T06:31:54.743677,0,NVIDIA GeForce RTX 4080 Laptop GPU,5547,12282,6457,45.16,33,53,33.9
2025-07-09T06:32:04.764777,0,NVIDIA GeForce RTX 4080 Laptop GPU,5547,12282,6457,45.16,29,52,35.45
2025-07-09T06:32:14.806575,0,NVIDIA GeForce RTX 4080 Laptop GPU,5545,12282,6459,45.15,34,53,37.43
2025-07-09T06:32:24.843426,0,NVIDIA GeForce RTX 4080 Laptop GPU,5545,12282,6459,45.15,24,52,41.89
2025-07-09T06:32:34.869756,0,NVIDIA GeForce RTX 4080 Laptop GPU,5545,12282,6459,45.15,34,52,35.89
2025-07-09T06:32:44.896924,0,NVIDIA GeForce RTX 4080 Laptop GPU,5545,12282,6459,45.15,44,51,32.56
2025-07-09T06:32:54.923370,0,NVIDIA GeForce RTX 4080 Laptop GPU,5545,12282,6459,45.15,40,51,33.89
2025-07-09T06:33:04.961216,0,NVIDIA GeForce RTX 4080 Laptop GPU,5545,12282,6459,45.15,19,52,43.5
2025-07-09T06:33:14.994579,0,NVIDIA GeForce RTX 4080 Laptop GPU,5545,12282,6459,45.15,34,51,33.2
2025-07-09T06:33:25.025266,0,NVIDIA GeForce RTX 4080 Laptop GPU,5545,12282,6459,45.15,33,51,33.19
2025-07-09T06:33:35.051525,0,NVIDIA GeForce RTX 4080 Laptop GPU,5547,12282,6457,45.16,33,52,40.78
2025-07-09T06:33:45.082514,0,NVIDIA GeForce RTX 4080 Laptop GPU,5545,12282,6459,45.15,31,54,40.99
2025-07-09T06:33:55.119633,0,NVIDIA GeForce RTX 4080 Laptop GPU,5545,12282,6459,45.15,30,53,40.75
2025-07-09T06:34:05.149128,0,NVIDIA GeForce RTX 4080 Laptop GPU,5545,12282,6459,45.15,48,52,33.65
2025-07-09T06:34:15.185520,0,NVIDIA GeForce RTX 4080 Laptop GPU,5545,12282,6459,45.15,37,51,29.74
2025-07-09T06:34:25.214455,0,NVIDIA GeForce RTX 4080 Laptop GPU,5545,12282,6459,45.15,40,54,48.48
2025-07-09T06:34:35.242027,0,NVIDIA GeForce RTX 4080 Laptop GPU,5545,12282,6459,45.15,43,52,40.7
2025-07-09T06:34:45.268856,0,NVIDIA GeForce RTX 4080 Laptop GPU,5545,12282,6459,45.15,31,53,38.23
2025-07-09T06:34:55.297379,0,NVIDIA GeForce RTX 4080 Laptop GPU,5545,12282,6459,45.15,33,52,38.77
2025-07-09T06:35:05.321879,0,NVIDIA GeForce RTX 4080 Laptop GPU,5545,12282,6459,45.15,31,52,42.51
2025-07-09T06:35:15.353887,0,NVIDIA GeForce RTX 4080 Laptop GPU,5547,12282,6457,45.16,24,53,32.67
2025-07-09T06:35:25.382882,0,NVIDIA GeForce RTX 4080 Laptop GPU,5547,12282,6457,45.16,44,51,32.21
2025-07-09T06:35:35.410125,0,NVIDIA GeForce RTX 4080 Laptop GPU,5545,12282,6459,45.15,37,51,33.02
2025-07-09T06:35:45.447102,0,NVIDIA GeForce RTX 4080 Laptop GPU,5545,12282,6459,45.15,45,51,34.98
2025-07-09T06:35:55.474299,0,NVIDIA GeForce RTX 4080 Laptop GPU,5545,12282,6459,45.15,33,51,36.07
2025-07-09T06:36:05.507016,0,NVIDIA GeForce RTX 4080 Laptop GPU,5545,12282,6459,45.15,31,51,35.21
2025-07-09T06:36:15.534358,0,NVIDIA GeForce RTX 4080 Laptop GPU,5545,12282,6459,45.15,40,52,45.71
2025-07-09T06:36:25.569951,0,NVIDIA GeForce RTX 4080 Laptop GPU,5545,12282,6459,45.15,27,52,30.76
2025-07-09T06:36:35.612224,0,NVIDIA GeForce RTX 4080 Laptop GPU,5545,12282,6459,45.15,32,51,38.7
2025-07-09T06:36:45.641507,0,NVIDIA GeForce RTX 4080 Laptop GPU,5545,12282,6459,45.15,42,53,45.07
2025-07-09T06:36:55.668685,0,NVIDIA GeForce RTX 4080 Laptop GPU,5547,12282,6457,45.16,35,53,43.06
2025-07-09T06:37:05.710238,0,NVIDIA GeForce RTX 4080 Laptop GPU,5547,12282,6457,45.16,38,51,36.61
2025-07-09T06:37:15.737435,0,NVIDIA GeForce RTX 4080 Laptop GPU,5545,12282,6459,45.15,43,51,30.88
2025-07-09T06:37:25.764459,0,NVIDIA GeForce RTX 4080 Laptop GPU,5413,12282,6591,44.07,30,51,33.34
2025-07-09T06:37:35.791636,0,NVIDIA GeForce RTX 4080 Laptop GPU,5545,12282,6459,45.15,32,51,33.54
2025-07-09T06:37:45.826747,0,NVIDIA GeForce RTX 4080 Laptop GPU,5545,12282,6459,45.15,33,51,33.65
2025-07-09T06:37:55.850211,0,NVIDIA GeForce RTX 4080 Laptop GPU,5545,12282,6459,45.15,30,51,30.07
2025-07-09T06:38:05.889703,0,NVIDIA GeForce RTX 4080 Laptop GPU,5545,12282,6459,45.15,33,51,33.23
2025-07-09T06:38:15.920383,0,NVIDIA GeForce RTX 4080 Laptop GPU,5545,12282,6459,45.15,37,53,42.89
2025-07-09T06:38:25.948188,0,NVIDIA GeForce RTX 4080 Laptop GPU,5545,12282,6459,45.15,33,51,38.14
2025-07-09T06:38:35.980666,0,NVIDIA GeForce RTX 4080 Laptop GPU,5547,12282,6457,45.16,31,52,39.37
2025-07-09T06:38:46.012606,0,NVIDIA GeForce RTX 4080 Laptop GPU,5545,12282,6459,45.15,34,52,45.15
2025-07-09T06:38:56.039346,0,NVIDIA GeForce RTX 4080 Laptop GPU,5545,12282,6459,45.15,42,51,30.32
2025-07-09T06:39:06.072469,0,NVIDIA GeForce RTX 4080 Laptop GPU,5545,12282,6459,45.15,27,51,29.36
2025-07-09T06:39:16.106388,0,NVIDIA GeForce RTX 4080 Laptop GPU,5545,12282,6459,45.15,22,51,36.39
2025-07-09T06:39:26.133670,0,NVIDIA GeForce RTX 4080 Laptop GPU,5545,12282,6459,45.15,36,50,30.07
2025-07-09T06:39:36.165424,0,NVIDIA GeForce RTX 4080 Laptop GPU,5545,12282,6459,45.15,39,51,34.62
2025-07-09T06:39:46.197503,0,NVIDIA GeForce RTX 4080 Laptop GPU,5545,12282,6459,45.15,35,51,42.19
2025-07-09T06:39:56.230582,0,NVIDIA GeForce RTX 4080 Laptop GPU,5545,12282,6459,45.15,34,51,31.48
2025-07-09T06:40:06.258004,0,NVIDIA GeForce RTX 4080 Laptop GPU,5547,12282,6457,45.16,25,52,41.49
2025-07-09T06:40:16.294852,0,NVIDIA GeForce RTX 4080 Laptop GPU,5545,12282,6459,45.15,33,53,42.76
2025-07-09T06:40:26.329323,0,NVIDIA GeForce RTX 4080 Laptop GPU,5545,12282,6459,45.15,24,52,42.56
2025-07-09T06:40:36.370539,0,NVIDIA GeForce RTX 4080 Laptop GPU,5545,12282,6459,45.15,34,51,36.14
2025-07-09T06:40:46.397292,0,NVIDIA GeForce RTX 4080 Laptop GPU,5545,12282,6459,45.15,39,53,37.72
2025-07-09T06:40:56.434390,0,NVIDIA GeForce RTX 4080 Laptop GPU,5545,12282,6459,45.15,38,52,36.89
2025-07-09T06:41:06.460952,0,NVIDIA GeForce RTX 4080 Laptop GPU,5545,12282,6459,45.15,40,52,43.65
2025-07-09T06:41:16.491493,0,NVIDIA GeForce RTX 4080 Laptop GPU,5545,12282,6459,45.15,28,52,40.25
2025-07-09T06:41:26.527436,0,NVIDIA GeForce RTX 4080 Laptop GPU,5545,12282,6459,45.15,25,52,39.92
2025-07-09T06:41:36.554279,0,NVIDIA GeForce RTX 4080 Laptop GPU,5545,12282,6459,45.15,30,52,42.83
2025-07-09T06:41:46.587687,0,NVIDIA GeForce RTX 4080 Laptop GPU,5547,12282,6457,45.16,42,52,39.62
2025-07-09T06:41:56.626447,0,NVIDIA GeForce RTX 4080 Laptop GPU,5547,12282,6457,45.16,29,51,34.46
2025-07-09T06:42:06.654448,0,NVIDIA GeForce RTX 4080 Laptop GPU,5547,12282,6457,45.16,41,53,41.42
2025-07-09T06:42:16.686281,0,NVIDIA GeForce RTX 4080 Laptop GPU,5545,12282,6459,45.15,36,52,47.76
2025-07-09T06:42:26.712795,0,NVIDIA GeForce RTX 4080 Laptop GPU,5545,12282,6459,45.15,30,51,36.37
2025-07-09T06:42:36.741076,0,NVIDIA GeForce RTX 4080 Laptop GPU,5545,12282,6459,45.15,25,51,30.48
2025-07-09T06:42:46.779202,0,NVIDIA GeForce RTX 4080 Laptop GPU,5545,12282,6459,45.15,36,54,47.34
2025-07-09T06:42:56.814571,0,NVIDIA GeForce RTX 4080 Laptop GPU,5545,12282,6459,45.15,32,51,35.22
2025-07-09T06:43:06.844556,0,NVIDIA GeForce RTX 4080 Laptop GPU,5545,12282,6459,45.15,28,51,35.96
2025-07-09T06:43:16.871077,0,NVIDIA GeForce RTX 4080 Laptop GPU,5545,12282,6459,45.15,24,51,36.51
2025-07-09T06:43:26.900761,0,NVIDIA GeForce RTX 4080 Laptop GPU,5545,12282,6459,45.15,41,52,39.37
2025-07-09T06:43:36.937309,0,NVIDIA GeForce RTX 4080 Laptop GPU,5545,12282,6459,45.15,47,53,40.95
2025-07-09T06:43:46.976515,0,NVIDIA GeForce RTX 4080 Laptop GPU,5545,12282,6459,45.15,38,52,38.23
2025-07-09T06:43:57.005805,0,NVIDIA GeForce RTX 4080 Laptop GPU,5545,12282,6459,45.15,25,53,47.1
2025-07-09T06:44:07.029606,0,NVIDIA GeForce RTX 4080 Laptop GPU,5545,12282,6459,45.15,35,52,32.85
2025-07-09T06:44:17.054508,0,NVIDIA GeForce RTX 4080 Laptop GPU,5545,12282,6459,45.15,35,54,43.8
2025-07-09T06:44:27.081777,0,NVIDIA GeForce RTX 4080 Laptop GPU,5545,12282,6459,45.15,37,53,48.66
2025-07-09T06:44:37.113458,0,NVIDIA GeForce RTX 4080 Laptop GPU,5545,12282,6459,45.15,43,53,38.24
2025-07-09T06:44:47.137678,0,NVIDIA GeForce RTX 4080 Laptop GPU,5545,12282,6459,45.15,29,52,41.37
2025-07-09T06:44:57.164344,0,NVIDIA GeForce RTX 4080 Laptop GPU,5547,12282,6457,45.16,27,53,47.92
2025-07-09T06:45:07.191652,0,NVIDIA GeForce RTX 4080 Laptop GPU,5547,12282,6457,45.16,28,52,42.65
2025-07-09T06:45:17.226209,0,NVIDIA GeForce RTX 4080 Laptop GPU,5545,12282,6459,45.15,37,51,35.04
2025-07-09T06:45:27.254070,0,NVIDIA GeForce RTX 4080 Laptop GPU,5545,12282,6459,45.15,17,52,45.77
2025-07-09T06:45:37.282632,0,NVIDIA GeForce RTX 4080 Laptop GPU,5545,12282,6459,45.15,23,52,43.72
2025-07-09T06:45:47.317354,0,NVIDIA GeForce RTX 4080 Laptop GPU,5545,12282,6459,45.15,29,50,30.5
2025-07-09T06:45:57.343812,0,NVIDIA GeForce RTX 4080 Laptop GPU,5545,12282,6459,45.15,26,53,42.81
2025-07-09T06:46:07.371059,0,NVIDIA GeForce RTX 4080 Laptop GPU,5545,12282,6459,45.15,34,50,29.96
2025-07-09T06:46:17.406932,0,NVIDIA GeForce RTX 4080 Laptop GPU,5545,12282,6459,45.15,33,53,42.6
2025-07-09T06:46:27.438289,0,NVIDIA GeForce RTX 4080 Laptop GPU,5545,12282,6459,45.15,42,51,34.26
2025-07-09T06:46:37.471330,0,NVIDIA GeForce RTX 4080 Laptop GPU,5547,12282,6457,45.16,30,51,33.43
2025-07-09T06:46:47.498868,0,NVIDIA GeForce RTX 4080 Laptop GPU,5545,12282,6459,45.15,34,51,39.85
2025-07-09T06:46:57.529686,0,NVIDIA GeForce RTX 4080 Laptop GPU,5545,12282,6459,45.15,34,52,38.12
2025-07-09T06:47:07.564209,0,NVIDIA GeForce RTX 4080 Laptop GPU,5545,12282,6459,45.15,28,53,41.15
2025-07-09T06:47:17.591101,0,NVIDIA GeForce RTX 4080 Laptop GPU,5545,12282,6459,45.15,35,51,37.44
2025-07-09T06:47:27.624080,0,NVIDIA GeForce RTX 4080 Laptop GPU,5545,12282,6459,45.15,31,51,38.44
2025-07-09T06:47:37.667633,0,NVIDIA GeForce RTX 4080 Laptop GPU,5545,12282,6459,45.15,38,53,48.31
2025-07-09T06:47:47.697232,0,NVIDIA GeForce RTX 4080 Laptop GPU,5545,12282,6459,45.15,29,51,36.2
2025-07-09T06:47:57.729750,0,NVIDIA GeForce RTX 4080 Laptop GPU,5545,12282,6459,45.15,21,51,29.41
2025-07-09T06:48:07.759404,0,NVIDIA GeForce RTX 4080 Laptop GPU,5545,12282,6459,45.15,31,50,31.22
2025-07-09T06:48:17.794001,0,NVIDIA GeForce RTX 4080 Laptop GPU,5547,12282,6457,45.16,23,53,41.38
2025-07-09T06:48:27.820376,0,NVIDIA GeForce RTX 4080 Laptop GPU,5545,12282,6459,45.15,27,51,32.08
2025-07-09T06:48:37.846212,0,NVIDIA GeForce RTX 4080 Laptop GPU,5545,12282,6459,45.15,44,52,33.52
2025-07-09T06:48:47.877771,0,NVIDIA GeForce RTX 4080 Laptop GPU,5545,12282,6459,45.15,36,53,46.19
2025-07-09T06:48:57.904020,0,NVIDIA GeForce RTX 4080 Laptop GPU,5545,12282,6459,45.15,33,52,42.24
2025-07-09T06:49:07.937188,0,NVIDIA GeForce RTX 4080 Laptop GPU,5545,12282,6459,45.15,36,51,34.53
2025-07-09T06:49:17.978806,0,NVIDIA GeForce RTX 4080 Laptop GPU,5545,12282,6459,45.15,30,54,46.67
2025-07-09T06:49:28.005733,0,NVIDIA GeForce RTX 4080 Laptop GPU,5545,12282,6459,45.15,37,51,30.33
2025-07-09T06:49:38.034158,0,NVIDIA GeForce RTX 4080 Laptop GPU,5545,12282,6459,45.15,29,52,40.16
2025-07-09T06:49:48.072616,0,NVIDIA GeForce RTX 4080 Laptop GPU,5545,12282,6459,45.15,35,52,34.85
2025-07-09T06:49:58.112143,0,NVIDIA GeForce RTX 4080 Laptop GPU,5547,12282,6457,45.16,31,51,39.35
2025-07-09T06:50:08.155593,0,NVIDIA GeForce RTX 4080 Laptop GPU,5547,12282,6457,45.16,38,51,35.54
2025-07-09T06:50:18.183211,0,NVIDIA GeForce RTX 4080 Laptop GPU,5545,12282,6459,45.15,37,51,36.66
2025-07-09T06:50:28.210115,0,NVIDIA GeForce RTX 4080 Laptop GPU,5545,12282,6459,45.15,26,52,42.21
2025-07-09T06:50:38.250042,0,NVIDIA GeForce RTX 4080 Laptop GPU,5545,12282,6459,45.15,31,52,35.97
2025-07-09T06:50:48.281154,0,NVIDIA GeForce RTX 4080 Laptop GPU,5545,12282,6459,45.15,31,52,37.2
2025-07-09T06:50:58.309743,0,NVIDIA GeForce RTX 4080 Laptop GPU,5545,12282,6459,45.15,31,52,47.15
2025-07-09T06:51:08.338682,0,NVIDIA GeForce RTX 4080 Laptop GPU,5545,12282,6459,45.15,28,51,38.77
2025-07-09T06:51:18.367267,0,NVIDIA GeForce RTX 4080 Laptop GPU,5545,12282,6459,45.15,32,52,43.22
2025-07-09T06:51:28.403838,0,NVIDIA GeForce RTX 4080 Laptop GPU,5545,12282,6459,45.15,30,50,29.01
2025-07-09T06:51:38.426356,0,NVIDIA GeForce RTX 4080 Laptop GPU,5547,12282,6457,45.16,41,51,34.43
2025-07-09T06:51:48.453297,0,NVIDIA GeForce RTX 4080 Laptop GPU,5545,12282,6459,45.15,37,51,37.02
2025-07-09T06:51:58.484689,0,NVIDIA GeForce RTX 4080 Laptop GPU,5545,12282,6459,45.15,37,52,30.28
2025-07-09T06:52:08.511576,0,NVIDIA GeForce RTX 4080 Laptop GPU,5545,12282,6459,45.15,23,51,29.35
2025-07-09T06:52:18.541512,0,NVIDIA GeForce RTX 4080 Laptop GPU,5545,12282,6459,45.15,28,51,41.82
2025-07-09T06:52:28.569131,0,NVIDIA GeForce RTX 4080 Laptop GPU,5545,12282,6459,45.15,33,51,34.71
2025-07-09T06:52:38.604515,0,NVIDIA GeForce RTX 4080 Laptop GPU,5545,12282,6459,45.15,33,50,30.98
2025-07-09T06:52:48.634406,0,NVIDIA GeForce RTX 4080 Laptop GPU,5545,12282,6459,45.15,35,50,31.0
2025-07-09T06:52:58.672143,0,NVIDIA GeForce RTX 4080 Laptop GPU,5545,12282,6459,45.15,28,50,34.91
2025-07-09T06:53:08.702404,0,NVIDIA GeForce RTX 4080 Laptop GPU,5545,12282,6459,45.15,33,51,36.74
2025-07-09T06:53:18.734065,0,NVIDIA GeForce RTX 4080 Laptop GPU,5547,12282,6457,45.16,27,51,35.24
2025-07-09T06:53:28.785096,0,NVIDIA GeForce RTX 4080 Laptop GPU,5545,12282,6459,45.15,29,51,31.27
2025-07-09T06:53:38.821630,0,NVIDIA GeForce RTX 4080 Laptop GPU,5545,12282,6459,45.15,32,52,44.17
2025-07-09T06:53:48.851725,0,NVIDIA GeForce RTX 4080 Laptop GPU,5545,12282,6459,45.15,32,51,34.63
2025-07-09T06:53:58.886432,0,NVIDIA GeForce RTX 4080 Laptop GPU,5545,12282,6459,45.15,41,52,44.55
2025-07-09T06:54:08.917648,0,NVIDIA GeForce RTX 4080 Laptop GPU,5545,12282,6459,45.15,31,52,37.47
2025-07-09T06:54:18.945784,0,NVIDIA GeForce RTX 4080 Laptop GPU,5545,12282,6459,45.15,31,52,42.62
2025-07-09T06:54:28.984506,0,NVIDIA GeForce RTX 4080 Laptop GPU,5545,12282,6459,45.15,34,53,43.12
2025-07-09T06:54:39.010939,0,NVIDIA GeForce RTX 4080 Laptop GPU,5545,12282,6459,45.15,26,50,32.88
2025-07-09T06:54:49.036058,0,NVIDIA GeForce RTX 4080 Laptop GPU,5545,12282,6459,45.15,28,51,38.41
2025-07-09T06:54:59.067247,0,NVIDIA GeForce RTX 4080 Laptop GPU,5547,12282,6457,45.16,26,52,35.24
2025-07-09T06:55:09.099129,0,NVIDIA GeForce RTX 4080 Laptop GPU,5547,12282,6457,45.16,36,50,30.43
2025-07-09T06:55:19.127294,0,NVIDIA GeForce RTX 4080 Laptop GPU,5545,12282,6459,45.15,42,51,30.12
2025-07-09T06:55:29.154692,0,NVIDIA GeForce RTX 4080 Laptop GPU,5545,12282,6459,45.15,35,52,35.87
2025-07-09T06:55:39.181256,0,NVIDIA GeForce RTX 4080 Laptop GPU,5545,12282,6459,45.15,28,50,32.2
2025-07-09T06:55:49.209156,0,NVIDIA GeForce RTX 4080 Laptop GPU,5545,12282,6459,45.15,39,53,46.07
2025-07-09T06:55:59.235525,0,NVIDIA GeForce RTX 4080 Laptop GPU,5545,12282,6459,45.15,31,51,37.21
2025-07-09T06:56:09.265417,0,NVIDIA GeForce RTX 4080 Laptop GPU,5545,12282,6459,45.15,38,52,44.01
2025-07-09T06:56:19.294697,0,NVIDIA GeForce RTX 4080 Laptop GPU,5545,12282,6459,45.15,27,51,41.39
2025-07-09T06:56:29.324638,0,NVIDIA GeForce RTX 4080 Laptop GPU,5545,12282,6459,45.15,33,53,38.63
2025-07-09T06:56:39.356013,0,NVIDIA GeForce RTX 4080 Laptop GPU,5547,12282,6457,45.16,33,51,37.53
2025-07-09T06:56:49.384639,0,NVIDIA GeForce RTX 4080 Laptop GPU,5545,12282,6459,45.15,39,51,32.95
2025-07-09T06:56:59.412923,0,NVIDIA GeForce RTX 4080 Laptop GPU,5545,12282,6459,45.15,27,51,40.48
2025-07-09T06:57:09.443660,0,NVIDIA GeForce RTX 4080 Laptop GPU,5545,12282,6459,45.15,38,50,33.42
2025-07-09T06:57:19.473918,0,NVIDIA GeForce RTX 4080 Laptop GPU,5545,12282,6459,45.15,31,51,42.43
2025-07-09T06:57:29.506567,0,NVIDIA GeForce RTX 4080 Laptop GPU,5545,12282,6459,45.15,35,50,37.91
2025-07-09T06:57:39.538425,0,NVIDIA GeForce RTX 4080 Laptop GPU,5545,12282,6459,45.15,22,51,34.0
2025-07-09T06:57:49.572783,0,NVIDIA GeForce RTX 4080 Laptop GPU,5545,12282,6459,45.15,39,51,37.04
2025-07-09T06:57:59.614623,0,NVIDIA GeForce RTX 4080 Laptop GPU,5545,12282,6459,45.15,31,51,37.27
2025-07-09T06:58:09.640896,0,NVIDIA GeForce RTX 4080 Laptop GPU,5545,12282,6459,45.15,34,51,32.58
2025-07-09T06:58:19.671049,0,NVIDIA GeForce RTX 4080 Laptop GPU,5547,12282,6457,45.16,36,51,38.2
2025-07-09T06:58:29.701229,0,NVIDIA GeForce RTX 4080 Laptop GPU,5545,12282,6459,45.15,29,50,33.77
2025-07-09T06:58:39.732154,0,NVIDIA GeForce RTX 4080 Laptop GPU,5545,12282,6459,45.15,32,50,30.52
2025-07-09T06:58:49.753945,0,NVIDIA GeForce RTX 4080 Laptop GPU,5545,12282,6459,45.15,41,53,43.66
2025-07-09T06:58:59.788639,0,NVIDIA GeForce RTX 4080 Laptop GPU,5545,12282,6459,45.15,30,51,36.45
2025-07-09T06:59:09.816667,0,NVIDIA GeForce RTX 4080 Laptop GPU,5545,12282,6459,45.15,43,52,34.82
2025-07-09T06:59:19.847141,0,NVIDIA GeForce RTX 4080 Laptop GPU,5545,12282,6459,45.15,37,51,30.8
2025-07-09T06:59:29.874362,0,NVIDIA GeForce RTX 4080 Laptop GPU,5545,12282,6459,45.15,39,52,49.08
2025-07-09T06:59:39.901075,0,NVIDIA GeForce RTX 4080 Laptop GPU,5545,12282,6459,45.15,32,51,32.3
2025-07-09T06:59:49.928218,0,NVIDIA GeForce RTX 4080 Laptop GPU,5547,12282,6457,45.16,38,53,45.99
2025-07-09T06:59:59.961514,0,NVIDIA GeForce RTX 4080 Laptop GPU,5547,12282,6457,45.16,36,52,38.79
2025-07-09T07:00:09.992527,0,NVIDIA GeForce RTX 4080 Laptop GPU,5547,12282,6457,45.16,30,53,40.13
2025-07-09T07:00:20.019128,0,NVIDIA GeForce RTX 4080 Laptop GPU,5545,12282,6459,45.15,22,52,41.32
2025-07-09T07:00:30.045682,0,NVIDIA GeForce RTX 4080 Laptop GPU,5545,12282,6459,45.15,34,53,37.17
2025-07-09T07:00:40.073045,0,NVIDIA GeForce RTX 4080 Laptop GPU,5545,12282,6459,45.15,42,52,35.16
2025-07-09T07:00:50.102386,0,NVIDIA GeForce RTX 4080 Laptop GPU,5545,12282,6459,45.15,26,52,35.41
2025-07-09T07:01:00.138019,0,NVIDIA GeForce RTX 4080 Laptop GPU,5545,12282,6459,45.15,35,52,37.66
2025-07-09T07:01:10.167821,0,NVIDIA GeForce RTX 4080 Laptop GPU,5545,12282,6459,45.15,37,51,36.92
2025-07-09T07:01:20.194193,0,NVIDIA GeForce RTX 4080 Laptop GPU,5545,12282,6459,45.15,29,52,42.26
2025-07-09T07:01:30.225025,0,NVIDIA GeForce RTX 4080 Laptop GPU,5547,12282,6457,45.16,34,52,37.61
2025-07-09T07:01:40.254231,0,NVIDIA GeForce RTX 4080 Laptop GPU,5545,12282,6459,45.15,41,52,31.23
2025-07-09T07:01:50.281762,0,NVIDIA GeForce RTX 4080 Laptop GPU,5545,12282,6459,45.15,35,53,46.76
2025-07-09T07:02:00.316817,0,NVIDIA GeForce RTX 4080 Laptop GPU,5545,12282,6459,45.15,31,52,39.71
2025-07-09T07:02:10.347756,0,NVIDIA GeForce RTX 4080 Laptop GPU,5545,12282,6459,45.15,31,52,34.27
2025-07-09T07:02:20.378192,0,NVIDIA GeForce RTX 4080 Laptop GPU,5545,12282,6459,45.15,46,53,32.51
2025-07-09T07:02:30.408978,0,NVIDIA GeForce RTX 4080 Laptop GPU,5545,12282,6459,45.15,31,52,38.15
2025-07-09T07:02:40.447133,0,NVIDIA GeForce RTX 4080 Laptop GPU,5545,12282,6459,45.15,27,51,28.95
2025-07-09T07:02:50.474225,0,NVIDIA GeForce RTX 4080 Laptop GPU,5545,12282,6459,45.15,30,52,37.82
2025-07-09T07:03:00.494246,0,NVIDIA GeForce RTX 4080 Laptop GPU,5545,12282,6459,45.15,38,51,29.87
2025-07-09T07:03:10.520107,0,NVIDIA GeForce RTX 4080 Laptop GPU,5545,12282,6459,45.15,28,51,33.77
2025-07-09T07:03:20.552145,0,NVIDIA GeForce RTX 4080 Laptop GPU,5545,12282,6459,45.15,35,51,35.05
2025-07-09T07:03:30.586763,0,NVIDIA GeForce RTX 4080 Laptop GPU,5545,12282,6459,45.15,36,52,36.65
2025-07-09T07:03:40.614211,0,NVIDIA GeForce RTX 4080 Laptop GPU,5545,12282,6459,45.15,30,55,46.64
2025-07-09T07:03:50.640089,0,NVIDIA GeForce RTX 4080 Laptop GPU,5545,12282,6459,45.15,28,51,38.59
2025-07-09T07:04:00.668139,0,NVIDIA GeForce RTX 4080 Laptop GPU,5545,12282,6459,45.15,30,53,35.08
2025-07-09T07:04:10.697065,0,NVIDIA GeForce RTX 4080 Laptop GPU,5545,12282,6459,45.15,41,54,47.51
2025-07-09T07:04:20.723783,0,NVIDIA GeForce RTX 4080 Laptop GPU,5545,12282,6459,45.15,36,54,45.99
2025-07-09T07:04:30.774098,0,NVIDIA GeForce RTX 4080 Laptop GPU,5545,12282,6459,45.15,30,52,29.94
2025-07-09T07:04:40.807499,0,NVIDIA GeForce RTX 4080 Laptop GPU,5545,12282,6459,45.15,45,51,31.25
2025-07-09T07:04:50.837326,0,NVIDIA GeForce RTX 4080 Laptop GPU,5547,12282,6457,45.16,21,51,35.16
2025-07-09T07:05:00.863699,0,NVIDIA GeForce RTX 4080 Laptop GPU,5547,12282,6457,45.16,31,52,37.44
2025-07-09T07:05:10.890327,0,NVIDIA GeForce RTX 4080 Laptop GPU,5545,12282,6459,45.15,35,51,36.4
2025-07-09T07:05:20.916094,0,NVIDIA GeForce RTX 4080 Laptop GPU,5545,12282,6459,45.15,38,52,43.4
2025-07-09T07:05:30.945504,0,NVIDIA GeForce RTX 4080 Laptop GPU,5545,12282,6459,45.15,31,51,31.21
2025-07-09T07:05:40.980220,0,NVIDIA GeForce RTX 4080 Laptop GPU,5545,12282,6459,45.15,27,52,29.5
2025-07-09T07:05:51.009708,0,NVIDIA GeForce RTX 4080 Laptop GPU,5545,12282,6459,45.15,38,51,36.49
2025-07-09T07:06:01.037535,0,NVIDIA GeForce RTX 4080 Laptop GPU,5545,12282,6459,45.15,41,53,35.64
2025-07-09T07:06:11.078249,0,NVIDIA GeForce RTX 4080 Laptop GPU,5545,12282,6459,45.15,34,53,45.99
2025-07-09T07:06:21.108447,0,NVIDIA GeForce RTX 4080 Laptop GPU,5545,12282,6459,45.15,28,52,39.39
2025-07-09T07:06:31.135357,0,NVIDIA GeForce RTX 4080 Laptop GPU,5547,12282,6457,45.16,32,52,36.71
2025-07-09T07:06:41.164563,0,NVIDIA GeForce RTX 4080 Laptop GPU,5545,12282,6459,45.15,29,52,41.71
2025-07-09T07:06:51.203676,0,NVIDIA GeForce RTX 4080 Laptop GPU,5545,12282,6459,45.15,28,52,35.58
2025-07-09T07:07:01.232976,0,NVIDIA GeForce RTX 4080 Laptop GPU,5545,12282,6459,45.15,42,52,39.27
2025-07-09T07:07:11.260141,0,NVIDIA GeForce RTX 4080 Laptop GPU,5545,12282,6459,45.15,29,53,44.71
2025-07-09T07:07:21.288862,0,NVIDIA GeForce RTX 4080 Laptop GPU,5545,12282,6459,45.15,42,51,37.92
2025-07-09T07:07:31.316190,0,NVIDIA GeForce RTX 4080 Laptop GPU,5545,12282,6459,45.15,33,54,42.22
2025-07-09T07:07:41.348074,0,NVIDIA GeForce RTX 4080 Laptop GPU,5545,12282,6459,45.15,33,50,34.42
2025-07-09T07:07:51.382841,0,NVIDIA GeForce RTX 4080 Laptop GPU,5545,12282,6459,45.15,33,52,37.46
2025-07-09T07:08:01.417589,0,NVIDIA GeForce RTX 4080 Laptop GPU,5545,12282,6459,45.15,29,53,44.91
2025-07-09T07:08:11.448826,0,NVIDIA GeForce RTX 4080 Laptop GPU,5545,12282,6459,45.15,37,51,30.67
2025-07-09T07:08:21.489641,0,NVIDIA GeForce RTX 4080 Laptop GPU,5545,12282,6459,45.15,41,52,42.0
2025-07-09T07:08:31.517169,0,NVIDIA GeForce RTX 4080 Laptop GPU,5545,12282,6459,45.15,31,51,37.79
2025-07-09T07:08:41.546239,0,NVIDIA GeForce RTX 4080 Laptop GPU,5545,12282,6459,45.15,30,51,32.54
2025-07-09T07:08:51.573505,0,NVIDIA GeForce RTX 4080 Laptop GPU,5545,12282,6459,45.15,38,51,36.8
2025-07-09T07:09:01.606604,0,NVIDIA GeForce RTX 4080 Laptop GPU,5545,12282,6459,45.15,43,52,40.54
2025-07-09T07:09:11.633393,0,NVIDIA GeForce RTX 4080 Laptop GPU,5545,12282,6459,45.15,35,51,31.51
2025-07-09T07:09:21.670422,0,NVIDIA GeForce RTX 4080 Laptop GPU,5545,12282,6459,45.15,32,51,34.15
2025-07-09T07:09:31.697237,0,NVIDIA GeForce RTX 4080 Laptop GPU,5545,12282,6459,45.15,33,51,34.68
2025-07-09T07:09:41.723426,0,NVIDIA GeForce RTX 4080 Laptop GPU,5545,12282,6459,45.15,36,52,45.0
2025-07-09T07:09:51.749169,0,NVIDIA GeForce RTX 4080 Laptop GPU,5547,12282,6457,45.16,27,52,44.44
2025-07-09T07:10:01.782754,0,NVIDIA GeForce RTX 4080 Laptop GPU,5547,12282,6457,45.16,32,52,47.12
2025-07-09T07:10:11.809387,0,NVIDIA GeForce RTX 4080 Laptop GPU,5545,12282,6459,45.15,21,52,37.3
2025-07-09T07:10:21.849636,0,NVIDIA GeForce RTX 4080 Laptop GPU,5545,12282,6459,45.15,38,52,30.34
2025-07-09T07:10:31.881451,0,NVIDIA GeForce RTX 4080 Laptop GPU,5545,12282,6459,45.15,36,51,31.76
2025-07-09T07:10:41.910081,0,NVIDIA GeForce RTX 4080 Laptop GPU,5545,12282,6459,45.15,34,51,37.75
2025-07-09T07:10:51.941399,0,NVIDIA GeForce RTX 4080 Laptop GPU,5545,12282,6459,45.15,29,51,41.55
2025-07-09T07:11:01.973376,0,NVIDIA GeForce RTX 4080 Laptop GPU,5545,12282,6459,45.15,35,53,39.93
2025-07-09T07:11:11.999808,0,NVIDIA GeForce RTX 4080 Laptop GPU,5545,12282,6459,45.15,35,51,36.66
2025-07-09T07:11:22.033102,0,NVIDIA GeForce RTX 4080 Laptop GPU,5545,12282,6459,45.15,26,52,43.44
2025-07-09T07:11:32.062578,0,NVIDIA GeForce RTX 4080 Laptop GPU,5545,12282,6459,45.15,26,52,44.22
2025-07-09T07:11:42.089296,0,NVIDIA GeForce RTX 4080 Laptop GPU,5545,12282,6459,45.15,33,52,41.81
2025-07-09T07:11:52.123776,0,NVIDIA GeForce RTX 4080 Laptop GPU,5545,12282,6459,45.15,29,51,34.83
2025-07-09T07:12:02.151955,0,NVIDIA GeForce RTX 4080 Laptop GPU,5545,12282,6459,45.15,36,53,38.46
2025-07-09T07:12:12.180792,0,NVIDIA GeForce RTX 4080 Laptop GPU,5545,12282,6459,45.15,24,53,43.28
2025-07-09T07:12:22.214448,0,NVIDIA GeForce RTX 4080 Laptop GPU,5545,12282,6459,45.15,28,52,38.62
2025-07-09T07:12:32.241703,0,NVIDIA GeForce RTX 4080 Laptop GPU,5545,12282,6459,45.15,33,52,41.33
2025-07-09T07:12:42.273671,0,NVIDIA GeForce RTX 4080 Laptop GPU,5545,12282,6459,45.15,31,52,29.91
2025-07-09T07:12:52.310852,0,NVIDIA GeForce RTX 4080 Laptop GPU,5545,12282,6459,45.15,40,53,34.96
2025-07-09T07:13:02.339571,0,NVIDIA GeForce RTX 4080 Laptop GPU,5545,12282,6459,45.15,28,51,35.4
2025-07-09T07:13:12.363147,0,NVIDIA GeForce RTX 4080 Laptop GPU,5545,12282,6459,45.15,33,52,35.48
2025-07-09T07:13:22.390394,0,NVIDIA GeForce RTX 4080 Laptop GPU,5545,12282,6459,45.15,30,52,38.76
2025-07-09T07:13:32.425637,0,NVIDIA GeForce RTX 4080 Laptop GPU,5545,12282,6459,45.15,25,52,37.59
2025-07-09T07:13:42.458949,0,NVIDIA GeForce RTX 4080 Laptop GPU,5545,12282,6459,45.15,40,51,29.22
2025-07-09T07:13:52.495164,0,NVIDIA GeForce RTX 4080 Laptop GPU,5545,12282,6459,45.15,42,52,39.76
2025-07-09T07:14:02.536985,0,NVIDIA GeForce RTX 4080 Laptop GPU,5545,12282,6459,45.15,37,52,41.84
2025-07-09T07:14:12.574554,0,NVIDIA GeForce RTX 4080 Laptop GPU,5545,12282,6459,45.15,36,51,29.8
2025-07-09T07:14:22.601320,0,NVIDIA GeForce RTX 4080 Laptop GPU,5545,12282,6459,45.15,31,52,45.09
2025-07-09T07:14:32.630783,0,NVIDIA GeForce RTX 4080 Laptop GPU,5545,12282,6459,45.15,29,52,37.56
2025-07-09T07:14:42.662772,0,NVIDIA GeForce RTX 4080 Laptop GPU,5545,12282,6459,45.15,41,52,44.47
2025-07-09T07:14:52.691398,0,NVIDIA GeForce RTX 4080 Laptop GPU,5545,12282,6459,45.15,31,51,36.77
2025-07-09T07:15:02.721717,0,NVIDIA GeForce RTX 4080 Laptop GPU,5545,12282,6459,45.15,37,51,31.45
2025-07-09T07:15:12.761872,0,NVIDIA GeForce RTX 4080 Laptop GPU,5545,12282,6459,45.15,35,52,38.38
2025-07-09T07:15:22.794748,0,NVIDIA GeForce RTX 4080 Laptop GPU,5545,12282,6459,45.15,25,51,30.51
2025-07-09T07:15:32.825936,0,NVIDIA GeForce RTX 4080 Laptop GPU,5545,12282,6459,45.15,39,54,37.77
2025-07-09T07:15:42.858876,0,NVIDIA GeForce RTX 4080 Laptop GPU,5545,12282,6459,45.15,36,51,37.35
2025-07-09T07:15:52.886121,0,NVIDIA GeForce RTX 4080 Laptop GPU,5545,12282,6459,45.15,35,52,34.64
2025-07-09T07:16:02.916248,0,NVIDIA GeForce RTX 4080 Laptop GPU,5545,12282,6459,45.15,30,52,38.98
2025-07-09T07:16:12.954005,0,NVIDIA GeForce RTX 4080 Laptop GPU,5545,12282,6459,45.15,22,54,41.55
2025-07-09T07:16:22.985968,0,NVIDIA GeForce RTX 4080 Laptop GPU,5547,12282,6457,45.16,34,51,36.06
2025-07-09T07:16:33.014061,0,NVIDIA GeForce RTX 4080 Laptop GPU,5545,12282,6459,45.15,35,53,38.25
2025-07-09T07:16:43.049207,0,NVIDIA GeForce RTX 4080 Laptop GPU,5545,12282,6459,45.15,23,52,29.12
2025-07-09T07:16:53.074723,0,NVIDIA GeForce RTX 4080 Laptop GPU,5545,12282,6459,45.15,25,50,35.27
2025-07-09T07:17:03.115159,0,NVIDIA GeForce RTX 4080 Laptop GPU,5545,12282,6459,45.15,18,51,39.45
2025-07-09T07:17:13.145738,0,NVIDIA GeForce RTX 4080 Laptop GPU,5545,12282,6459,45.15,28,50,29.93
2025-07-09T07:17:23.170969,0,NVIDIA GeForce RTX 4080 Laptop GPU,5545,12282,6459,45.15,37,51,43.96
2025-07-09T07:17:33.207271,0,NVIDIA GeForce RTX 4080 Laptop GPU,5545,12282,6459,45.15,34,51,36.02
2025-07-09T07:17:43.247157,0,NVIDIA GeForce RTX 4080 Laptop GPU,5545,12282,6459,45.15,30,51,35.67
2025-07-09T07:17:53.281038,0,NVIDIA GeForce RTX 4080 Laptop GPU,5545,12282,6459,45.15,29,51,36.19
2025-07-09T07:18:03.309284,0,NVIDIA GeForce RTX 4080 Laptop GPU,5547,12282,6457,45.16,34,51,38.73
2025-07-09T07:18:13.337749,0,NVIDIA GeForce RTX 4080 Laptop GPU,5545,12282,6459,45.15,31,51,29.44
2025-07-09T07:18:23.363350,0,NVIDIA GeForce RTX 4080 Laptop GPU,5545,12282,6459,45.15,21,51,35.33
2025-07-09T07:18:33.392191,0,NVIDIA GeForce RTX 4080 Laptop GPU,5545,12282,6459,45.15,25,52,38.0
2025-07-09T07:18:43.420902,0,NVIDIA GeForce RTX 4080 Laptop GPU,5545,12282,6459,45.15,35,53,45.11
2025-07-09T07:18:53.455556,0,NVIDIA GeForce RTX 4080 Laptop GPU,5545,12282,6459,45.15,33,52,39.38
2025-07-09T07:19:03.494369,0,NVIDIA GeForce RTX 4080 Laptop GPU,5545,12282,6459,45.15,30,53,40.12
2025-07-09T07:19:13.527017,0,NVIDIA GeForce RTX 4080 Laptop GPU,5545,12282,6459,45.15,27,52,48.05
2025-07-09T07:19:23.557718,0,NVIDIA GeForce RTX 4080 Laptop GPU,5545,12282,6459,45.15,29,52,40.8
2025-07-09T07:19:33.589877,0,NVIDIA GeForce RTX 4080 Laptop GPU,5545,12282,6459,45.15,35,51,34.24
2025-07-09T07:19:43.616214,0,NVIDIA GeForce RTX 4080 Laptop GPU,5545,12282,6459,45.15,36,53,43.38
2025-07-09T07:19:53.645041,0,NVIDIA GeForce RTX 4080 Laptop GPU,5545,12282,6459,45.15,28,52,38.17
2025-07-09T07:20:03.671865,0,NVIDIA GeForce RTX 4080 Laptop GPU,5545,12282,6459,45.15,29,52,44.05
2025-07-09T07:20:13.698448,0,NVIDIA GeForce RTX 4080 Laptop GPU,5545,12282,6459,45.15,36,53,44.7
2025-07-09T07:20:23.732390,0,NVIDIA GeForce RTX 4080 Laptop GPU,5545,12282,6459,45.15,25,52,39.63
2025-07-09T07:20:33.767091,0,NVIDIA GeForce RTX 4080 Laptop GPU,5545,12282,6459,45.15,16,52,43.17
2025-07-09T07:20:43.793056,0,NVIDIA GeForce RTX 4080 Laptop GPU,5545,12282,6459,45.15,41,53,36.03
2025-07-09T07:20:53.822386,0,NVIDIA GeForce RTX 4080 Laptop GPU,5545,12282,6459,45.15,27,51,36.19
2025-07-09T07:21:03.850039,0,NVIDIA GeForce RTX 4080 Laptop GPU,5545,12282,6459,45.15,30,53,39.38
2025-07-09T07:21:13.876702,0,NVIDIA GeForce RTX 4080 Laptop GPU,5545,12282,6459,45.15,39,54,43.99
2025-07-09T07:21:23.908361,0,NVIDIA GeForce RTX 4080 Laptop GPU,5547,12282,6457,45.16,29,52,37.73
2025-07-09T07:21:33.939533,0,NVIDIA GeForce RTX 4080 Laptop GPU,5545,12282,6459,45.15,19,52,44.17
2025-07-09T07:21:43.966937,0,NVIDIA GeForce RTX 4080 Laptop GPU,5545,12282,6459,45.15,0,53,36.84
2025-07-09T07:21:53.993707,0,NVIDIA GeForce RTX 4080 Laptop GPU,5545,12282,6459,45.15,36,53,41.93
2025-07-09T07:22:04.031556,0,NVIDIA GeForce RTX 4080 Laptop GPU,5545,12282,6459,45.15,33,51,38.32
2025-07-09T07:22:14.069374,0,NVIDIA GeForce RTX 4080 Laptop GPU,5545,12282,6459,45.15,27,53,42.96
2025-07-09T07:22:24.097841,0,NVIDIA GeForce RTX 4080 Laptop GPU,5545,12282,6459,45.15,37,53,48.03
2025-07-09T07:22:34.125242,0,NVIDIA GeForce RTX 4080 Laptop GPU,5545,12282,6459,45.15,36,52,35.39
2025-07-09T07:22:44.155356,0,NVIDIA GeForce RTX 4080 Laptop GPU,5545,12282,6459,45.15,36,51,31.2
2025-07-09T07:22:54.182063,0,NVIDIA GeForce RTX 4080 Laptop GPU,5545,12282,6459,45.15,35,51,32.85
2025-07-09T07:23:04.213386,0,NVIDIA GeForce RTX 4080 Laptop GPU,5547,12282,6457,45.16,27,52,42.8
2025-07-09T07:23:14.240029,0,NVIDIA GeForce RTX 4080 Laptop GPU,5545,12282,6459,45.15,24,51,33.2
2025-07-09T07:23:24.266933,0,NVIDIA GeForce RTX 4080 Laptop GPU,5545,12282,6459,45.15,36,51,30.37
2025-07-09T07:23:34.298525,0,NVIDIA GeForce RTX 4080 Laptop GPU,5545,12282,6459,45.15,24,52,38.75
2025-07-09T07:23:44.324193,0,NVIDIA GeForce RTX 4080 Laptop GPU,5545,12282,6459,45.15,39,51,32.62
2025-07-09T07:23:54.352772,0,NVIDIA GeForce RTX 4080 Laptop GPU,5545,12282,6459,45.15,40,52,44.45
2025-07-09T07:24:04.377191,0,NVIDIA GeForce RTX 4080 Laptop GPU,5545,12282,6459,45.15,28,51,34.62
2025-07-09T07:24:14.410063,0,NVIDIA GeForce RTX 4080 Laptop GPU,5545,12282,6459,45.15,28,51,32.41
2025-07-09T07:24:24.440759,0,NVIDIA GeForce RTX 4080 Laptop GPU,5545,12282,6459,45.15,30,53,35.1
2025-07-09T07:24:34.468358,0,NVIDIA GeForce RTX 4080 Laptop GPU,5547,12282,6457,45.16,32,52,31.03
2025-07-09T07:24:44.495769,0,NVIDIA GeForce RTX 4080 Laptop GPU,5545,12282,6459,45.15,33,52,38.55
2025-07-09T07:24:54.526960,0,NVIDIA GeForce RTX 4080 Laptop GPU,5545,12282,6459,45.15,38,52,33.08
2025-07-09T07:25:04.557191,0,NVIDIA GeForce RTX 4080 Laptop GPU,5545,12282,6459,45.15,29,52,46.74
2025-07-09T07:25:14.584521,0,NVIDIA GeForce RTX 4080 Laptop GPU,5545,12282,6459,45.15,29,51,40.96
2025-07-09T07:25:24.611216,0,NVIDIA GeForce RTX 4080 Laptop GPU,5545,12282,6459,45.15,30,52,34.25
2025-07-09T07:25:34.640908,0,NVIDIA GeForce RTX 4080 Laptop GPU,5545,12282,6459,45.15,36,51,37.07
2025-07-09T07:25:44.675967,0,NVIDIA GeForce RTX 4080 Laptop GPU,5545,12282,6459,45.15,39,51,34.04
2025-07-09T07:25:54.716511,0,NVIDIA GeForce RTX 4080 Laptop GPU,5545,12282,6459,45.15,21,51,30.12
2025-07-09T07:26:04.754800,0,NVIDIA GeForce RTX 4080 Laptop GPU,5545,12282,6459,45.15,32,51,32.21
2025-07-09T07:26:14.785473,0,NVIDIA GeForce RTX 4080 Laptop GPU,5547,12282,6457,45.16,32,52,45.2
2025-07-09T07:26:24.814449,0,NVIDIA GeForce RTX 4080 Laptop GPU,5547,12282,6457,45.16,41,52,38.42
2025-07-09T07:26:34.843536,0,NVIDIA GeForce RTX 4080 Laptop GPU,5545,12282,6459,45.15,22,52,36.16
2025-07-09T07:26:44.870301,0,NVIDIA GeForce RTX 4080 Laptop GPU,5545,12282,6459,45.15,32,52,40.95
2025-07-09T07:26:54.895203,0,NVIDIA GeForce RTX 4080 Laptop GPU,5545,12282,6459,45.15,29,51,35.78
2025-07-09T07:27:04.922283,0,NVIDIA GeForce RTX 4080 Laptop GPU,5545,12282,6459,45.15,40,51,35.8
2025-07-09T07:27:14.952999,0,NVIDIA GeForce RTX 4080 Laptop GPU,5545,12282,6459,45.15,23,52,42.58
2025-07-09T07:27:24.981162,0,NVIDIA GeForce RTX 4080 Laptop GPU,5545,12282,6459,45.15,37,51,33.23
2025-07-09T07:27:35.009515,0,NVIDIA GeForce RTX 4080 Laptop GPU,5545,12282,6459,45.15,37,52,41.26
2025-07-09T07:27:45.037829,0,NVIDIA GeForce RTX 4080 Laptop GPU,5545,12282,6459,45.15,20,52,35.05
2025-07-09T07:27:55.069061,0,NVIDIA GeForce RTX 4080 Laptop GPU,5547,12282,6457,45.16,42,51,30.14
2025-07-09T07:28:05.097753,0,NVIDIA GeForce RTX 4080 Laptop GPU,5547,12282,6457,45.16,43,52,38.21
2025-07-09T07:28:15.126326,0,NVIDIA GeForce RTX 4080 Laptop GPU,5545,12282,6459,45.15,33,51,34.74
2025-07-09T07:28:25.154182,0,NVIDIA GeForce RTX 4080 Laptop GPU,5545,12282,6459,45.15,31,51,35.65
2025-07-09T07:28:35.183563,0,NVIDIA GeForce RTX 4080 Laptop GPU,5545,12282,6459,45.15,31,51,34.23
2025-07-09T07:28:45.216546,0,NVIDIA GeForce RTX 4080 Laptop GPU,5545,12282,6459,45.15,37,51,30.86
2025-07-09T07:28:55.245180,0,NVIDIA GeForce RTX 4080 Laptop GPU,5545,12282,6459,45.15,38,53,46.0
2025-07-09T07:29:05.278874,0,NVIDIA GeForce RTX 4080 Laptop GPU,5545,12282,6459,45.15,36,51,35.68
2025-07-09T07:29:15.321651,0,NVIDIA GeForce RTX 4080 Laptop GPU,5545,12282,6459,45.15,33,52,44.33
2025-07-09T07:29:25.351046,0,NVIDIA GeForce RTX 4080 Laptop GPU,5545,12282,6459,45.15,31,52,43.69
2025-07-09T07:29:35.378769,0,NVIDIA GeForce RTX 4080 Laptop GPU,5547,12282,6457,45.16,40,53,47.87
2025-07-09T07:29:45.405134,0,NVIDIA GeForce RTX 4080 Laptop GPU,5545,12282,6459,45.15,28,51,33.3
2025-07-09T07:29:55.430845,0,NVIDIA GeForce RTX 4080 Laptop GPU,5545,12282,6459,45.15,45,52,34.14
2025-07-09T07:30:05.458591,0,NVIDIA GeForce RTX 4080 Laptop GPU,5545,12282,6459,45.15,28,52,41.06
2025-07-09T07:30:15.493631,0,NVIDIA GeForce RTX 4080 Laptop GPU,5545,12282,6459,45.15,25,52,41.82
2025-07-09T07:30:25.520082,0,NVIDIA GeForce RTX 4080 Laptop GPU,5545,12282,6459,45.15,31,52,39.65
2025-07-09T07:30:35.550270,0,NVIDIA GeForce RTX 4080 Laptop GPU,5545,12282,6459,45.15,24,51,39.49
2025-07-09T07:30:45.588788,0,NVIDIA GeForce RTX 4080 Laptop GPU,5545,12282,6459,45.15,25,52,45.03
2025-07-09T07:30:55.616719,0,NVIDIA GeForce RTX 4080 Laptop GPU,5545,12282,6459,45.15,38,52,30.59
2025-07-09T07:31:05.652677,0,NVIDIA GeForce RTX 4080 Laptop GPU,5545,12282,6459,45.15,21,52,40.66
2025-07-09T07:31:15.686908,0,NVIDIA GeForce RTX 4080 Laptop GPU,5545,12282,6459,45.15,31,52,45.54
2025-07-09T07:31:25.725834,0,NVIDIA GeForce RTX 4080 Laptop GPU,5413,12282,6591,44.07,30,52,43.05
2025-07-09T07:31:35.755106,0,NVIDIA GeForce RTX 4080 Laptop GPU,5545,12282,6459,45.15,32,52,37.51
2025-07-09T07:31:45.789847,0,NVIDIA GeForce RTX 4080 Laptop GPU,5545,12282,6459,45.15,33,52,36.21
2025-07-09T07:31:55.820540,0,NVIDIA GeForce RTX 4080 Laptop GPU,5545,12282,6459,45.15,33,51,38.87
2025-07-09T07:32:05.854867,0,NVIDIA GeForce RTX 4080 Laptop GPU,5545,12282,6459,45.15,34,52,41.82
2025-07-09T07:32:15.883249,0,NVIDIA GeForce RTX 4080 Laptop GPU,5545,12282,6459,45.15,33,51,42.87
2025-07-09T07:32:25.917421,0,NVIDIA GeForce RTX 4080 Laptop GPU,5545,12282,6459,45.15,29,52,38.92
2025-07-09T07:32:35.945137,0,NVIDIA GeForce RTX 4080 Laptop GPU,5545,12282,6459,45.15,29,51,34.49
2025-07-09T07:32:45.974316,0,NVIDIA GeForce RTX 4080 Laptop GPU,5545,12282,6459,45.15,24,51,37.58
2025-07-09T07:32:56.001354,0,NVIDIA GeForce RTX 4080 Laptop GPU,5547,12282,6457,45.16,44,50,29.9
2025-07-09T07:33:06.030786,0,NVIDIA GeForce RTX 4080 Laptop GPU,5547,12282,6457,45.16,35,51,35.03
2025-07-09T07:33:16.060752,0,NVIDIA GeForce RTX 4080 Laptop GPU,5545,12282,6459,45.15,32,51,36.82
2025-07-09T07:33:26.087108,0,NVIDIA GeForce RTX 4080 Laptop GPU,5545,12282,6459,45.15,35,51,43.41
2025-07-09T07:33:36.113803,0,NVIDIA GeForce RTX 4080 Laptop GPU,5545,12282,6459,45.15,30,51,35.81
2025-07-09T07:33:46.140685,0,NVIDIA GeForce RTX 4080 Laptop GPU,5545,12282,6459,45.15,39,53,46.14
2025-07-09T07:33:56.181766,0,NVIDIA GeForce RTX 4080 Laptop GPU,5545,12282,6459,45.15,27,52,42.97
2025-07-09T07:34:06.210009,0,NVIDIA GeForce RTX 4080 Laptop GPU,5545,12282,6459,45.15,23,51,38.76
2025-07-09T07:34:16.239678,0,NVIDIA GeForce RTX 4080 Laptop GPU,5545,12282,6459,45.15,33,51,35.91
2025-07-09T07:34:26.266728,0,NVIDIA GeForce RTX 4080 Laptop GPU,5545,12282,6459,45.15,30,52,46.24
2025-07-09T07:34:36.294151,0,NVIDIA GeForce RTX 4080 Laptop GPU,5547,12282,6457,45.16,44,52,32.0
2025-07-09T07:34:46.318730,0,NVIDIA GeForce RTX 4080 Laptop GPU,5545,12282,6459,45.15,24,51,31.44
2025-07-09T07:34:56.361339,0,NVIDIA GeForce RTX 4080 Laptop GPU,5545,12282,6459,45.15,36,51,39.61
2025-07-09T07:35:06.386818,0,NVIDIA GeForce RTX 4080 Laptop GPU,5545,12282,6459,45.15,44,52,33.1
2025-07-09T07:35:16.418650,0,NVIDIA GeForce RTX 4080 Laptop GPU,5545,12282,6459,45.15,41,51,32.67
2025-07-09T07:35:26.451058,0,NVIDIA GeForce RTX 4080 Laptop GPU,5545,12282,6459,45.15,39,53,43.01
2025-07-09T07:35:36.477917,0,NVIDIA GeForce RTX 4080 Laptop GPU,5545,12282,6459,45.15,20,51,39.64
2025-07-09T07:35:46.509601,0,NVIDIA GeForce RTX 4080 Laptop GPU,5545,12282,6459,45.15,34,52,41.79
2025-07-09T07:35:56.551021,0,NVIDIA GeForce RTX 4080 Laptop GPU,5545,12282,6459,45.15,18,52,48.07
2025-07-09T07:36:06.586497,0,NVIDIA GeForce RTX 4080 Laptop GPU,5547,12282,6457,45.16,30,51,30.94
2025-07-09T07:36:16.612664,0,NVIDIA GeForce RTX 4080 Laptop GPU,5545,12282,6459,45.15,31,52,43.79
2025-07-09T07:36:26.642766,0,NVIDIA GeForce RTX 4080 Laptop GPU,5545,12282,6459,45.15,19,51,33.42
2025-07-09T07:36:36.669963,0,NVIDIA GeForce RTX 4080 Laptop GPU,5545,12282,6459,45.15,31,52,34.13
2025-07-09T07:36:46.698978,0,NVIDIA GeForce RTX 4080 Laptop GPU,5545,12282,6459,45.15,40,51,37.17
2025-07-09T07:36:56.726325,0,NVIDIA GeForce RTX 4080 Laptop GPU,5545,12282,6459,45.15,38,51,37.53
2025-07-09T07:37:06.753198,0,NVIDIA GeForce RTX 4080 Laptop GPU,5545,12282,6459,45.15,38,52,47.66
2025-07-09T07:37:16.778979,0,NVIDIA GeForce RTX 4080 Laptop GPU,5545,12282,6459,45.15,43,51,31.01
2025-07-09T07:37:26.808975,0,NVIDIA GeForce RTX 4080 Laptop GPU,5545,12282,6459,45.15,25,52,32.44
2025-07-09T07:37:36.836798,0,NVIDIA GeForce RTX 4080 Laptop GPU,5545,12282,6459,45.15,34,51,30.01
2025-07-09T07:37:46.864435,0,NVIDIA GeForce RTX 4080 Laptop GPU,5547,12282,6457,45.16,30,51,31.34
2025-07-09T07:37:56.901523,0,NVIDIA GeForce RTX 4080 Laptop GPU,5547,12282,6457,45.16,25,52,42.06
2025-07-09T07:38:06.927853,0,NVIDIA GeForce RTX 4080 Laptop GPU,5547,12282,6457,45.16,29,51,36.11
2025-07-09T07:38:16.956370,0,NVIDIA GeForce RTX 4080 Laptop GPU,5545,12282,6459,45.15,30,52,43.24
2025-07-09T07:38:26.982396,0,NVIDIA GeForce RTX 4080 Laptop GPU,5545,12282,6459,45.15,24,52,37.23
2025-07-09T07:38:37.013817,0,NVIDIA GeForce RTX 4080 Laptop GPU,5545,12282,6459,45.15,23,51,35.47
2025-07-09T07:38:47.048204,0,NVIDIA GeForce RTX 4080 Laptop GPU,5545,12282,6459,45.15,31,52,45.19
2025-07-09T07:38:57.085776,0,NVIDIA GeForce RTX 4080 Laptop GPU,5545,12282,6459,45.15,33,51,32.44
2025-07-09T07:39:07.125750,0,NVIDIA GeForce RTX 4080 Laptop GPU,5545,12282,6459,45.15,23,51,32.9
2025-07-09T07:39:17.153218,0,NVIDIA GeForce RTX 4080 Laptop GPU,5545,12282,6459,45.15,31,51,32.6
2025-07-09T07:39:27.173697,0,NVIDIA GeForce RTX 4080 Laptop GPU,5545,12282,6459,45.15,33,52,42.43
2025-07-09T07:39:37.202183,0,NVIDIA GeForce RTX 4080 Laptop GPU,5545,12282,6459,45.15,18,52,39.24
2025-07-09T07:39:47.234421,0,NVIDIA GeForce RTX 4080 Laptop GPU,5545,12282,6459,45.15,37,51,33.52
2025-07-09T07:39:57.273787,0,NVIDIA GeForce RTX 4080 Laptop GPU,5545,12282,6459,45.15,32,53,39.45
2025-07-09T07:40:07.301782,0,NVIDIA GeForce RTX 4080 Laptop GPU,5545,12282,6459,45.15,35,52,41.28
2025-07-09T07:40:17.328300,0,NVIDIA GeForce RTX 4080 Laptop GPU,5545,12282,6459,45.15,36,54,48.05
2025-07-09T07:40:27.361840,0,NVIDIA GeForce RTX 4080 Laptop GPU,5545,12282,6459,45.15,43,52,34.17
2025-07-09T07:40:37.389471,0,NVIDIA GeForce RTX 4080 Laptop GPU,5545,12282,6459,45.15,28,51,32.04
2025-07-09T07:40:47.414455,0,NVIDIA GeForce RTX 4080 Laptop GPU,5545,12282,6459,45.15,33,52,34.96
2025-07-09T07:40:57.446331,0,NVIDIA GeForce RTX 4080 Laptop GPU,5545,12282,6459,45.15,31,52,32.85
2025-07-09T07:41:07.476319,0,NVIDIA GeForce RTX 4080 Laptop GPU,5547,12282,6457,45.16,38,52,38.98
2025-07-09T07:41:17.502972,0,NVIDIA GeForce RTX 4080 Laptop GPU,5545,12282,6459,45.15,33,52,39.79
2025-07-09T07:41:27.532267,0,NVIDIA GeForce RTX 4080 Laptop GPU,5545,12282,6459,45.15,27,54,45.99
2025-07-09T07:41:37.567144,0,NVIDIA GeForce RTX 4080 Laptop GPU,5545,12282,6459,45.15,38,51,35.49
2025-07-09T07:41:47.593876,0,NVIDIA GeForce RTX 4080 Laptop GPU,5545,12282,6459,45.15,24,54,44.81
2025-07-09T07:41:57.626148,0,NVIDIA GeForce RTX 4080 Laptop GPU,5545,12282,6459,45.15,29,51,36.86
2025-07-09T07:42:07.654197,0,NVIDIA GeForce RTX 4080 Laptop GPU,5545,12282,6459,45.15,26,53,42.25
2025-07-09T07:42:17.680852,0,NVIDIA GeForce RTX 4080 Laptop GPU,5545,12282,6459,45.15,32,51,31.46
2025-07-09T07:42:27.708803,0,NVIDIA GeForce RTX 4080 Laptop GPU,5545,12282,6459,45.15,22,51,34.94
2025-07-09T07:42:37.736917,0,NVIDIA GeForce RTX 4080 Laptop GPU,5545,12282,6459,45.15,31,52,38.78
2025-07-09T07:42:47.764381,0,NVIDIA GeForce RTX 4080 Laptop GPU,5547,12282,6457,45.16,44,51,31.36
2025-07-09T07:42:57.801625,0,NVIDIA GeForce RTX 4080 Laptop GPU,5547,12282,6457,45.16,42,52,34.11
2025-07-09T07:43:07.835515,0,NVIDIA GeForce RTX 4080 Laptop GPU,5547,12282,6457,45.16,35,52,44.22
2025-07-09T07:43:17.865346,0,NVIDIA GeForce RTX 4080 Laptop GPU,5545,12282,6459,45.15,39,52,32.93
2025-07-09T07:43:27.892784,0,NVIDIA GeForce RTX 4080 Laptop GPU,5545,12282,6459,45.15,35,51,30.69
2025-07-09T07:43:37.920957,0,NVIDIA GeForce RTX 4080 Laptop GPU,5545,12282,6459,45.15,32,51,30.75
2025-07-09T07:43:47.952771,0,NVIDIA GeForce RTX 4080 Laptop GPU,5545,12282,6459,45.15,33,51,35.75
2025-07-09T07:43:57.981319,0,NVIDIA GeForce RTX 4080 Laptop GPU,5545,12282,6459,45.15,35,54,44.64
2025-07-09T07:44:08.011675,0,NVIDIA GeForce RTX 4080 Laptop GPU,5545,12282,6459,45.15,30,51,31.36
2025-07-09T07:44:18.036982,0,NVIDIA GeForce RTX 4080 Laptop GPU,5545,12282,6459,45.15,37,51,39.12
2025-07-09T07:44:28.064804,0,NVIDIA GeForce RTX 4080 Laptop GPU,5545,12282,6459,45.15,34,51,32.26
2025-07-09T07:44:38.093857,0,NVIDIA GeForce RTX 4080 Laptop GPU,5545,12282,6459,45.15,32,52,36.82
2025-07-09T07:44:48.121245,0,NVIDIA GeForce RTX 4080 Laptop GPU,5545,12282,6459,45.15,36,52,41.45
2025-07-09T07:44:58.161466,0,NVIDIA GeForce RTX 4080 Laptop GPU,5545,12282,6459,45.15,30,52,39.32
2025-07-09T07:45:08.187575,0,NVIDIA GeForce RTX 4080 Laptop GPU,5545,12282,6459,45.15,23,52,41.12
2025-07-09T07:45:18.213360,0,NVIDIA GeForce RTX 4080 Laptop GPU,5545,12282,6459,45.15,29,53,46.85
2025-07-09T07:45:28.239869,0,NVIDIA GeForce RTX 4080 Laptop GPU,5545,12282,6459,45.15,41,52,44.88
2025-07-09T07:45:38.262516,0,NVIDIA GeForce RTX 4080 Laptop GPU,5545,12282,6459,45.15,33,51,33.93
2025-07-09T07:45:48.301291,0,NVIDIA GeForce RTX 4080 Laptop GPU,5545,12282,6459,45.15,28,52,44.74
2025-07-09T07:45:58.341168,0,NVIDIA GeForce RTX 4080 Laptop GPU,5547,12282,6457,45.16,29,52,37.5
2025-07-09T07:46:08.368698,0,NVIDIA GeForce RTX 4080 Laptop GPU,5547,12282,6457,45.16,35,51,31.16
2025-07-09T07:46:18.396206,0,NVIDIA GeForce RTX 4080 Laptop GPU,5545,12282,6459,45.15,29,52,38.95
2025-07-09T07:46:28.423231,0,NVIDIA GeForce RTX 4080 Laptop GPU,5545,12282,6459,45.15,39,51,30.53
2025-07-09T07:46:38.454593,0,NVIDIA GeForce RTX 4080 Laptop GPU,5545,12282,6459,45.15,25,53,44.94
2025-07-09T07:46:48.491664,0,NVIDIA GeForce RTX 4080 Laptop GPU,5545,12282,6459,45.15,33,52,42.87
2025-07-09T07:46:58.521386,0,NVIDIA GeForce RTX 4080 Laptop GPU,5545,12282,6459,45.15,29,52,38.93
2025-07-09T07:47:08.547867,0,NVIDIA GeForce RTX 4080 Laptop GPU,5545,12282,6459,45.15,47,52,32.56
2025-07-09T07:47:18.581140,0,NVIDIA GeForce RTX 4080 Laptop GPU,5545,12282,6459,45.15,30,53,43.08
2025-07-09T07:47:28.606645,0,NVIDIA GeForce RTX 4080 Laptop GPU,5545,12282,6459,45.15,46,52,30.43
2025-07-09T07:47:38.634023,0,NVIDIA GeForce RTX 4080 Laptop GPU,5547,12282,6457,45.16,31,52,38.87
2025-07-09T07:47:48.660879,0,NVIDIA GeForce RTX 4080 Laptop GPU,5545,12282,6459,45.15,29,51,30.25
2025-07-09T07:47:58.701192,0,NVIDIA GeForce RTX 4080 Laptop GPU,5545,12282,6459,45.15,30,53,39.83
2025-07-09T07:48:08.734668,0,NVIDIA GeForce RTX 4080 Laptop GPU,5545,12282,6459,45.15,39,52,39.42
2025-07-09T07:48:18.767793,0,NVIDIA GeForce RTX 4080 Laptop GPU,5545,12282,6459,45.15,33,51,30.45
2025-07-09T07:48:28.797144,0,NVIDIA GeForce RTX 4080 Laptop GPU,5545,12282,6459,45.15,35,52,44.85
2025-07-09T07:48:38.829663,0,NVIDIA GeForce RTX 4080 Laptop GPU,5545,12282,6459,45.15,30,53,45.17
2025-07-09T07:48:48.864816,0,NVIDIA GeForce RTX 4080 Laptop GPU,5545,12282,6459,45.15,38,53,35.61
2025-07-09T07:48:58.897261,0,NVIDIA GeForce RTX 4080 Laptop GPU,5545,12282,6459,45.15,44,51,30.08
2025-07-09T07:49:08.923889,0,NVIDIA GeForce RTX 4080 Laptop GPU,5545,12282,6459,45.15,34,52,41.57
2025-07-09T07:49:18.956616,0,NVIDIA GeForce RTX 4080 Laptop GPU,5547,12282,6457,45.16,36,51,31.0
2025-07-09T07:49:28.985742,0,NVIDIA GeForce RTX 4080 Laptop GPU,5545,12282,6459,45.15,28,52,40.76
2025-07-09T07:49:39.019704,0,NVIDIA GeForce RTX 4080 Laptop GPU,5545,12282,6459,45.15,37,51,29.99
2025-07-09T07:49:49.042357,0,NVIDIA GeForce RTX 4080 Laptop GPU,5545,12282,6459,45.15,21,51,39.59
2025-07-09T07:49:59.073874,0,NVIDIA GeForce RTX 4080 Laptop GPU,5545,12282,6459,45.15,35,51,32.89
2025-07-09T07:50:09.104524,0,NVIDIA GeForce RTX 4080 Laptop GPU,5545,12282,6459,45.15,30,50,35.4
2025-07-09T07:50:19.142378,0,NVIDIA GeForce RTX 4080 Laptop GPU,5545,12282,6459,45.15,43,52,39.32
2025-07-09T07:50:29.169922,0,NVIDIA GeForce RTX 4080 Laptop GPU,5545,12282,6459,45.15,40,51,32.92
2025-07-09T07:50:39.199562,0,NVIDIA GeForce RTX 4080 Laptop GPU,5545,12282,6459,45.15,39,51,37.44
2025-07-09T07:50:49.229156,0,NVIDIA GeForce RTX 4080 Laptop GPU,5545,12282,6459,45.15,30,52,42.73
2025-07-09T07:50:59.255514,0,NVIDIA GeForce RTX 4080 Laptop GPU,5547,12282,6457,45.16,35,51,34.91
2025-07-09T07:51:09.287580,0,NVIDIA GeForce RTX 4080 Laptop GPU,5547,12282,6457,45.16,32,51,37.79
2025-07-09T07:51:19.316466,0,NVIDIA GeForce RTX 4080 Laptop GPU,5545,12282,6459,45.15,37,51,35.41
2025-07-09T07:51:29.342984,0,NVIDIA GeForce RTX 4080 Laptop GPU,5545,12282,6459,45.15,26,51,38.71
2025-07-09T07:51:39.370046,0,NVIDIA GeForce RTX 4080 Laptop GPU,5545,12282,6459,45.15,30,51,34.7
2025-07-09T07:51:49.393233,0,NVIDIA GeForce RTX 4080 Laptop GPU,5545,12282,6459,45.15,29,53,45.93
2025-07-09T07:51:59.421648,0,NVIDIA GeForce RTX 4080 Laptop GPU,5545,12282,6459,45.15,48,51,31.03
2025-07-09T07:52:09.450751,0,NVIDIA GeForce RTX 4080 Laptop GPU,5545,12282,6459,45.15,29,52,45.45
2025-07-09T07:52:19.481146,0,NVIDIA GeForce RTX 4080 Laptop GPU,5545,12282,6459,45.15,30,52,39.09
2025-07-09T07:52:29.500611,0,NVIDIA GeForce RTX 4080 Laptop GPU,5545,12282,6459,45.15,29,52,44.08
2025-07-09T07:52:39.525171,0,NVIDIA GeForce RTX 4080 Laptop GPU,5547,12282,6457,45.16,26,52,38.09
2025-07-09T07:52:49.555436,0,NVIDIA GeForce RTX 4080 Laptop GPU,5545,12282,6459,45.15,37,52,37.08
2025-07-09T07:52:59.601680,0,NVIDIA GeForce RTX 4080 Laptop GPU,5545,12282,6459,45.15,34,52,36.6
2025-07-09T07:53:09.627883,0,NVIDIA GeForce RTX 4080 Laptop GPU,5545,12282,6459,45.15,32,51,34.02
2025-07-09T07:53:19.657735,0,NVIDIA GeForce RTX 4080 Laptop GPU,5545,12282,6459,45.15,32,52,37.5
2025-07-09T07:53:29.684165,0,NVIDIA GeForce RTX 4080 Laptop GPU,5545,12282,6459,45.15,25,51,36.47
2025-07-09T07:53:39.720130,0,NVIDIA GeForce RTX 4080 Laptop GPU,5545,12282,6459,45.15,20,52,34.42
2025-07-09T07:53:49.760791,0,NVIDIA GeForce RTX 4080 Laptop GPU,5545,12282,6459,45.15,37,52,35.28
2025-07-09T07:53:59.789898,0,NVIDIA GeForce RTX 4080 Laptop GPU,5545,12282,6459,45.15,31,51,32.95
2025-07-09T07:54:09.818629,0,NVIDIA GeForce RTX 4080 Laptop GPU,5545,12282,6459,45.15,37,51,30.28
2025-07-09T07:54:19.843587,0,NVIDIA GeForce RTX 4080 Laptop GPU,5547,12282,6457,45.16,27,51,34.34
2025-07-09T07:54:29.871270,0,NVIDIA GeForce RTX 4080 Laptop GPU,5545,12282,6459,45.15,32,52,38.96
2025-07-09T07:54:39.898055,0,NVIDIA GeForce RTX 4080 Laptop GPU,5545,12282,6459,45.15,37,51,32.4
2025-07-09T07:54:49.935413,0,NVIDIA GeForce RTX 4080 Laptop GPU,5545,12282,6459,45.15,30,51,43.55
2025-07-09T07:54:59.961832,0,NVIDIA GeForce RTX 4080 Laptop GPU,5545,12282,6459,45.15,38,51,38.78
2025-07-09T07:55:09.988102,0,NVIDIA GeForce RTX 4080 Laptop GPU,5545,12282,6459,45.15,36,51,35.91
2025-07-09T07:55:20.013954,0,NVIDIA GeForce RTX 4080 Laptop GPU,5545,12282,6459,45.15,40,51,33.46
2025-07-09T07:55:30.042247,0,NVIDIA GeForce RTX 4080 Laptop GPU,5545,12282,6459,45.15,25,51,32.02
2025-07-09T07:55:40.076572,0,NVIDIA GeForce RTX 4080 Laptop GPU,5545,12282,6459,45.15,32,51,32.26
2025-07-09T07:55:50.103098,0,NVIDIA GeForce RTX 4080 Laptop GPU,5545,12282,6459,45.15,37,54,42.93
2025-07-09T07:56:00.142067,0,NVIDIA GeForce RTX 4080 Laptop GPU,5547,12282,6457,45.16,28,53,40.11
2025-07-09T07:56:10.173760,0,NVIDIA GeForce RTX 4080 Laptop GPU,5547,12282,6457,45.16,35,51,35.53
2025-07-09T07:56:20.201117,0,NVIDIA GeForce RTX 4080 Laptop GPU,5545,12282,6459,45.15,30,52,36.27
2025-07-09T07:56:30.240199,0,NVIDIA GeForce RTX 4080 Laptop GPU,5545,12282,6459,45.15,32,52,38.85
2025-07-09T07:56:40.270426,0,NVIDIA GeForce RTX 4080 Laptop GPU,5413,12282,6591,44.07,21,52,43.86
2025-07-09T07:56:50.297151,0,NVIDIA GeForce RTX 4080 Laptop GPU,5545,12282,6459,45.15,44,52,36.31
2025-07-09T07:57:00.324092,0,NVIDIA GeForce RTX 4080 Laptop GPU,5545,12282,6459,45.15,35,51,30.72
2025-07-09T07:57:10.351384,0,NVIDIA GeForce RTX 4080 Laptop GPU,5545,12282,6459,45.15,34,53,38.33
2025-07-09T07:57:20.377934,0,NVIDIA GeForce RTX 4080 Laptop GPU,5545,12282,6459,45.15,33,52,42.38
2025-07-09T07:57:30.415489,0,NVIDIA GeForce RTX 4080 Laptop GPU,5545,12282,6459,45.15,32,52,33.08
2025-07-09T07:57:40.443637,0,NVIDIA GeForce RTX 4080 Laptop GPU,5545,12282,6459,45.15,40,52,42.5
2025-07-09T07:57:50.470910,0,NVIDIA GeForce RTX 4080 Laptop GPU,5545,12282,6459,45.15,32,52,38.7
2025-07-09T07:58:00.507290,0,NVIDIA GeForce RTX 4080 Laptop GPU,5545,12282,6459,45.15,30,52,39.28
2025-07-09T07:58:10.542650,0,NVIDIA GeForce RTX 4080 Laptop GPU,5545,12282,6459,45.15,30,51,33.8
2025-07-09T07:58:20.569200,0,NVIDIA GeForce RTX 4080 Laptop GPU,5545,12282,6459,45.15,34,52,38.15
2025-07-09T07:58:30.597717,0,NVIDIA GeForce RTX 4080 Laptop GPU,5545,12282,6459,45.15,29,52,39.49
2025-07-09T07:58:40.626308,0,NVIDIA GeForce RTX 4080 Laptop GPU,5545,12282,6459,45.15,33,52,44.21
2025-07-09T07:58:50.654186,0,NVIDIA GeForce RTX 4080 Laptop GPU,5545,12282,6459,45.15,39,51,33.43
2025-07-09T07:59:00.681183,0,NVIDIA GeForce RTX 4080 Laptop GPU,5545,12282,6459,45.15,35,51,31.14
2025-07-09T07:59:10.717394,0,NVIDIA GeForce RTX 4080 Laptop GPU,5545,12282,6459,45.15,35,51,34.79
2025-07-09T07:59:20.753121,0,NVIDIA GeForce RTX 4080 Laptop GPU,5545,12282,6459,45.15,41,51,31.98
2025-07-09T07:59:30.781190,0,NVIDIA GeForce RTX 4080 Laptop GPU,5545,12282,6459,45.15,31,52,39.43
2025-07-09T07:59:40.813903,0,NVIDIA GeForce RTX 4080 Laptop GPU,5545,12282,6459,45.15,36,51,30.09
2025-07-09T07:59:50.834068,0,NVIDIA GeForce RTX 4080 Laptop GPU,5545,12282,6459,45.15,33,51,33.7
2025-07-09T08:00:00.867294,0,NVIDIA GeForce RTX 4080 Laptop GPU,5545,12282,6459,45.15,41,52,38.42
2025-07-09T08:00:10.901952,0,NVIDIA GeForce RTX 4080 Laptop GPU,5545,12282,6459,45.15,34,51,30.96
2025-07-09T08:00:20.928407,0,NVIDIA GeForce RTX 4080 Laptop GPU,5545,12282,6459,45.15,41,52,36.15
2025-07-09T08:00:30.963265,0,NVIDIA GeForce RTX 4080 Laptop GPU,5545,12282,6459,45.15,23,52,44.85
2025-07-09T08:00:40.991779,0,NVIDIA GeForce RTX 4080 Laptop GPU,5545,12282,6459,45.15,28,53,41.73
2025-07-09T08:00:51.018594,0,NVIDIA GeForce RTX 4080 Laptop GPU,5547,12282,6457,45.16,33,51,35.54
2025-07-09T08:01:01.053965,0,NVIDIA GeForce RTX 4080 Laptop GPU,5547,12282,6457,45.16,44,51,31.31
2025-07-09T08:01:11.083035,0,NVIDIA GeForce RTX 4080 Laptop GPU,5545,12282,6459,45.15,35,51,31.14
2025-07-09T08:01:21.110636,0,NVIDIA GeForce RTX 4080 Laptop GPU,5545,12282,6459,45.15,31,52,40.15
2025-07-09T08:01:31.140336,0,NVIDIA GeForce RTX 4080 Laptop GPU,5545,12282,6459,45.15,38,53,45.08
2025-07-09T08:01:41.174847,0,NVIDIA GeForce RTX 4080 Laptop GPU,5545,12282,6459,45.15,42,54,41.88
2025-07-09T08:01:51.200142,0,NVIDIA GeForce RTX 4080 Laptop GPU,5545,12282,6459,45.15,41,52,37.83
2025-07-09T08:02:01.229403,0,NVIDIA GeForce RTX 4080 Laptop GPU,5545,12282,6459,45.15,28,53,44.18
2025-07-09T08:02:11.265985,0,NVIDIA GeForce RTX 4080 Laptop GPU,5545,12282,6459,45.15,30,53,44.47
2025-07-09T08:02:21.305413,0,NVIDIA GeForce RTX 4080 Laptop GPU,5545,12282,6459,45.15,35,52,33.69
2025-07-09T08:02:31.333740,0,NVIDIA GeForce RTX 4080 Laptop GPU,5547,12282,6457,45.16,40,53,43.8
2025-07-09T08:02:41.361960,0,NVIDIA GeForce RTX 4080 Laptop GPU,5545,12282,6459,45.15,40,52,40.56
2025-07-09T08:02:51.389204,0,NVIDIA GeForce RTX 4080 Laptop GPU,5545,12282,6459,45.15,36,52,36.34
2025-07-09T08:03:01.415688,0,NVIDIA GeForce RTX 4080 Laptop GPU,5545,12282,6459,45.15,40,53,42.95
2025-07-09T08:03:11.441883,0,NVIDIA GeForce RTX 4080 Laptop GPU,5545,12282,6459,45.15,32,53,39.02
2025-07-09T08:03:21.473876,0,NVIDIA GeForce RTX 4080 Laptop GPU,5545,12282,6459,45.15,36,52,42.12
2025-07-09T08:03:31.517709,0,NVIDIA GeForce RTX 4080 Laptop GPU,5545,12282,6459,45.15,34,53,44.2
2025-07-09T08:03:41.543673,0,NVIDIA GeForce RTX 4080 Laptop GPU,5545,12282,6459,45.15,43,53,41.02
2025-07-09T08:03:51.585948,0,NVIDIA GeForce RTX 4080 Laptop GPU,5545,12282,6459,45.15,32,53,35.4
2025-07-09T08:04:01.613709,0,NVIDIA GeForce RTX 4080 Laptop GPU,5545,12282,6459,45.15,36,53,43.47
2025-07-09T08:04:11.648338,0,NVIDIA GeForce RTX 4080 Laptop GPU,5545,12282,6459,45.15,41,52,33.42
2025-07-09T08:04:21.676136,0,NVIDIA GeForce RTX 4080 Laptop GPU,5545,12282,6459,45.15,38,52,34.87
2025-07-09T08:04:31.712168,0,NVIDIA GeForce RTX 4080 Laptop GPU,5545,12282,6459,45.15,29,52,37.15
2025-07-09T08:04:41.747286,0,NVIDIA GeForce RTX 4080 Laptop GPU,5545,12282,6459,45.15,43,51,34.03
2025-07-09T08:04:51.781769,0,NVIDIA GeForce RTX 4080 Laptop GPU,5545,12282,6459,45.15,24,52,36.01
2025-07-09T08:05:01.808815,0,NVIDIA GeForce RTX 4080 Laptop GPU,5545,12282,6459,45.15,27,52,41.86
2025-07-09T08:05:11.838458,0,NVIDIA GeForce RTX 4080 Laptop GPU,5545,12282,6459,45.15,34,53,46.53
2025-07-09T08:05:21.864396,0,NVIDIA GeForce RTX 4080 Laptop GPU,5545,12282,6459,45.15,37,52,44.46
2025-07-09T08:05:31.890855,0,NVIDIA GeForce RTX 4080 Laptop GPU,5545,12282,6459,45.15,21,52,41.72
2025-07-09T08:05:41.926314,0,NVIDIA GeForce RTX 4080 Laptop GPU,5545,12282,6459,45.15,38,53,41.8
2025-07-09T08:05:51.952098,0,NVIDIA GeForce RTX 4080 Laptop GPU,5547,12282,6457,45.16,39,52,36.94
2025-07-09T08:06:01.980146,0,NVIDIA GeForce RTX 4080 Laptop GPU,5547,12282,6457,45.16,43,51,33.9
2025-07-09T08:06:12.013513,0,NVIDIA GeForce RTX 4080 Laptop GPU,5545,12282,6459,45.15,36,52,31.1
2025-07-09T08:06:22.040319,0,NVIDIA GeForce RTX 4080 Laptop GPU,5545,12282,6459,45.15,33,51,32.63
2025-07-09T08:06:32.074061,0,NVIDIA GeForce RTX 4080 Laptop GPU,5545,12282,6459,45.15,28,51,42.99
2025-07-09T08:06:42.103311,0,NVIDIA GeForce RTX 4080 Laptop GPU,5545,12282,6459,45.15,21,51,32.67
2025-07-09T08:06:52.141062,0,NVIDIA GeForce RTX 4080 Laptop GPU,5545,12282,6459,45.15,36,51,37.14
2025-07-09T08:07:02.175110,0,NVIDIA GeForce RTX 4080 Laptop GPU,5545,12282,6459,45.15,29,52,45.77
2025-07-09T08:07:12.203127,0,NVIDIA GeForce RTX 4080 Laptop GPU,5545,12282,6459,45.15,32,51,30.94
2025-07-09T08:07:22.229458,0,NVIDIA GeForce RTX 4080 Laptop GPU,5545,12282,6459,45.15,42,53,39.72
2025-07-09T08:07:32.257072,0,NVIDIA GeForce RTX 4080 Laptop GPU,5545,12282,6459,45.15,27,53,40.39
2025-07-09T08:07:42.284427,0,NVIDIA GeForce RTX 4080 Laptop GPU,5545,12282,6459,45.15,28,52,35.02
2025-07-09T08:07:52.312917,0,NVIDIA GeForce RTX 4080 Laptop GPU,5545,12282,6459,45.15,33,51,33.45
2025-07-09T08:08:02.343154,0,NVIDIA GeForce RTX 4080 Laptop GPU,5545,12282,6459,45.15,33,52,42.42
2025-07-09T08:08:12.372237,0,NVIDIA GeForce RTX 4080 Laptop GPU,5545,12282,6459,45.15,47,52,30.92
2025-07-09T08:08:22.411682,0,NVIDIA GeForce RTX 4080 Laptop GPU,5545,12282,6459,45.15,41,52,40.51
2025-07-09T08:08:32.452072,0,NVIDIA GeForce RTX 4080 Laptop GPU,5545,12282,6459,45.15,32,53,42.94
2025-07-09T08:08:42.488890,0,NVIDIA GeForce RTX 4080 Laptop GPU,5545,12282,6459,45.15,32,53,45.08
2025-07-09T08:08:52.515834,0,NVIDIA GeForce RTX 4080 Laptop GPU,5545,12282,6459,45.15,38,54,45.72
2025-07-09T08:09:02.545206,0,NVIDIA GeForce RTX 4080 Laptop GPU,5547,12282,6457,45.16,43,53,37.26
2025-07-09T08:09:12.584478,0,NVIDIA GeForce RTX 4080 Laptop GPU,5545,12282,6459,45.15,31,52,32.63
2025-07-09T08:09:22.616811,0,NVIDIA GeForce RTX 4080 Laptop GPU,5545,12282,6459,45.15,32,51,33.2
2025-07-09T08:09:32.647447,0,NVIDIA GeForce RTX 4080 Laptop GPU,5545,12282,6459,45.15,35,52,36.99
2025-07-09T08:09:42.681797,0,NVIDIA GeForce RTX 4080 Laptop GPU,5545,12282,6459,45.15,28,52,40.39
2025-07-09T08:09:52.715668,0,NVIDIA GeForce RTX 4080 Laptop GPU,5545,12282,6459,45.15,44,51,30.34
2025-07-09T08:10:02.751217,0,NVIDIA GeForce RTX 4080 Laptop GPU,5545,12282,6459,45.15,35,51,36.9
2025-07-09T08:10:12.783823,0,NVIDIA GeForce RTX 4080 Laptop GPU,5545,12282,6459,45.15,36,51,35.88
2025-07-09T08:10:22.813386,0,NVIDIA GeForce RTX 4080 Laptop GPU,5545,12282,6459,45.15,36,51,30.15
2025-07-09T08:10:32.852308,0,NVIDIA GeForce RTX 4080 Laptop GPU,5545,12282,6459,45.15,35,51,35.74
2025-07-09T08:10:42.885213,0,NVIDIA GeForce RTX 4080 Laptop GPU,5545,12282,6459,45.15,29,53,36.39
2025-07-09T08:10:52.912865,0,NVIDIA GeForce RTX 4080 Laptop GPU,5545,12282,6459,45.15,31,53,43.22
2025-07-09T08:11:02.944673,0,NVIDIA GeForce RTX 4080 Laptop GPU,5545,12282,6459,45.15,31,52,38.27
2025-07-09T08:11:12.970720,0,NVIDIA GeForce RTX 4080 Laptop GPU,5545,12282,6459,45.15,38,51,32.59
2025-07-09T08:11:23.002874,0,NVIDIA GeForce RTX 4080 Laptop GPU,5545,12282,6459,45.15,36,53,42.52
2025-07-09T08:11:33.032132,0,NVIDIA GeForce RTX 4080 Laptop GPU,5545,12282,6459,45.15,17,53,46.95
2025-07-09T08:11:43.062157,0,NVIDIA GeForce RTX 4080 Laptop GPU,5545,12282,6459,45.15,24,52,42.61
2025-07-09T08:11:53.090622,0,NVIDIA GeForce RTX 4080 Laptop GPU,5545,12282,6459,45.15,43,54,40.19
2025-07-09T08:12:03.117997,0,NVIDIA GeForce RTX 4080 Laptop GPU,5545,12282,6459,45.15,20,52,40.37
2025-07-09T08:12:13.153812,0,NVIDIA GeForce RTX 4080 Laptop GPU,5545,12282,6459,45.15,29,52,30.21
2025-07-09T08:12:23.181751,0,NVIDIA GeForce RTX 4080 Laptop GPU,5547,12282,6457,45.16,36,52,30.4
2025-07-09T08:12:33.223696,0,NVIDIA GeForce RTX 4080 Laptop GPU,5545,12282,6459,45.15,25,53,47.05
2025-07-09T08:12:43.249862,0,NVIDIA GeForce RTX 4080 Laptop GPU,5545,12282,6459,45.15,28,52,44.83
2025-07-09T08:12:53.277893,0,NVIDIA GeForce RTX 4080 Laptop GPU,5545,12282,6459,45.15,36,52,36.85
2025-07-09T08:13:03.307540,0,NVIDIA GeForce RTX 4080 Laptop GPU,5545,12282,6459,45.15,27,52,36.94
2025-07-09T08:13:13.339346,0,NVIDIA GeForce RTX 4080 Laptop GPU,5545,12282,6459,45.15,18,52,43.87
2025-07-09T08:13:23.381948,0,NVIDIA GeForce RTX 4080 Laptop GPU,5545,12282,6459,45.15,30,51,33.25
2025-07-09T08:13:33.411004,0,NVIDIA GeForce RTX 4080 Laptop GPU,5545,12282,6459,45.15,37,51,34.53
2025-07-09T08:13:43.438230,0,NVIDIA GeForce RTX 4080 Laptop GPU,5545,12282,6459,45.15,26,52,37.39
2025-07-09T08:13:53.464572,0,NVIDIA GeForce RTX 4080 Laptop GPU,5545,12282,6459,45.15,36,51,32.09
2025-07-09T08:14:03.491944,0,NVIDIA GeForce RTX 4080 Laptop GPU,5547,12282,6457,45.16,33,53,40.23
2025-07-09T08:14:13.528657,0,NVIDIA GeForce RTX 4080 Laptop GPU,5545,12282,6459,45.15,31,51,35.42
2025-07-09T08:14:23.564595,0,NVIDIA GeForce RTX 4080 Laptop GPU,5545,12282,6459,45.15,29,52,36.19
2025-07-09T08:14:33.591177,0,NVIDIA GeForce RTX 4080 Laptop GPU,5545,12282,6459,45.15,21,51,29.33
2025-07-09T08:14:43.627307,0,NVIDIA GeForce RTX 4080 Laptop GPU,5545,12282,6459,45.15,32,52,39.11
2025-07-09T08:14:53.666114,0,NVIDIA GeForce RTX 4080 Laptop GPU,5545,12282,6459,45.15,31,52,38.83
2025-07-09T08:15:03.692211,0,NVIDIA GeForce RTX 4080 Laptop GPU,5545,12282,6459,45.15,37,52,41.97
2025-07-09T08:15:13.720512,0,NVIDIA GeForce RTX 4080 Laptop GPU,5545,12282,6459,45.15,30,51,35.08
2025-07-09T08:15:23.753121,0,NVIDIA GeForce RTX 4080 Laptop GPU,5545,12282,6459,45.15,29,53,47.87
2025-07-09T08:15:33.788923,0,NVIDIA GeForce RTX 4080 Laptop GPU,5547,12282,6457,45.16,20,52,38.48
2025-07-09T08:15:43.833681,0,NVIDIA GeForce RTX 4080 Laptop GPU,5545,12282,6459,45.15,36,51,29.99
2025-07-09T08:15:53.866460,0,NVIDIA GeForce RTX 4080 Laptop GPU,5545,12282,6459,45.15,21,51,39.99
2025-07-09T08:16:03.894630,0,NVIDIA GeForce RTX 4080 Laptop GPU,5545,12282,6459,45.15,25,53,44.11
2025-07-09T08:16:13.922891,0,NVIDIA GeForce RTX 4080 Laptop GPU,5545,12282,6459,45.15,24,52,43.86
2025-07-09T08:16:23.952863,0,NVIDIA GeForce RTX 4080 Laptop GPU,5545,12282,6459,45.15,34,51,32.12
2025-07-09T08:16:33.980114,0,NVIDIA GeForce RTX 4080 Laptop GPU,5545,12282,6459,45.15,31,51,31.38
2025-07-09T08:16:44.008119,0,NVIDIA GeForce RTX 4080 Laptop GPU,5545,12282,6459,45.15,37,51,31.63
2025-07-09T08:16:54.041955,0,NVIDIA GeForce RTX 4080 Laptop GPU,5545,12282,6459,45.15,28,52,40.99
2025-07-09T08:17:04.076091,0,NVIDIA GeForce RTX 4080 Laptop GPU,5545,12282,6459,45.15,38,53,42.95
2025-07-09T08:17:14.106885,0,NVIDIA GeForce RTX 4080 Laptop GPU,5547,12282,6457,45.16,35,53,36.28
2025-07-09T08:17:24.143832,0,NVIDIA GeForce RTX 4080 Laptop GPU,5547,12282,6457,45.16,28,52,43.78
2025-07-09T08:17:34.172793,0,NVIDIA GeForce RTX 4080 Laptop GPU,5545,12282,6459,45.15,42,52,33.0
2025-07-09T08:17:44.202316,0,NVIDIA GeForce RTX 4080 Laptop GPU,5545,12282,6459,45.15,26,51,37.15
2025-07-09T08:17:54.234383,0,NVIDIA GeForce RTX 4080 Laptop GPU,5545,12282,6459,45.15,44,51,34.49
2025-07-09T08:18:04.264547,0,NVIDIA GeForce RTX 4080 Laptop GPU,5545,12282,6459,45.15,43,52,36.65
2025-07-09T08:18:14.298943,0,NVIDIA GeForce RTX 4080 Laptop GPU,5545,12282,6459,45.15,26,51,41.68
2025-07-09T08:18:24.328874,0,NVIDIA GeForce RTX 4080 Laptop GPU,5545,12282,6459,45.15,38,52,45.83
2025-07-09T08:18:34.358984,0,NVIDIA GeForce RTX 4080 Laptop GPU,5545,12282,6459,45.15,40,54,45.47
2025-07-09T08:18:44.385825,0,NVIDIA GeForce RTX 4080 Laptop GPU,5545,12282,6459,45.15,30,52,34.34
2025-07-09T08:18:54.422363,0,NVIDIA GeForce RTX 4080 Laptop GPU,5547,12282,6457,45.16,40,52,33.78
2025-07-09T08:19:04.454150,0,NVIDIA GeForce RTX 4080 Laptop GPU,5547,12282,6457,45.16,32,53,43.47
2025-07-09T08:19:14.482153,0,NVIDIA GeForce RTX 4080 Laptop GPU,5545,12282,6459,45.15,41,53,47.1
2025-07-09T08:19:24.519586,0,NVIDIA GeForce RTX 4080 Laptop GPU,5545,12282,6459,45.15,34,51,30.79
2025-07-09T08:19:34.545783,0,NVIDIA GeForce RTX 4080 Laptop GPU,5545,12282,6459,45.15,32,52,33.21
2025-07-09T08:19:44.573799,0,NVIDIA GeForce RTX 4080 Laptop GPU,5545,12282,6459,45.15,22,51,35.84
2025-07-09T08:19:54.601635,0,NVIDIA GeForce RTX 4080 Laptop GPU,5545,12282,6459,45.15,34,52,35.19
2025-07-09T08:20:04.640526,0,NVIDIA GeForce RTX 4080 Laptop GPU,5545,12282,6459,45.15,28,53,41.16
2025-07-09T08:20:14.676518,0,NVIDIA GeForce RTX 4080 Laptop GPU,5545,12282,6459,45.15,21,51,29.31
2025-07-09T08:20:24.709177,0,NVIDIA GeForce RTX 4080 Laptop GPU,5545,12282,6459,45.15,25,51,33.09
2025-07-09T08:20:34.741448,0,NVIDIA GeForce RTX 4080 Laptop GPU,5547,12282,6457,45.16,31,53,36.52
2025-07-09T08:20:44.771059,0,NVIDIA GeForce RTX 4080 Laptop GPU,5545,12282,6459,45.15,26,52,38.37
2025-07-09T08:20:54.799148,0,NVIDIA GeForce RTX 4080 Laptop GPU,5545,12282,6459,45.15,30,52,36.63
2025-07-09T08:21:04.843127,0,NVIDIA GeForce RTX 4080 Laptop GPU,5545,12282,6459,45.15,31,54,42.59
2025-07-09T08:21:14.880884,0,NVIDIA GeForce RTX 4080 Laptop GPU,5545,12282,6459,45.15,28,51,31.66
2025-07-09T08:21:24.907936,0,NVIDIA GeForce RTX 4080 Laptop GPU,5545,12282,6459,45.15,33,52,40.34
2025-07-09T08:21:34.935783,0,NVIDIA GeForce RTX 4080 Laptop GPU,5545,12282,6459,45.15,38,52,35.77
2025-07-09T08:21:44.962625,0,NVIDIA GeForce RTX 4080 Laptop GPU,5545,12282,6459,45.15,48,52,33.42
2025-07-09T08:21:54.988830,0,NVIDIA GeForce RTX 4080 Laptop GPU,5545,12282,6459,45.15,29,53,39.12
2025-07-09T08:22:05.023095,0,NVIDIA GeForce RTX 4080 Laptop GPU,5545,12282,6459,45.15,24,51,34.05
2025-07-09T08:22:15.053868,0,NVIDIA GeForce RTX 4080 Laptop GPU,5547,12282,6457,45.16,26,52,40.44
2025-07-09T08:22:25.090108,0,NVIDIA GeForce RTX 4080 Laptop GPU,5547,12282,6457,45.16,26,52,42.67
2025-07-09T08:22:35.118078,0,NVIDIA GeForce RTX 4080 Laptop GPU,5545,12282,6459,45.15,29,52,36.82
2025-07-09T08:22:45.156568,0,NVIDIA GeForce RTX 4080 Laptop GPU,5545,12282,6459,45.15,32,52,37.44
2025-07-09T08:22:55.185303,0,NVIDIA GeForce RTX 4080 Laptop GPU,5545,12282,6459,45.15,38,52,37.03
2025-07-09T08:23:05.216482,0,NVIDIA GeForce RTX 4080 Laptop GPU,5545,12282,6459,45.15,32,51,30.46
2025-07-09T08:23:15.248675,0,NVIDIA GeForce RTX 4080 Laptop GPU,5545,12282,6459,45.15,28,52,40.74
2025-07-09T08:23:25.275278,0,NVIDIA GeForce RTX 4080 Laptop GPU,5545,12282,6459,45.15,36,54,44.49
2025-07-09T08:23:35.304121,0,NVIDIA GeForce RTX 4080 Laptop GPU,5545,12282,6459,45.15,29,53,48.95
2025-07-09T08:23:45.345176,0,NVIDIA GeForce RTX 4080 Laptop GPU,5545,12282,6459,45.15,19,53,38.76
2025-07-09T08:23:55.386596,0,NVIDIA GeForce RTX 4080 Laptop GPU,5547,12282,6457,45.16,37,52,38.14
2025-07-09T08:24:05.426076,0,NVIDIA GeForce RTX 4080 Laptop GPU,5547,12282,6457,45.16,32,52,37.73
2025-07-09T08:24:15.455604,0,NVIDIA GeForce RTX 4080 Laptop GPU,5545,12282,6459,45.15,30,52,39.76
2025-07-09T08:24:25.488982,0,NVIDIA GeForce RTX 4080 Laptop GPU,5545,12282,6459,45.15,26,51,33.83
2025-07-09T08:24:35.516690,0,NVIDIA GeForce RTX 4080 Laptop GPU,5545,12282,6459,45.15,31,52,47.18
2025-07-09T08:24:45.543607,0,NVIDIA GeForce RTX 4080 Laptop GPU,5545,12282,6459,45.15,46,52,35.77
2025-07-09T08:24:55.573955,0,NVIDIA GeForce RTX 4080 Laptop GPU,5545,12282,6459,45.15,38,53,42.47
2025-07-09T08:25:05.601945,0,NVIDIA GeForce RTX 4080 Laptop GPU,5545,12282,6459,45.15,26,52,42.87
2025-07-09T08:25:15.628672,0,NVIDIA GeForce RTX 4080 Laptop GPU,5545,12282,6459,45.15,43,52,42.49
2025-07-09T08:25:25.662415,0,NVIDIA GeForce RTX 4080 Laptop GPU,5545,12282,6459,45.15,37,53,41.72
2025-07-09T08:25:35.697422,0,NVIDIA GeForce RTX 4080 Laptop GPU,5547,12282,6457,45.16,31,53,36.35
2025-07-09T08:25:45.724103,0,NVIDIA GeForce RTX 4080 Laptop GPU,5545,12282,6459,45.15,33,52,38.8
2025-07-09T08:25:55.751237,0,NVIDIA GeForce RTX 4080 Laptop GPU,5545,12282,6459,45.15,33,53,41.76
2025-07-09T08:26:05.778613,0,NVIDIA GeForce RTX 4080 Laptop GPU,5545,12282,6459,45.15,24,53,41.77
2025-07-09T08:26:15.808789,0,NVIDIA GeForce RTX 4080 Laptop GPU,5545,12282,6459,45.15,18,52,39.81
2025-07-09T08:26:25.837302,0,NVIDIA GeForce RTX 4080 Laptop GPU,5545,12282,6459,45.15,29,52,35.04
2025-07-09T08:26:35.868679,0,NVIDIA GeForce RTX 4080 Laptop GPU,5545,12282,6459,45.15,35,52,33.14
2025-07-09T08:26:45.895314,0,NVIDIA GeForce RTX 4080 Laptop GPU,5545,12282,6459,45.15,30,53,43.82
2025-07-09T08:26:55.926515,0,NVIDIA GeForce RTX 4080 Laptop GPU,5545,12282,6459,45.15,35,53,31.23
2025-07-09T08:27:05.962310,0,NVIDIA GeForce RTX 4080 Laptop GPU,5545,12282,6459,45.15,36,52,30.32
2025-07-09T08:27:15.993474,0,NVIDIA GeForce RTX 4080 Laptop GPU,5545,12282,6459,45.15,37,51,33.3
2025-07-09T08:27:26.028887,0,NVIDIA GeForce RTX 4080 Laptop GPU,5545,12282,6459,45.15,32,52,34.27
2025-07-09T08:27:36.056939,0,NVIDIA GeForce RTX 4080 Laptop GPU,5545,12282,6459,45.15,37,53,44.99
2025-07-09T08:27:46.085247,0,NVIDIA GeForce RTX 4080 Laptop GPU,5545,12282,6459,45.15,21,54,48.18
2025-07-09T08:27:56.111987,0,NVIDIA GeForce RTX 4080 Laptop GPU,5545,12282,6459,45.15,33,53,35.44
2025-07-09T08:28:06.139053,0,NVIDIA GeForce RTX 4080 Laptop GPU,5545,12282,6459,45.15,26,55,48.94
2025-07-09T08:28:16.178173,0,NVIDIA GeForce RTX 4080 Laptop GPU,5545,12282,6459,45.15,37,52,39.7
2025-07-09T08:28:26.224758,0,NVIDIA GeForce RTX 4080 Laptop GPU,5545,12282,6459,45.15,28,51,30.4
2025-07-09T08:28:36.251018,0,NVIDIA GeForce RTX 4080 Laptop GPU,5545,12282,6459,45.15,34,51,30.38
2025-07-09T08:28:46.297720,0,NVIDIA GeForce RTX 4080 Laptop GPU,5547,12282,6457,45.16,21,51,37.33
2025-07-09T08:28:56.328581,0,NVIDIA GeForce RTX 4080 Laptop GPU,5547,12282,6457,45.16,22,52,34.99
2025-07-09T08:29:06.357931,0,NVIDIA GeForce RTX 4080 Laptop GPU,5547,12282,6457,45.16,29,52,35.41
2025-07-09T08:29:16.385195,0,NVIDIA GeForce RTX 4080 Laptop GPU,5545,12282,6459,45.15,32,53,43.55
2025-07-09T08:29:26.429490,0,NVIDIA GeForce RTX 4080 Laptop GPU,5545,12282,6459,45.15,37,51,29.99
2025-07-09T08:29:36.471248,0,NVIDIA GeForce RTX 4080 Laptop GPU,5545,12282,6459,45.15,26,51,39.24
2025-07-09T08:29:46.507805,0,NVIDIA GeForce RTX 4080 Laptop GPU,5545,12282,6459,45.15,27,52,47.71
2025-07-09T08:29:56.554245,0,NVIDIA GeForce RTX 4080 Laptop GPU,5545,12282,6459,45.15,24,52,36.22
2025-07-09T08:30:06.580371,0,NVIDIA GeForce RTX 4080 Laptop GPU,5545,12282,6459,45.15,38,52,37.4
2025-07-09T08:30:16.609248,0,NVIDIA GeForce RTX 4080 Laptop GPU,5545,12282,6459,45.15,38,52,37.72
2025-07-09T08:30:26.637277,0,NVIDIA GeForce RTX 4080 Laptop GPU,5547,12282,6457,45.16,22,52,33.73
2025-07-09T08:30:36.665459,0,NVIDIA GeForce RTX 4080 Laptop GPU,5547,12282,6457,45.16,32,52,38.92
2025-07-09T08:30:46.691215,0,NVIDIA GeForce RTX 4080 Laptop GPU,5545,12282,6459,45.15,30,52,39.39
2025-07-09T08:30:56.719306,0,NVIDIA GeForce RTX 4080 Laptop GPU,5545,12282,6459,45.15,31,51,30.75
2025-07-09T08:31:06.760401,0,NVIDIA GeForce RTX 4080 Laptop GPU,5545,12282,6459,45.15,38,53,37.49
2025-07-09T08:31:16.794694,0,NVIDIA GeForce RTX 4080 Laptop GPU,5545,12282,6459,45.15,44,52,33.84
2025-07-09T08:31:26.838386,0,NVIDIA GeForce RTX 4080 Laptop GPU,5545,12282,6459,45.15,33,51,36.11
2025-07-09T08:31:36.863221,0,NVIDIA GeForce RTX 4080 Laptop GPU,5545,12282,6459,45.15,26,52,41.9
2025-07-09T08:31:46.890897,0,NVIDIA GeForce RTX 4080 Laptop GPU,5545,12282,6459,45.15,39,52,37.22
2025-07-09T08:31:56.918920,0,NVIDIA GeForce RTX 4080 Laptop GPU,5545,12282,6459,45.15,41,52,35.9
2025-07-09T08:32:06.950495,0,NVIDIA GeForce RTX 4080 Laptop GPU,5547,12282,6457,45.16,36,51,32.99
2025-07-09T08:32:16.979249,0,NVIDIA GeForce RTX 4080 Laptop GPU,5545,12282,6459,45.15,22,52,41.2
2025-07-09T08:32:27.017006,0,NVIDIA GeForce RTX 4080 Laptop GPU,5545,12282,6459,45.15,25,51,36.94
2025-07-09T08:32:37.044855,0,NVIDIA GeForce RTX 4080 Laptop GPU,5545,12282,6459,45.15,26,52,39.91
2025-07-09T08:32:47.082585,0,NVIDIA GeForce RTX 4080 Laptop GPU,5545,12282,6459,45.15,32,51,36.2
2025-07-09T08:32:57.123424,0,NVIDIA GeForce RTX 4080 Laptop GPU,5545,12282,6459,45.15,35,52,31.36
2025-07-09T08:33:07.149660,0,NVIDIA GeForce RTX 4080 Laptop GPU,5545,12282,6459,45.15,32,52,41.96
2025-07-09T08:33:17.176499,0,NVIDIA GeForce RTX 4080 Laptop GPU,5545,12282,6459,45.15,49,52,30.66
2025-07-09T08:33:27.212168,0,NVIDIA GeForce RTX 4080 Laptop GPU,5545,12282,6459,45.15,21,51,37.48
2025-07-09T08:33:37.244244,0,NVIDIA GeForce RTX 4080 Laptop GPU,5545,12282,6459,45.15,33,53,41.42
2025-07-09T08:33:47.277039,0,NVIDIA GeForce RTX 4080 Laptop GPU,5547,12282,6457,45.16,35,51,30.18
2025-07-09T08:33:57.301306,0,NVIDIA GeForce RTX 4080 Laptop GPU,5547,12282,6457,45.16,29,51,40.12
2025-07-09T08:34:07.335490,0,NVIDIA GeForce RTX 4080 Laptop GPU,5547,12282,6457,45.16,39,52,41.82
2025-07-09T08:34:17.361563,0,NVIDIA GeForce RTX 4080 Laptop GPU,5545,12282,6459,45.15,30,53,46.55
2025-07-09T08:34:27.392155,0,NVIDIA GeForce RTX 4080 Laptop GPU,5545,12282,6459,45.15,26,52,43.15
2025-07-09T08:34:37.428302,0,NVIDIA GeForce RTX 4080 Laptop GPU,5545,12282,6459,45.15,31,51,34.19
2025-07-09T08:34:47.459687,0,NVIDIA GeForce RTX 4080 Laptop GPU,5545,12282,6459,45.15,30,52,39.58
2025-07-09T08:34:57.486215,0,NVIDIA GeForce RTX 4080 Laptop GPU,5545,12282,6459,45.15,41,54,45.75
2025-07-09T08:35:07.518267,0,NVIDIA GeForce RTX 4080 Laptop GPU,5545,12282,6459,45.15,33,51,31.22
2025-07-09T08:35:17.559677,0,NVIDIA GeForce RTX 4080 Laptop GPU,5545,12282,6459,45.15,34,52,42.38
2025-07-09T08:35:27.591015,0,NVIDIA GeForce RTX 4080 Laptop GPU,5545,12282,6459,45.15,36,52,36.34
2025-07-09T08:35:37.626217,0,NVIDIA GeForce RTX 4080 Laptop GPU,5545,12282,6459,45.15,32,53,37.54
2025-07-09T08:35:47.659038,0,NVIDIA GeForce RTX 4080 Laptop GPU,5545,12282,6459,45.15,29,53,41.9
2025-07-09T08:35:57.691228,0,NVIDIA GeForce RTX 4080 Laptop GPU,5545,12282,6459,45.15,36,53,38.68
2025-07-09T08:36:07.717190,0,NVIDIA GeForce RTX 4080 Laptop GPU,5545,12282,6459,45.15,32,54,42.55
2025-07-09T08:36:17.749658,0,NVIDIA GeForce RTX 4080 Laptop GPU,5545,12282,6459,45.15,19,55,48.32
2025-07-09T08:36:27.780608,0,NVIDIA GeForce RTX 4080 Laptop GPU,5545,12282,6459,45.15,27,55,44.85
2025-07-09T08:36:37.811433,0,NVIDIA GeForce RTX 4080 Laptop GPU,5545,12282,6459,45.15,28,53,39.86
2025-07-09T08:36:47.837244,0,NVIDIA GeForce RTX 4080 Laptop GPU,5545,12282,6459,45.15,27,54,46.83
2025-07-09T08:36:57.872629,0,NVIDIA GeForce RTX 4080 Laptop GPU,5545,12282,6459,45.15,31,54,45.34
2025-07-09T08:37:07.898515,0,NVIDIA GeForce RTX 4080 Laptop GPU,5547,12282,6457,45.16,33,53,32.26
2025-07-09T08:37:17.930334,0,NVIDIA GeForce RTX 4080 Laptop GPU,5545,12282,6459,45.15,37,53,39.88
2025-07-09T08:37:27.957888,0,NVIDIA GeForce RTX 4080 Laptop GPU,5545,12282,6459,45.15,29,54,48.83
2025-07-09T08:37:37.991673,0,NVIDIA GeForce RTX 4080 Laptop GPU,5545,12282,6459,45.15,28,53,49.09
2025-07-09T08:37:48.037100,0,NVIDIA GeForce RTX 4080 Laptop GPU,5545,12282,6459,45.15,34,53,39.68
2025-07-09T08:37:58.069381,0,NVIDIA GeForce RTX 4080 Laptop GPU,5545,12282,6459,45.15,29,54,48.36
2025-07-09T08:38:08.105180,0,NVIDIA GeForce RTX 4080 Laptop GPU,5545,12282,6459,45.15,34,53,39.53
2025-07-09T08:38:18.137383,0,NVIDIA GeForce RTX 4080 Laptop GPU,5545,12282,6459,45.15,32,53,38.78
2025-07-09T08:38:28.165480,0,NVIDIA GeForce RTX 4080 Laptop GPU,5545,12282,6459,45.15,28,53,42.49
2025-07-09T08:38:38.191403,0,NVIDIA GeForce RTX 4080 Laptop GPU,5547,12282,6457,45.16,44,54,34.38
2025-07-09T08:38:48.223186,0,NVIDIA GeForce RTX 4080 Laptop GPU,5545,12282,6459,45.15,26,53,39.26
2025-07-09T08:38:58.255352,0,NVIDIA GeForce RTX 4080 Laptop GPU,5545,12282,6459,45.15,24,53,36.14
2025-07-09T08:39:08.295063,0,NVIDIA GeForce RTX 4080 Laptop GPU,5545,12282,6459,45.15,23,54,45.56
2025-07-09T08:39:18.327755,0,NVIDIA GeForce RTX 4080 Laptop GPU,5545,12282,6459,45.15,32,54,39.52
2025-07-09T08:39:28.356360,0,NVIDIA GeForce RTX 4080 Laptop GPU,5545,12282,6459,45.15,39,54,44.04
2025-07-09T08:39:38.393129,0,NVIDIA GeForce RTX 4080 Laptop GPU,5545,12282,6459,45.15,34,54,36.34
2025-07-09T08:39:48.420071,0,NVIDIA GeForce RTX 4080 Laptop GPU,5545,12282,6459,45.15,36,54,46.61
2025-07-09T08:39:58.452037,0,NVIDIA GeForce RTX 4080 Laptop GPU,5545,12282,6459,45.15,31,54,48.61
2025-07-09T08:40:08.482726,0,NVIDIA GeForce RTX 4080 Laptop GPU,5545,12282,6459,45.15,31,54,44.5
2025-07-09T08:40:18.509152,0,NVIDIA GeForce RTX 4080 Laptop GPU,5547,12282,6457,45.16,33,55,52.84
2025-07-09T08:40:28.536059,0,NVIDIA GeForce RTX 4080 Laptop GPU,5545,12282,6459,45.15,37,56,42.5
2025-07-09T08:40:38.568280,0,NVIDIA GeForce RTX 4080 Laptop GPU,5545,12282,6459,45.15,33,56,43.11
2025-07-09T08:40:48.595767,0,NVIDIA GeForce RTX 4080 Laptop GPU,5545,12282,6459,45.15,28,54,37.44
2025-07-09T08:40:58.628787,0,NVIDIA GeForce RTX 4080 Laptop GPU,5545,12282,6459,45.15,37,54,37.48
2025-07-09T08:41:08.654414,0,NVIDIA GeForce RTX 4080 Laptop GPU,5545,12282,6459,45.15,38,55,42.06
2025-07-09T08:41:18.685195,0,NVIDIA GeForce RTX 4080 Laptop GPU,5545,12282,6459,45.15,26,54,40.85
2025-07-09T08:41:28.712455,0,NVIDIA GeForce RTX 4080 Laptop GPU,5545,12282,6459,45.15,31,54,45.85
2025-07-09T08:41:38.745075,0,NVIDIA GeForce RTX 4080 Laptop GPU,5545,12282,6459,45.15,43,53,34.15
2025-07-09T08:41:48.776381,0,NVIDIA GeForce RTX 4080 Laptop GPU,5547,12282,6457,45.16,31,54,45.67
2025-07-09T08:41:58.804577,0,NVIDIA GeForce RTX 4080 Laptop GPU,5547,12282,6457,45.16,37,55,43.93
2025-07-09T08:42:08.833287,0,NVIDIA GeForce RTX 4080 Laptop GPU,5547,12282,6457,45.16,45,54,36.52
2025-07-09T08:42:18.867025,0,NVIDIA GeForce RTX 4080 Laptop GPU,5545,12282,6459,45.15,17,54,44.81
2025-07-09T08:42:28.893764,0,NVIDIA GeForce RTX 4080 Laptop GPU,5545,12282,6459,45.15,30,54,35.89
2025-07-09T08:42:38.924554,0,NVIDIA GeForce RTX 4080 Laptop GPU,5545,12282,6459,45.15,33,53,34.28
2025-07-09T08:42:48.951620,0,NVIDIA GeForce RTX 4080 Laptop GPU,5545,12282,6459,45.15,35,53,29.63
2025-07-09T08:42:58.978842,0,NVIDIA GeForce RTX 4080 Laptop GPU,5545,12282,6459,45.15,30,54,35.3
2025-07-09T08:43:09.008674,0,NVIDIA GeForce RTX 4080 Laptop GPU,5545,12282,6459,45.15,34,55,36.41
2025-07-09T08:43:19.036547,0,NVIDIA GeForce RTX 4080 Laptop GPU,5545,12282,6459,45.15,21,55,45.92
2025-07-09T08:43:29.067036,0,NVIDIA GeForce RTX 4080 Laptop GPU,5547,12282,6457,45.16,29,55,39.28
2025-07-09T08:43:39.101646,0,NVIDIA GeForce RTX 4080 Laptop GPU,5547,12282,6457,45.16,36,53,34.56
2025-07-09T08:43:49.132462,0,NVIDIA GeForce RTX 4080 Laptop GPU,5545,12282,6459,45.15,32,53,40.62
2025-07-09T08:43:59.161393,0,NVIDIA GeForce RTX 4080 Laptop GPU,5545,12282,6459,45.15,51,53,31.03
2025-07-09T08:44:09.193227,0,NVIDIA GeForce RTX 4080 Laptop GPU,5545,12282,6459,45.15,31,54,47.94
2025-07-09T08:44:19.220088,0,NVIDIA GeForce RTX 4080 Laptop GPU,5545,12282,6459,45.15,26,54,41.48
2025-07-09T08:44:29.252161,0,NVIDIA GeForce RTX 4080 Laptop GPU,5545,12282,6459,45.15,34,53,30.15
2025-07-09T08:44:39.282249,0,NVIDIA GeForce RTX 4080 Laptop GPU,5545,12282,6459,45.15,27,53,29.06
2025-07-09T08:44:49.315986,0,NVIDIA GeForce RTX 4080 Laptop GPU,5545,12282,6459,45.15,32,53,30.51
2025-07-09T08:44:59.343883,0,NVIDIA GeForce RTX 4080 Laptop GPU,5545,12282,6459,45.15,36,55,44.05
2025-07-09T08:45:09.366647,0,NVIDIA GeForce RTX 4080 Laptop GPU,5545,12282,6459,45.15,43,54,34.85
2025-07-09T08:45:19.393706,0,NVIDIA GeForce RTX 4080 Laptop GPU,5547,12282,6457,45.16,27,54,37.48
2025-07-09T08:45:29.419461,0,NVIDIA GeForce RTX 4080 Laptop GPU,5545,12282,6459,45.15,34,55,42.06
2025-07-09T08:45:39.445099,0,NVIDIA GeForce RTX 4080 Laptop GPU,5545,12282,6459,45.15,22,54,41.56
2025-07-09T08:45:49.473818,0,NVIDIA GeForce RTX 4080 Laptop GPU,5545,12282,6459,45.15,38,55,44.52
2025-07-09T08:45:59.505460,0,NVIDIA GeForce RTX 4080 Laptop GPU,5545,12282,6459,45.15,36,54,35.76
2025-07-09T08:46:09.543766,0,NVIDIA GeForce RTX 4080 Laptop GPU,5545,12282,6459,45.15,26,54,34.96
2025-07-09T08:46:19.574385,0,NVIDIA GeForce RTX 4080 Laptop GPU,5545,12282,6459,45.15,38,53,30.52
2025-07-09T08:46:29.602383,0,NVIDIA GeForce RTX 4080 Laptop GPU,5545,12282,6459,45.15,47,54,36.24
2025-07-09T08:46:39.629918,0,NVIDIA GeForce RTX 4080 Laptop GPU,5545,12282,6459,45.15,30,53,35.38
2025-07-09T08:46:49.655538,0,NVIDIA GeForce RTX 4080 Laptop GPU,5545,12282,6459,45.15,37,53,32.52
2025-07-09T08:46:59.681455,0,NVIDIA GeForce RTX 4080 Laptop GPU,5547,12282,6457,45.16,33,53,36.15
2025-07-09T08:47:09.711071,0,NVIDIA GeForce RTX 4080 Laptop GPU,5547,12282,6457,45.16,19,53,34.76
2025-07-09T08:47:19.738832,0,NVIDIA GeForce RTX 4080 Laptop GPU,5545,12282,6459,45.15,37,53,41.69
2025-07-09T08:47:29.765585,0,NVIDIA GeForce RTX 4080 Laptop GPU,5545,12282,6459,45.15,29,54,44.25
2025-07-09T08:47:39.795584,0,NVIDIA GeForce RTX 4080 Laptop GPU,5545,12282,6459,45.15,47,53,29.37
2025-07-09T08:47:49.823394,0,NVIDIA GeForce RTX 4080 Laptop GPU,5545,12282,6459,45.15,37,55,37.25
2025-07-09T08:47:59.853572,0,NVIDIA GeForce RTX 4080 Laptop GPU,5545,12282,6459,45.15,27,54,38.63
2025-07-09T08:48:09.880681,0,NVIDIA GeForce RTX 4080 Laptop GPU,5545,12282,6459,45.15,31,53,37.98
2025-07-09T08:48:19.907461,0,NVIDIA GeForce RTX 4080 Laptop GPU,5545,12282,6459,45.15,35,53,35.08
