datetime,gpu_id,gpu_name,memory_used_mb,memory_total_mb,memory_free_mb,memory_used_percent,gpu_utilization,temperature,power_draw
2025-08-14T01:58:00.909775,0,NVIDIA GeForce RTX 4080 Laptop GPU,13,12282,11991,0.11,0,44,1.4
2025-08-14T01:58:10.936213,0,NVIDIA GeForce RTX 4080 Laptop GPU,292,12282,11712,2.38,0,46,17.62
2025-08-14T01:58:20.962155,0,NVIDIA GeForce RTX 4080 Laptop GPU,4494,12282,7510,36.59,0,48,25.92
2025-08-14T01:58:30.991293,0,NVIDIA GeForce RTX 4080 Laptop GPU,5590,12282,6414,45.51,61,53,68.59
2025-08-14T01:58:41.017961,0,NVIDIA GeForce RTX 4080 Laptop GPU,5590,12282,6414,45.51,53,55,73.98
2025-08-14T01:58:51.105401,0,NVIDIA GeForce RTX 4080 Laptop GPU,5594,12282,6410,45.55,53,67,74.19
2025-08-14T01:59:01.133100,0,NVIDIA GeForce RTX 4080 Laptop GPU,5594,12282,6410,45.55,58,65,73.19
2025-08-14T01:59:11.160959,0,NVIDIA GeForce RTX 4080 Laptop GPU,5594,12282,6410,45.55,57,66,74.21
2025-08-14T01:59:21.189927,0,NVIDIA GeForce RTX 4080 Laptop GPU,5594,12282,6410,45.55,55,63,70.34
2025-08-14T01:59:31.216909,0,NVIDIA GeForce RTX 4080 Laptop GPU,5594,12282,6410,45.55,46,61,71.75
2025-08-14T01:59:41.246212,0,NVIDIA GeForce RTX 4080 Laptop GPU,5594,12282,6410,45.55,56,62,82.12
2025-08-14T01:59:51.288296,0,NVIDIA GeForce RTX 4080 Laptop GPU,5594,12282,6410,45.55,62,61,69.2
2025-08-14T02:00:01.310620,0,NVIDIA GeForce RTX 4080 Laptop GPU,5594,12282,6410,45.55,68,63,74.8
2025-08-14T02:00:11.339970,0,NVIDIA GeForce RTX 4080 Laptop GPU,5594,12282,6410,45.55,43,66,73.44
2025-08-14T02:00:21.368011,0,NVIDIA GeForce RTX 4080 Laptop GPU,5594,12282,6410,45.55,64,63,81.81
2025-08-14T02:00:31.393116,0,NVIDIA GeForce RTX 4080 Laptop GPU,5594,12282,6410,45.55,61,63,74.12
2025-08-14T02:00:41.420202,0,NVIDIA GeForce RTX 4080 Laptop GPU,5594,12282,6410,45.55,64,63,74.79
2025-08-14T02:00:51.470184,0,NVIDIA GeForce RTX 4080 Laptop GPU,5594,12282,6410,45.55,62,62,75.31
2025-08-14T02:01:01.497133,0,NVIDIA GeForce RTX 4080 Laptop GPU,5594,12282,6410,45.55,62,63,73.09
2025-08-14T02:01:11.525269,0,NVIDIA GeForce RTX 4080 Laptop GPU,5594,12282,6410,45.55,57,63,80.61
2025-08-14T02:01:21.550239,0,NVIDIA GeForce RTX 4080 Laptop GPU,5594,12282,6410,45.55,64,66,71.56
2025-08-14T02:01:31.577563,0,NVIDIA GeForce RTX 4080 Laptop GPU,5614,12282,6390,45.71,70,65,60.91
2025-08-14T02:01:41.642621,0,NVIDIA GeForce RTX 4080 Laptop GPU,5614,12282,6390,45.71,57,68,69.88
2025-08-14T02:01:51.667281,0,NVIDIA GeForce RTX 4080 Laptop GPU,5614,12282,6390,45.71,58,72,74.18
2025-08-14T02:02:01.693456,0,NVIDIA GeForce RTX 4080 Laptop GPU,5614,12282,6390,45.71,57,63,76.18
2025-08-14T02:02:11.721256,0,NVIDIA GeForce RTX 4080 Laptop GPU,5614,12282,6390,45.71,60,63,75.89
2025-08-14T02:02:21.751041,0,NVIDIA GeForce RTX 4080 Laptop GPU,5614,12282,6390,45.71,56,63,78.24
2025-08-14T02:02:31.806007,0,NVIDIA GeForce RTX 4080 Laptop GPU,5614,12282,6390,45.71,68,63,77.82
2025-08-14T02:02:41.831351,0,NVIDIA GeForce RTX 4080 Laptop GPU,5614,12282,6390,45.71,70,64,82.32
2025-08-14T02:02:51.858501,0,NVIDIA GeForce RTX 4080 Laptop GPU,5614,12282,6390,45.71,63,72,75.77
2025-08-14T02:03:01.884534,0,NVIDIA GeForce RTX 4080 Laptop GPU,5614,12282,6390,45.71,60,64,79.02
2025-08-14T02:03:11.915354,0,NVIDIA GeForce RTX 4080 Laptop GPU,5614,12282,6390,45.71,63,65,70.89
2025-08-14T02:03:21.934690,0,NVIDIA GeForce RTX 4080 Laptop GPU,5614,12282,6390,45.71,60,64,76.06
2025-08-14T02:03:31.963435,0,NVIDIA GeForce RTX 4080 Laptop GPU,5614,12282,6390,45.71,59,63,76.0
2025-08-14T02:03:42.001733,0,NVIDIA GeForce RTX 4080 Laptop GPU,5614,12282,6390,45.71,58,62,75.02
2025-08-14T02:03:52.025447,0,NVIDIA GeForce RTX 4080 Laptop GPU,5614,12282,6390,45.71,64,63,75.5
2025-08-14T02:04:02.051572,0,NVIDIA GeForce RTX 4080 Laptop GPU,5614,12282,6390,45.71,60,73,76.97
2025-08-14T02:04:12.077585,0,NVIDIA GeForce RTX 4080 Laptop GPU,5614,12282,6390,45.71,59,63,80.25
2025-08-14T02:04:22.102827,0,NVIDIA GeForce RTX 4080 Laptop GPU,5614,12282,6390,45.71,72,70,74.15
2025-08-14T02:04:32.164388,0,NVIDIA GeForce RTX 4080 Laptop GPU,5614,12282,6390,45.71,53,63,74.78
2025-08-14T02:04:42.191105,0,NVIDIA GeForce RTX 4080 Laptop GPU,5614,12282,6390,45.71,72,63,76.88
2025-08-14T02:04:52.216937,0,NVIDIA GeForce RTX 4080 Laptop GPU,5614,12282,6390,45.71,56,67,73.99
2025-08-14T02:05:02.239617,0,NVIDIA GeForce RTX 4080 Laptop GPU,5614,12282,6390,45.71,58,64,72.54
2025-08-14T02:05:12.272922,0,NVIDIA GeForce RTX 4080 Laptop GPU,5614,12282,6390,45.71,65,64,73.91
2025-08-14T02:05:22.304202,0,NVIDIA GeForce RTX 4080 Laptop GPU,5614,12282,6390,45.71,61,70,68.48
2025-08-14T02:05:32.331622,0,NVIDIA GeForce RTX 4080 Laptop GPU,5614,12282,6390,45.71,63,64,78.8
2025-08-14T02:05:42.365028,0,NVIDIA GeForce RTX 4080 Laptop GPU,5614,12282,6390,45.71,57,70,73.93
2025-08-14T02:05:52.390487,0,NVIDIA GeForce RTX 4080 Laptop GPU,5614,12282,6390,45.71,63,65,74.77
2025-08-14T02:06:02.417278,0,NVIDIA GeForce RTX 4080 Laptop GPU,5614,12282,6390,45.71,61,69,76.75
2025-08-14T02:06:12.442106,0,NVIDIA GeForce RTX 4080 Laptop GPU,5614,12282,6390,45.71,65,68,76.46
2025-08-14T02:06:22.462869,0,NVIDIA GeForce RTX 4080 Laptop GPU,5614,12282,6390,45.71,58,70,80.28
2025-08-14T02:06:32.503951,0,NVIDIA GeForce RTX 4080 Laptop GPU,5614,12282,6390,45.71,65,63,77.23
2025-08-14T02:06:42.539387,0,NVIDIA GeForce RTX 4080 Laptop GPU,5614,12282,6390,45.71,58,66,75.92
2025-08-14T02:06:52.564776,0,NVIDIA GeForce RTX 4080 Laptop GPU,5614,12282,6390,45.71,71,63,79.31
2025-08-14T02:07:02.598247,0,NVIDIA GeForce RTX 4080 Laptop GPU,5614,12282,6390,45.71,58,68,75.01
2025-08-14T02:07:12.629510,0,NVIDIA GeForce RTX 4080 Laptop GPU,5614,12282,6390,45.71,62,69,78.99
2025-08-14T02:07:22.655124,0,NVIDIA GeForce RTX 4080 Laptop GPU,5614,12282,6390,45.71,59,65,79.8
2025-08-14T02:07:32.711284,0,NVIDIA GeForce RTX 4080 Laptop GPU,5614,12282,6390,45.71,59,68,72.22
2025-08-14T02:07:42.736724,0,NVIDIA GeForce RTX 4080 Laptop GPU,5614,12282,6390,45.71,70,64,80.9
2025-08-14T02:07:52.762461,0,NVIDIA GeForce RTX 4080 Laptop GPU,5614,12282,6390,45.71,56,65,75.6
2025-08-14T02:08:02.791303,0,NVIDIA GeForce RTX 4080 Laptop GPU,5614,12282,6390,45.71,65,69,79.89
2025-08-14T02:08:12.819433,0,NVIDIA GeForce RTX 4080 Laptop GPU,5614,12282,6390,45.71,67,69,81.11
2025-08-14T02:08:22.840359,0,NVIDIA GeForce RTX 4080 Laptop GPU,5614,12282,6390,45.71,66,68,80.25
2025-08-14T02:08:32.871349,0,NVIDIA GeForce RTX 4080 Laptop GPU,5614,12282,6390,45.71,67,70,77.57
2025-08-14T02:08:42.904209,0,NVIDIA GeForce RTX 4080 Laptop GPU,5614,12282,6390,45.71,56,69,74.3
2025-08-14T02:08:52.932293,0,NVIDIA GeForce RTX 4080 Laptop GPU,5614,12282,6390,45.71,42,64,74.62
2025-08-14T02:09:02.959522,0,NVIDIA GeForce RTX 4080 Laptop GPU,5614,12282,6390,45.71,55,67,76.83
2025-08-14T02:09:13.000327,0,NVIDIA GeForce RTX 4080 Laptop GPU,5614,12282,6390,45.71,51,70,66.74
2025-08-14T02:09:23.044051,0,NVIDIA GeForce RTX 4080 Laptop GPU,5614,12282,6390,45.71,45,65,67.69
2025-08-14T02:09:33.071555,0,NVIDIA GeForce RTX 4080 Laptop GPU,5614,12282,6390,45.71,40,71,70.02
2025-08-14T02:09:43.099458,0,NVIDIA GeForce RTX 4080 Laptop GPU,5614,12282,6390,45.71,69,66,76.31
2025-08-14T02:09:53.124435,0,NVIDIA GeForce RTX 4080 Laptop GPU,5614,12282,6390,45.71,60,65,71.32
2025-08-14T02:10:03.150596,0,NVIDIA GeForce RTX 4080 Laptop GPU,5614,12282,6390,45.71,67,72,77.43
2025-08-14T02:10:13.182424,0,NVIDIA GeForce RTX 4080 Laptop GPU,5614,12282,6390,45.71,66,74,76.67
2025-08-14T02:10:23.225940,0,NVIDIA GeForce RTX 4080 Laptop GPU,5614,12282,6390,45.71,60,66,75.2
2025-08-14T02:10:33.257178,0,NVIDIA GeForce RTX 4080 Laptop GPU,5614,12282,6390,45.71,58,71,75.18
2025-08-14T02:10:43.291582,0,NVIDIA GeForce RTX 4080 Laptop GPU,5614,12282,6390,45.71,50,65,72.46
2025-08-14T02:10:53.316327,0,NVIDIA GeForce RTX 4080 Laptop GPU,5614,12282,6390,45.71,54,68,79.67
2025-08-14T02:11:03.351256,0,NVIDIA GeForce RTX 4080 Laptop GPU,5614,12282,6390,45.71,68,71,76.46
2025-08-14T02:11:13.376042,0,NVIDIA GeForce RTX 4080 Laptop GPU,5614,12282,6390,45.71,66,66,74.09
2025-08-14T02:11:23.423934,0,NVIDIA GeForce RTX 4080 Laptop GPU,5614,12282,6390,45.71,53,69,76.0
2025-08-14T02:11:33.449769,0,NVIDIA GeForce RTX 4080 Laptop GPU,5614,12282,6390,45.71,65,67,77.74
2025-08-14T02:11:43.478725,0,NVIDIA GeForce RTX 4080 Laptop GPU,5614,12282,6390,45.71,64,70,79.56
2025-08-14T02:11:53.496354,0,NVIDIA GeForce RTX 4080 Laptop GPU,5614,12282,6390,45.71,55,70,72.27
2025-08-14T02:12:03.524941,0,NVIDIA GeForce RTX 4080 Laptop GPU,5614,12282,6390,45.71,63,69,77.31
2025-08-14T02:12:13.550611,0,NVIDIA GeForce RTX 4080 Laptop GPU,5614,12282,6390,45.71,58,76,73.69
2025-08-14T02:12:23.584031,0,NVIDIA GeForce RTX 4080 Laptop GPU,5614,12282,6390,45.71,58,66,78.54
2025-08-14T02:12:33.611007,0,NVIDIA GeForce RTX 4080 Laptop GPU,5614,12282,6390,45.71,60,66,78.32
2025-08-14T02:12:43.641752,0,NVIDIA GeForce RTX 4080 Laptop GPU,5614,12282,6390,45.71,60,75,75.64
2025-08-14T02:12:53.671422,0,NVIDIA GeForce RTX 4080 Laptop GPU,5614,12282,6390,45.71,51,72,73.9
2025-08-14T02:13:03.701109,0,NVIDIA GeForce RTX 4080 Laptop GPU,5614,12282,6390,45.71,48,65,68.67
2025-08-14T02:13:13.730118,0,NVIDIA GeForce RTX 4080 Laptop GPU,5614,12282,6390,45.71,51,76,64.04
2025-08-14T02:13:23.784259,0,NVIDIA GeForce RTX 4080 Laptop GPU,5616,12282,6388,45.73,50,67,72.27
2025-08-14T02:13:33.828068,0,NVIDIA GeForce RTX 4080 Laptop GPU,5616,12282,6388,45.73,51,72,74.49
2025-08-14T02:13:43.857289,0,NVIDIA GeForce RTX 4080 Laptop GPU,5616,12282,6388,45.73,51,73,71.56
2025-08-14T02:13:53.875173,0,NVIDIA GeForce RTX 4080 Laptop GPU,5616,12282,6388,45.73,51,71,70.14
2025-08-14T02:14:03.904249,0,NVIDIA GeForce RTX 4080 Laptop GPU,5616,12282,6388,45.73,53,72,79.24
2025-08-14T02:14:13.932684,0,NVIDIA GeForce RTX 4080 Laptop GPU,5616,12282,6388,45.73,59,67,79.96
2025-08-14T02:14:23.962020,0,NVIDIA GeForce RTX 4080 Laptop GPU,5616,12282,6388,45.73,71,68,79.2
2025-08-14T02:14:33.990482,0,NVIDIA GeForce RTX 4080 Laptop GPU,5616,12282,6388,45.73,59,72,80.13
2025-08-14T02:14:44.016206,0,NVIDIA GeForce RTX 4080 Laptop GPU,5616,12282,6388,45.73,69,65,82.97
2025-08-14T02:14:54.044376,0,NVIDIA GeForce RTX 4080 Laptop GPU,5616,12282,6388,45.73,69,66,70.78
2025-08-14T02:15:04.072090,0,NVIDIA GeForce RTX 4080 Laptop GPU,5616,12282,6388,45.73,45,65,79.65
2025-08-14T02:15:14.102920,0,NVIDIA GeForce RTX 4080 Laptop GPU,5616,12282,6388,45.73,55,73,64.01
2025-08-14T02:15:24.143771,0,NVIDIA GeForce RTX 4080 Laptop GPU,5616,12282,6388,45.73,51,63,71.71
2025-08-14T02:15:34.172129,0,NVIDIA GeForce RTX 4080 Laptop GPU,5616,12282,6388,45.73,47,69,70.29
2025-08-14T02:15:44.198312,0,NVIDIA GeForce RTX 4080 Laptop GPU,5616,12282,6388,45.73,66,65,81.85
2025-08-14T02:15:54.224686,0,NVIDIA GeForce RTX 4080 Laptop GPU,5616,12282,6388,45.73,51,66,82.56
2025-08-14T02:16:04.256150,0,NVIDIA GeForce RTX 4080 Laptop GPU,5616,12282,6388,45.73,68,68,76.45
2025-08-14T02:16:14.284905,0,NVIDIA GeForce RTX 4080 Laptop GPU,5616,12282,6388,45.73,57,62,74.2
2025-08-14T02:16:24.314949,0,NVIDIA GeForce RTX 4080 Laptop GPU,5616,12282,6388,45.73,62,71,71.67
2025-08-14T02:16:34.342460,0,NVIDIA GeForce RTX 4080 Laptop GPU,5616,12282,6388,45.73,54,63,76.92
2025-08-14T02:16:44.367385,0,NVIDIA GeForce RTX 4080 Laptop GPU,5614,12282,6390,45.71,71,63,77.45
2025-08-14T02:16:54.384493,0,NVIDIA GeForce RTX 4080 Laptop GPU,5614,12282,6390,45.71,53,65,81.9
2025-08-14T02:17:04.410024,0,NVIDIA GeForce RTX 4080 Laptop GPU,5614,12282,6390,45.71,52,65,78.44
2025-08-14T02:17:14.435876,0,NVIDIA GeForce RTX 4080 Laptop GPU,5614,12282,6390,45.71,69,66,75.12
2025-08-14T02:17:24.468956,0,NVIDIA GeForce RTX 4080 Laptop GPU,5614,12282,6390,45.71,60,62,75.64
2025-08-14T02:17:34.494261,0,NVIDIA GeForce RTX 4080 Laptop GPU,5614,12282,6390,45.71,65,70,74.86
2025-08-14T02:17:44.524759,0,NVIDIA GeForce RTX 4080 Laptop GPU,5614,12282,6390,45.71,57,61,75.33
2025-08-14T02:17:54.551496,0,NVIDIA GeForce RTX 4080 Laptop GPU,5614,12282,6390,45.71,67,62,72.92
2025-08-14T02:18:04.578157,0,NVIDIA GeForce RTX 4080 Laptop GPU,5614,12282,6390,45.71,59,62,76.6
2025-08-14T02:18:14.605622,0,NVIDIA GeForce RTX 4080 Laptop GPU,5614,12282,6390,45.71,72,66,81.39
2025-08-14T02:18:24.633254,0,NVIDIA GeForce RTX 4080 Laptop GPU,5614,12282,6390,45.71,66,63,75.85
2025-08-14T02:18:34.687304,0,NVIDIA GeForce RTX 4080 Laptop GPU,5614,12282,6390,45.71,57,64,76.37
2025-08-14T02:18:44.715397,0,NVIDIA GeForce RTX 4080 Laptop GPU,5614,12282,6390,45.71,71,61,76.02
2025-08-14T02:18:54.742365,0,NVIDIA GeForce RTX 4080 Laptop GPU,5614,12282,6390,45.71,57,60,80.03
2025-08-14T02:19:04.769567,0,NVIDIA GeForce RTX 4080 Laptop GPU,5614,12282,6390,45.71,54,61,79.07
2025-08-14T02:19:14.797762,0,NVIDIA GeForce RTX 4080 Laptop GPU,5614,12282,6390,45.71,64,65,78.61
2025-08-14T02:19:24.827381,0,NVIDIA GeForce RTX 4080 Laptop GPU,5614,12282,6390,45.71,58,67,75.78
2025-08-14T02:19:34.873405,0,NVIDIA GeForce RTX 4080 Laptop GPU,5614,12282,6390,45.71,61,62,77.2
2025-08-14T02:19:44.899376,0,NVIDIA GeForce RTX 4080 Laptop GPU,5614,12282,6390,45.71,62,62,69.16
2025-08-14T02:19:54.932977,0,NVIDIA GeForce RTX 4080 Laptop GPU,5614,12282,6390,45.71,67,68,78.17
2025-08-14T02:20:04.955440,0,NVIDIA GeForce RTX 4080 Laptop GPU,5614,12282,6390,45.71,62,69,76.68
2025-08-14T02:20:14.980389,0,NVIDIA GeForce RTX 4080 Laptop GPU,5614,12282,6390,45.71,58,61,77.25
2025-08-14T02:20:25.008523,0,NVIDIA GeForce RTX 4080 Laptop GPU,5614,12282,6390,45.71,61,61,74.86
2025-08-14T02:20:35.046504,0,NVIDIA GeForce RTX 4080 Laptop GPU,5614,12282,6390,45.71,62,60,72.15
2025-08-14T02:20:45.079048,0,NVIDIA GeForce RTX 4080 Laptop GPU,5614,12282,6390,45.71,55,69,73.49
2025-08-14T02:20:55.099580,0,NVIDIA GeForce RTX 4080 Laptop GPU,5614,12282,6390,45.71,63,66,74.59
2025-08-14T02:21:05.124560,0,NVIDIA GeForce RTX 4080 Laptop GPU,5614,12282,6390,45.71,63,64,79.94
2025-08-14T02:21:15.154873,0,NVIDIA GeForce RTX 4080 Laptop GPU,5614,12282,6390,45.71,72,64,80.45
2025-08-14T02:21:25.188421,0,NVIDIA GeForce RTX 4080 Laptop GPU,5614,12282,6390,45.71,63,61,77.16
2025-08-14T02:21:35.232380,0,NVIDIA GeForce RTX 4080 Laptop GPU,5614,12282,6390,45.71,64,66,78.5
2025-08-14T02:21:45.259904,0,NVIDIA GeForce RTX 4080 Laptop GPU,5614,12282,6390,45.71,67,60,76.82
2025-08-14T02:21:55.281560,0,NVIDIA GeForce RTX 4080 Laptop GPU,5614,12282,6390,45.71,61,65,76.4
2025-08-14T02:22:05.315386,0,NVIDIA GeForce RTX 4080 Laptop GPU,5614,12282,6390,45.71,59,63,75.28
2025-08-14T02:22:15.341064,0,NVIDIA GeForce RTX 4080 Laptop GPU,5614,12282,6390,45.71,64,62,75.87
2025-08-14T02:22:25.381597,0,NVIDIA GeForce RTX 4080 Laptop GPU,5614,12282,6390,45.71,64,60,77.82
2025-08-14T02:22:35.412403,0,NVIDIA GeForce RTX 4080 Laptop GPU,5614,12282,6390,45.71,60,67,75.9
2025-08-14T02:22:45.443013,0,NVIDIA GeForce RTX 4080 Laptop GPU,5614,12282,6390,45.71,55,67,76.49
2025-08-14T02:22:55.470276,0,NVIDIA GeForce RTX 4080 Laptop GPU,5614,12282,6390,45.71,56,62,79.55
2025-08-14T02:23:05.495595,0,NVIDIA GeForce RTX 4080 Laptop GPU,5614,12282,6390,45.71,53,60,73.99
2025-08-14T02:23:15.524492,0,NVIDIA GeForce RTX 4080 Laptop GPU,5614,12282,6390,45.71,55,59,73.45
2025-08-14T02:23:25.562024,0,NVIDIA GeForce RTX 4080 Laptop GPU,5614,12282,6390,45.71,62,67,72.85
2025-08-14T02:23:35.589909,0,NVIDIA GeForce RTX 4080 Laptop GPU,5614,12282,6390,45.71,66,59,78.11
2025-08-14T02:23:45.615919,0,NVIDIA GeForce RTX 4080 Laptop GPU,5614,12282,6390,45.71,65,61,78.12
2025-08-14T02:23:55.641665,0,NVIDIA GeForce RTX 4080 Laptop GPU,5614,12282,6390,45.71,71,62,80.29
2025-08-14T02:24:05.664774,0,NVIDIA GeForce RTX 4080 Laptop GPU,5614,12282,6390,45.71,61,62,79.09
2025-08-14T02:24:15.691292,0,NVIDIA GeForce RTX 4080 Laptop GPU,5614,12282,6390,45.71,52,60,78.31
2025-08-14T02:24:25.722263,0,NVIDIA GeForce RTX 4080 Laptop GPU,5614,12282,6390,45.71,67,61,73.77
2025-08-14T02:24:35.771193,0,NVIDIA GeForce RTX 4080 Laptop GPU,5614,12282,6390,45.71,62,65,79.27
2025-08-14T02:24:45.797497,0,NVIDIA GeForce RTX 4080 Laptop GPU,5614,12282,6390,45.71,70,60,77.91
2025-08-14T02:24:55.822924,0,NVIDIA GeForce RTX 4080 Laptop GPU,5614,12282,6390,45.71,59,59,77.93
2025-08-14T02:25:05.853549,0,NVIDIA GeForce RTX 4080 Laptop GPU,5614,12282,6390,45.71,57,61,78.9
2025-08-14T02:25:15.884542,0,NVIDIA GeForce RTX 4080 Laptop GPU,5614,12282,6390,45.71,48,60,69.34
2025-08-14T02:25:25.940516,0,NVIDIA GeForce RTX 4080 Laptop GPU,5614,12282,6390,45.71,52,64,77.92
2025-08-14T02:25:35.969194,0,NVIDIA GeForce RTX 4080 Laptop GPU,5614,12282,6390,45.71,49,63,69.31
2025-08-14T02:25:46.000874,0,NVIDIA GeForce RTX 4080 Laptop GPU,5614,12282,6390,45.71,57,60,72.18
2025-08-14T02:25:56.041749,0,NVIDIA GeForce RTX 4080 Laptop GPU,5614,12282,6390,45.71,48,66,64.82
2025-08-14T02:26:06.071240,0,NVIDIA GeForce RTX 4080 Laptop GPU,5614,12282,6390,45.71,54,62,74.08
2025-08-14T02:26:16.109251,0,NVIDIA GeForce RTX 4080 Laptop GPU,5614,12282,6390,45.71,54,69,73.01
2025-08-14T02:26:26.137543,0,NVIDIA GeForce RTX 4080 Laptop GPU,5614,12282,6390,45.71,52,66,69.31
2025-08-14T02:26:36.168362,0,NVIDIA GeForce RTX 4080 Laptop GPU,5614,12282,6390,45.71,52,60,67.19
2025-08-14T02:26:46.202768,0,NVIDIA GeForce RTX 4080 Laptop GPU,5614,12282,6390,45.71,53,63,65.23
2025-08-14T02:26:56.231599,0,NVIDIA GeForce RTX 4080 Laptop GPU,5614,12282,6390,45.71,53,61,75.65
2025-08-14T02:27:06.271485,0,NVIDIA GeForce RTX 4080 Laptop GPU,5614,12282,6390,45.71,57,68,75.11
2025-08-14T02:27:16.301729,0,NVIDIA GeForce RTX 4080 Laptop GPU,5614,12282,6390,45.71,53,61,70.14
2025-08-14T02:27:26.333328,0,NVIDIA GeForce RTX 4080 Laptop GPU,5614,12282,6390,45.71,52,70,66.82
2025-08-14T02:27:36.363251,0,NVIDIA GeForce RTX 4080 Laptop GPU,5614,12282,6390,45.71,68,62,75.57
2025-08-14T02:27:46.388421,0,NVIDIA GeForce RTX 4080 Laptop GPU,5614,12282,6390,45.71,55,61,76.78
2025-08-14T02:27:56.415808,0,NVIDIA GeForce RTX 4080 Laptop GPU,5614,12282,6390,45.71,56,61,79.75
2025-08-14T02:28:06.440673,0,NVIDIA GeForce RTX 4080 Laptop GPU,5614,12282,6390,45.71,59,61,81.12
2025-08-14T02:28:16.464212,0,NVIDIA GeForce RTX 4080 Laptop GPU,5614,12282,6390,45.71,61,60,78.76
2025-08-14T02:28:26.490689,0,NVIDIA GeForce RTX 4080 Laptop GPU,5614,12282,6390,45.71,70,61,74.27
2025-08-14T02:28:36.516737,0,NVIDIA GeForce RTX 4080 Laptop GPU,5614,12282,6390,45.71,72,60,79.9
2025-08-14T02:28:46.542923,0,NVIDIA GeForce RTX 4080 Laptop GPU,5614,12282,6390,45.71,63,67,71.99
2025-08-14T02:28:56.563279,0,NVIDIA GeForce RTX 4080 Laptop GPU,5614,12282,6390,45.71,73,64,71.41
2025-08-14T02:29:06.592602,0,NVIDIA GeForce RTX 4080 Laptop GPU,5614,12282,6390,45.71,67,66,78.1
2025-08-14T02:29:16.618968,0,NVIDIA GeForce RTX 4080 Laptop GPU,5614,12282,6390,45.71,63,68,73.2
2025-08-14T02:29:26.644257,0,NVIDIA GeForce RTX 4080 Laptop GPU,5614,12282,6390,45.71,63,59,76.2
2025-08-14T02:29:36.672945,0,NVIDIA GeForce RTX 4080 Laptop GPU,5614,12282,6390,45.71,60,59,75.89
2025-08-14T02:29:46.699518,0,NVIDIA GeForce RTX 4080 Laptop GPU,5614,12282,6390,45.71,59,67,73.07
2025-08-14T02:29:56.725044,0,NVIDIA GeForce RTX 4080 Laptop GPU,5614,12282,6390,45.71,63,60,74.51
2025-08-14T02:30:06.751879,0,NVIDIA GeForce RTX 4080 Laptop GPU,5614,12282,6390,45.71,58,59,78.26
2025-08-14T02:30:16.787570,0,NVIDIA GeForce RTX 4080 Laptop GPU,5614,12282,6390,45.71,61,68,72.16
2025-08-14T02:30:26.820094,0,NVIDIA GeForce RTX 4080 Laptop GPU,5614,12282,6390,45.71,57,60,79.42
2025-08-14T02:30:36.858839,0,NVIDIA GeForce RTX 4080 Laptop GPU,5614,12282,6390,45.71,64,64,78.1
2025-08-14T02:30:46.892953,0,NVIDIA GeForce RTX 4080 Laptop GPU,5614,12282,6390,45.71,65,63,59.81
2025-08-14T02:30:56.915441,0,NVIDIA GeForce RTX 4080 Laptop GPU,5616,12282,6388,45.73,55,68,78.34
2025-08-14T02:31:06.941173,0,NVIDIA GeForce RTX 4080 Laptop GPU,5616,12282,6388,45.73,59,60,76.98
2025-08-14T02:31:16.966630,0,NVIDIA GeForce RTX 4080 Laptop GPU,5616,12282,6388,45.73,63,60,78.11
2025-08-14T02:31:26.983250,0,NVIDIA GeForce RTX 4080 Laptop GPU,5616,12282,6388,45.73,67,63,79.68
2025-08-14T02:31:37.008306,0,NVIDIA GeForce RTX 4080 Laptop GPU,5616,12282,6388,45.73,61,59,76.27
2025-08-14T02:31:47.037318,0,NVIDIA GeForce RTX 4080 Laptop GPU,5616,12282,6388,45.73,58,64,77.56
2025-08-14T02:31:57.068412,0,NVIDIA GeForce RTX 4080 Laptop GPU,5616,12282,6388,45.73,64,64,74.29
2025-08-14T02:32:07.096460,0,NVIDIA GeForce RTX 4080 Laptop GPU,5616,12282,6388,45.73,60,61,77.28
2025-08-14T02:32:17.122980,0,NVIDIA GeForce RTX 4080 Laptop GPU,5616,12282,6388,45.73,60,63,80.31
2025-08-14T02:32:27.152548,0,NVIDIA GeForce RTX 4080 Laptop GPU,5616,12282,6388,45.73,68,59,83.32
2025-08-14T02:32:37.183561,0,NVIDIA GeForce RTX 4080 Laptop GPU,5616,12282,6388,45.73,58,59,74.53
2025-08-14T02:32:47.214244,0,NVIDIA GeForce RTX 4080 Laptop GPU,5616,12282,6388,45.73,71,60,78.46
2025-08-14T02:32:57.240436,0,NVIDIA GeForce RTX 4080 Laptop GPU,5616,12282,6388,45.73,69,58,74.27
2025-08-14T02:33:07.268970,0,NVIDIA GeForce RTX 4080 Laptop GPU,5616,12282,6388,45.73,66,58,72.57
2025-08-14T02:33:17.288419,0,NVIDIA GeForce RTX 4080 Laptop GPU,5616,12282,6388,45.73,56,60,78.01
2025-08-14T02:33:27.317166,0,NVIDIA GeForce RTX 4080 Laptop GPU,5616,12282,6388,45.73,59,63,76.35
2025-08-14T02:33:37.384999,0,NVIDIA GeForce RTX 4080 Laptop GPU,5616,12282,6388,45.73,65,65,81.06
2025-08-14T02:33:47.411101,0,NVIDIA GeForce RTX 4080 Laptop GPU,5614,12282,6390,45.71,68,59,79.54
2025-08-14T02:33:57.438024,0,NVIDIA GeForce RTX 4080 Laptop GPU,5614,12282,6390,45.71,55,60,73.52
2025-08-14T02:34:07.463424,0,NVIDIA GeForce RTX 4080 Laptop GPU,5614,12282,6390,45.71,60,59,77.53
2025-08-14T02:34:17.493795,0,NVIDIA GeForce RTX 4080 Laptop GPU,5614,12282,6390,45.71,55,64,77.24
2025-08-14T02:34:27.520812,0,NVIDIA GeForce RTX 4080 Laptop GPU,5614,12282,6390,45.71,62,60,71.43
2025-08-14T02:34:37.547303,0,NVIDIA GeForce RTX 4080 Laptop GPU,5614,12282,6390,45.71,59,59,79.69
2025-08-14T02:34:47.573816,0,NVIDIA GeForce RTX 4080 Laptop GPU,5614,12282,6390,45.71,67,61,80.29
2025-08-14T02:34:57.598304,0,NVIDIA GeForce RTX 4080 Laptop GPU,5614,12282,6390,45.71,60,63,79.28
2025-08-14T02:35:07.624581,0,NVIDIA GeForce RTX 4080 Laptop GPU,5614,12282,6390,45.71,66,69,82.97
2025-08-14T02:35:17.645703,0,NVIDIA GeForce RTX 4080 Laptop GPU,5614,12282,6390,45.71,70,64,78.14
2025-08-14T02:35:27.674859,0,NVIDIA GeForce RTX 4080 Laptop GPU,5614,12282,6390,45.71,57,59,79.8
2025-08-14T02:35:37.750275,0,NVIDIA GeForce RTX 4080 Laptop GPU,5614,12282,6390,45.71,71,59,75.77
2025-08-14T02:35:47.776307,0,NVIDIA GeForce RTX 4080 Laptop GPU,5480,12282,6524,44.62,70,59,85.66
2025-08-14T02:35:57.806117,0,NVIDIA GeForce RTX 4080 Laptop GPU,5614,12282,6390,45.71,59,59,75.82
2025-08-14T02:36:07.836411,0,NVIDIA GeForce RTX 4080 Laptop GPU,5614,12282,6390,45.71,61,60,79.04
2025-08-14T02:36:17.862177,0,NVIDIA GeForce RTX 4080 Laptop GPU,5484,12282,6520,44.65,59,67,76.87
2025-08-14T02:36:27.899924,0,NVIDIA GeForce RTX 4080 Laptop GPU,5614,12282,6390,45.71,71,68,77.09
2025-08-14T02:36:37.927214,0,NVIDIA GeForce RTX 4080 Laptop GPU,5614,12282,6390,45.71,28,61,47.44
2025-08-14T02:36:47.957469,0,NVIDIA GeForce RTX 4080 Laptop GPU,5484,12282,6520,44.65,64,62,77.81
2025-08-14T02:36:57.985279,0,NVIDIA GeForce RTX 4080 Laptop GPU,5614,12282,6390,45.71,60,59,76.75
2025-08-14T02:37:08.013478,0,NVIDIA GeForce RTX 4080 Laptop GPU,5614,12282,6390,45.71,60,58,73.4
2025-08-14T02:37:18.040699,0,NVIDIA GeForce RTX 4080 Laptop GPU,5612,12282,6392,45.69,62,59,79.07
2025-08-14T02:37:28.079768,0,NVIDIA GeForce RTX 4080 Laptop GPU,5614,12282,6390,45.71,61,65,73.37
2025-08-14T02:37:38.110771,0,NVIDIA GeForce RTX 4080 Laptop GPU,5614,12282,6390,45.71,59,65,75.04
2025-08-14T02:37:48.143975,0,NVIDIA GeForce RTX 4080 Laptop GPU,5612,12282,6392,45.69,57,66,73.15
2025-08-14T02:37:58.173231,0,NVIDIA GeForce RTX 4080 Laptop GPU,5614,12282,6390,45.71,72,59,74.94
2025-08-14T02:38:08.199973,0,NVIDIA GeForce RTX 4080 Laptop GPU,5614,12282,6390,45.71,64,61,70.77
2025-08-14T02:38:18.228211,0,NVIDIA GeForce RTX 4080 Laptop GPU,5612,12282,6392,45.69,71,60,78.99
2025-08-14T02:38:28.279166,0,NVIDIA GeForce RTX 4080 Laptop GPU,5614,12282,6390,45.71,73,59,79.13
2025-08-14T02:38:38.298129,0,NVIDIA GeForce RTX 4080 Laptop GPU,5614,12282,6390,45.71,64,62,68.23
2025-08-14T02:38:48.327261,0,NVIDIA GeForce RTX 4080 Laptop GPU,5614,12282,6390,45.71,68,59,82.92
2025-08-14T02:38:58.356131,0,NVIDIA GeForce RTX 4080 Laptop GPU,5614,12282,6390,45.71,57,59,76.91
2025-08-14T02:39:08.382321,0,NVIDIA GeForce RTX 4080 Laptop GPU,5614,12282,6390,45.71,72,63,76.57
2025-08-14T02:39:18.408141,0,NVIDIA GeForce RTX 4080 Laptop GPU,5614,12282,6390,45.71,74,61,75.99
2025-08-14T02:39:28.457340,0,NVIDIA GeForce RTX 4080 Laptop GPU,5614,12282,6390,45.71,59,67,74.14
2025-08-14T02:39:38.482125,0,NVIDIA GeForce RTX 4080 Laptop GPU,5614,12282,6390,45.71,66,58,78.48
2025-08-14T02:39:48.505550,0,NVIDIA GeForce RTX 4080 Laptop GPU,5614,12282,6390,45.71,58,64,77.01
2025-08-14T02:39:58.532523,0,NVIDIA GeForce RTX 4080 Laptop GPU,5614,12282,6390,45.71,63,64,73.24
2025-08-14T02:40:08.561562,0,NVIDIA GeForce RTX 4080 Laptop GPU,5614,12282,6390,45.71,71,64,75.62
2025-08-14T02:40:18.588447,0,NVIDIA GeForce RTX 4080 Laptop GPU,5612,12282,6392,45.69,56,63,80.6
2025-08-14T02:40:28.638765,0,NVIDIA GeForce RTX 4080 Laptop GPU,5614,12282,6390,45.71,67,60,73.25
2025-08-14T02:40:38.666430,0,NVIDIA GeForce RTX 4080 Laptop GPU,5614,12282,6390,45.71,71,58,71.59
2025-08-14T02:40:48.694171,0,NVIDIA GeForce RTX 4080 Laptop GPU,5614,12282,6390,45.71,70,58,68.81
2025-08-14T02:40:58.719686,0,NVIDIA GeForce RTX 4080 Laptop GPU,5614,12282,6390,45.71,65,58,74.73
2025-08-14T02:41:08.746321,0,NVIDIA GeForce RTX 4080 Laptop GPU,5614,12282,6390,45.71,69,62,70.56
2025-08-14T02:41:18.772976,0,NVIDIA GeForce RTX 4080 Laptop GPU,5614,12282,6390,45.71,61,58,73.65
2025-08-14T02:41:28.817491,0,NVIDIA GeForce RTX 4080 Laptop GPU,5614,12282,6390,45.71,59,67,74.93
2025-08-14T02:41:38.843373,0,NVIDIA GeForce RTX 4080 Laptop GPU,5614,12282,6390,45.71,71,60,83.64
2025-08-14T02:41:48.870503,0,NVIDIA GeForce RTX 4080 Laptop GPU,5614,12282,6390,45.71,70,58,83.18
2025-08-14T02:41:58.897275,0,NVIDIA GeForce RTX 4080 Laptop GPU,5614,12282,6390,45.71,67,59,76.48
2025-08-14T02:42:08.925876,0,NVIDIA GeForce RTX 4080 Laptop GPU,5614,12282,6390,45.71,57,63,77.11
2025-08-14T02:42:18.954192,0,NVIDIA GeForce RTX 4080 Laptop GPU,5614,12282,6390,45.71,63,69,73.51
2025-08-14T02:42:28.980057,0,NVIDIA GeForce RTX 4080 Laptop GPU,5614,12282,6390,45.71,64,59,80.01
2025-08-14T02:42:39.011660,0,NVIDIA GeForce RTX 4080 Laptop GPU,5614,12282,6390,45.71,63,65,77.35
2025-08-14T02:42:49.038073,0,NVIDIA GeForce RTX 4080 Laptop GPU,5612,12282,6392,45.69,58,66,72.43
2025-08-14T02:42:59.064934,0,NVIDIA GeForce RTX 4080 Laptop GPU,5614,12282,6390,45.71,67,59,77.53
2025-08-14T02:43:09.093247,0,NVIDIA GeForce RTX 4080 Laptop GPU,5614,12282,6390,45.71,61,59,78.04
2025-08-14T02:43:19.126888,0,NVIDIA GeForce RTX 4080 Laptop GPU,5614,12282,6390,45.71,63,67,72.32
2025-08-14T02:43:29.180080,0,NVIDIA GeForce RTX 4080 Laptop GPU,5614,12282,6390,45.71,69,59,78.13
2025-08-14T02:43:39.208319,0,NVIDIA GeForce RTX 4080 Laptop GPU,5614,12282,6390,45.71,69,60,83.48
2025-08-14T02:43:49.240216,0,NVIDIA GeForce RTX 4080 Laptop GPU,5614,12282,6390,45.71,73,59,74.49
2025-08-14T02:43:59.265936,0,NVIDIA GeForce RTX 4080 Laptop GPU,5614,12282,6390,45.71,59,63,75.71
2025-08-14T02:44:09.291516,0,NVIDIA GeForce RTX 4080 Laptop GPU,5614,12282,6390,45.71,63,59,80.79
2025-08-14T02:44:19.319375,0,NVIDIA GeForce RTX 4080 Laptop GPU,5614,12282,6390,45.71,68,68,72.09
2025-08-14T02:44:29.345265,0,NVIDIA GeForce RTX 4080 Laptop GPU,5614,12282,6390,45.71,33,57,41.61
2025-08-14T02:44:39.372325,0,NVIDIA GeForce RTX 4080 Laptop GPU,5616,12282,6388,45.73,63,58,71.97
2025-08-14T02:44:49.406354,0,NVIDIA GeForce RTX 4080 Laptop GPU,5616,12282,6388,45.73,51,65,78.59
2025-08-14T02:44:59.431325,0,NVIDIA GeForce RTX 4080 Laptop GPU,5616,12282,6388,45.73,71,58,72.02
2025-08-14T02:45:09.463012,0,NVIDIA GeForce RTX 4080 Laptop GPU,5616,12282,6388,45.73,54,59,80.46
2025-08-14T02:45:19.490626,0,NVIDIA GeForce RTX 4080 Laptop GPU,5616,12282,6388,45.73,55,62,74.85
2025-08-14T02:45:29.520406,0,NVIDIA GeForce RTX 4080 Laptop GPU,5616,12282,6388,45.73,57,59,77.02
2025-08-14T02:45:39.547058,0,NVIDIA GeForce RTX 4080 Laptop GPU,5616,12282,6388,45.73,67,59,81.23
2025-08-14T02:45:49.577698,0,NVIDIA GeForce RTX 4080 Laptop GPU,5616,12282,6388,45.73,56,65,76.9
2025-08-14T02:45:59.607027,0,NVIDIA GeForce RTX 4080 Laptop GPU,5616,12282,6388,45.73,68,65,79.28
2025-08-14T02:46:09.634536,0,NVIDIA GeForce RTX 4080 Laptop GPU,5616,12282,6388,45.73,65,59,76.82
2025-08-14T02:46:19.660229,0,NVIDIA GeForce RTX 4080 Laptop GPU,5616,12282,6388,45.73,56,64,78.47
2025-08-14T02:46:29.700533,0,NVIDIA GeForce RTX 4080 Laptop GPU,5616,12282,6388,45.73,69,68,74.31
2025-08-14T02:46:39.730111,0,NVIDIA GeForce RTX 4080 Laptop GPU,5616,12282,6388,45.73,64,61,74.18
2025-08-14T02:46:49.756915,0,NVIDIA GeForce RTX 4080 Laptop GPU,5616,12282,6388,45.73,59,59,76.72
2025-08-14T02:46:59.787263,0,NVIDIA GeForce RTX 4080 Laptop GPU,5616,12282,6388,45.73,68,58,71.72
2025-08-14T02:47:09.812416,0,NVIDIA GeForce RTX 4080 Laptop GPU,5616,12282,6388,45.73,56,59,72.85
2025-08-14T02:47:19.835248,0,NVIDIA GeForce RTX 4080 Laptop GPU,5616,12282,6388,45.73,50,58,78.61
2025-08-14T02:47:29.864255,0,NVIDIA GeForce RTX 4080 Laptop GPU,5616,12282,6388,45.73,65,62,81.89
2025-08-14T02:47:39.895744,0,NVIDIA GeForce RTX 4080 Laptop GPU,5612,12282,6392,45.69,60,65,74.39
2025-08-14T02:47:49.921500,0,NVIDIA GeForce RTX 4080 Laptop GPU,5616,12282,6388,45.73,65,59,81.54
2025-08-14T02:47:59.952027,0,NVIDIA GeForce RTX 4080 Laptop GPU,5616,12282,6388,45.73,66,64,78.17
2025-08-14T02:48:09.979499,0,NVIDIA GeForce RTX 4080 Laptop GPU,5616,12282,6388,45.73,66,61,75.92
2025-08-14T02:48:20.005299,0,NVIDIA GeForce RTX 4080 Laptop GPU,5616,12282,6388,45.73,59,59,78.44
2025-08-14T02:48:30.030338,0,NVIDIA GeForce RTX 4080 Laptop GPU,5616,12282,6388,45.73,68,62,80.75
2025-08-14T02:48:40.060304,0,NVIDIA GeForce RTX 4080 Laptop GPU,5616,12282,6388,45.73,27,57,70.07
2025-08-14T02:48:50.094740,0,NVIDIA GeForce RTX 4080 Laptop GPU,5616,12282,6388,45.73,57,65,73.4
2025-08-14T02:49:00.120244,0,NVIDIA GeForce RTX 4080 Laptop GPU,5616,12282,6388,45.73,67,63,77.11
2025-08-14T02:49:10.143497,0,NVIDIA GeForce RTX 4080 Laptop GPU,5616,12282,6388,45.73,53,60,80.86
2025-08-14T02:49:20.172655,0,NVIDIA GeForce RTX 4080 Laptop GPU,5616,12282,6388,45.73,58,59,75.29
2025-08-14T02:49:30.198477,0,NVIDIA GeForce RTX 4080 Laptop GPU,5616,12282,6388,45.73,59,58,78.33
2025-08-14T02:49:40.238432,0,NVIDIA GeForce RTX 4080 Laptop GPU,5616,12282,6388,45.73,61,66,74.77
2025-08-14T02:49:50.273924,0,NVIDIA GeForce RTX 4080 Laptop GPU,5616,12282,6388,45.73,53,62,73.01
2025-08-14T02:50:00.302340,0,NVIDIA GeForce RTX 4080 Laptop GPU,5616,12282,6388,45.73,61,60,66.97
2025-08-14T02:50:10.333023,0,NVIDIA GeForce RTX 4080 Laptop GPU,5616,12282,6388,45.73,57,61,80.64
2025-08-14T02:50:20.363101,0,NVIDIA GeForce RTX 4080 Laptop GPU,5614,12282,6390,45.71,62,65,77.85
2025-08-14T02:50:30.389177,0,NVIDIA GeForce RTX 4080 Laptop GPU,5614,12282,6390,45.71,68,59,73.26
2025-08-14T02:50:40.418597,0,NVIDIA GeForce RTX 4080 Laptop GPU,5614,12282,6390,45.71,66,59,76.32
2025-08-14T02:50:50.446815,0,NVIDIA GeForce RTX 4080 Laptop GPU,5614,12282,6390,45.71,63,64,75.33
2025-08-14T02:51:00.474038,0,NVIDIA GeForce RTX 4080 Laptop GPU,5614,12282,6390,45.71,64,59,79.03
2025-08-14T02:51:10.505081,0,NVIDIA GeForce RTX 4080 Laptop GPU,5614,12282,6390,45.71,58,59,78.38
2025-08-14T02:51:20.530942,0,NVIDIA GeForce RTX 4080 Laptop GPU,5614,12282,6390,45.71,59,59,74.74
2025-08-14T02:51:30.561032,0,NVIDIA GeForce RTX 4080 Laptop GPU,5614,12282,6390,45.71,64,64,75.76
2025-08-14T02:51:40.599336,0,NVIDIA GeForce RTX 4080 Laptop GPU,5614,12282,6390,45.71,55,58,70.75
2025-08-14T02:51:50.629800,0,NVIDIA GeForce RTX 4080 Laptop GPU,5614,12282,6390,45.71,61,62,75.67
2025-08-14T02:52:00.658390,0,NVIDIA GeForce RTX 4080 Laptop GPU,5614,12282,6390,45.71,60,62,78.26
2025-08-14T02:52:10.688316,0,NVIDIA GeForce RTX 4080 Laptop GPU,5614,12282,6390,45.71,72,65,79.5
2025-08-14T02:52:20.714829,0,NVIDIA GeForce RTX 4080 Laptop GPU,5614,12282,6390,45.71,59,62,77.14
2025-08-14T02:52:30.745077,0,NVIDIA GeForce RTX 4080 Laptop GPU,5614,12282,6390,45.71,55,60,76.32
2025-08-14T02:52:40.799513,0,NVIDIA GeForce RTX 4080 Laptop GPU,5614,12282,6390,45.71,63,58,71.82
2025-08-14T02:52:50.827571,0,NVIDIA GeForce RTX 4080 Laptop GPU,5614,12282,6390,45.71,59,64,74.66
2025-08-14T02:53:00.858176,0,NVIDIA GeForce RTX 4080 Laptop GPU,5614,12282,6390,45.71,68,59,76.44
2025-08-14T02:53:10.885109,0,NVIDIA GeForce RTX 4080 Laptop GPU,5614,12282,6390,45.71,59,59,75.56
2025-08-14T02:53:20.913937,0,NVIDIA GeForce RTX 4080 Laptop GPU,5614,12282,6390,45.71,64,59,78.45
2025-08-14T02:53:30.939531,0,NVIDIA GeForce RTX 4080 Laptop GPU,5614,12282,6390,45.71,61,58,77.39
2025-08-14T02:53:40.970752,0,NVIDIA GeForce RTX 4080 Laptop GPU,5612,12282,6392,45.69,58,66,78.45
2025-08-14T02:53:50.996256,0,NVIDIA GeForce RTX 4080 Laptop GPU,5614,12282,6390,45.71,63,59,79.4
2025-08-14T02:54:01.023825,0,NVIDIA GeForce RTX 4080 Laptop GPU,5614,12282,6390,45.71,61,59,77.81
2025-08-14T02:54:11.046704,0,NVIDIA GeForce RTX 4080 Laptop GPU,5614,12282,6390,45.71,64,59,77.38
2025-08-14T02:54:21.074766,0,NVIDIA GeForce RTX 4080 Laptop GPU,5614,12282,6390,45.71,68,64,75.5
2025-08-14T02:54:31.103911,0,NVIDIA GeForce RTX 4080 Laptop GPU,5614,12282,6390,45.71,58,59,75.03
2025-08-14T02:54:41.138599,0,NVIDIA GeForce RTX 4080 Laptop GPU,5614,12282,6390,45.71,61,59,80.67
2025-08-14T02:54:51.177884,0,NVIDIA GeForce RTX 4080 Laptop GPU,5614,12282,6390,45.71,61,65,72.29
2025-08-14T02:55:01.207929,0,NVIDIA GeForce RTX 4080 Laptop GPU,5614,12282,6390,45.71,56,64,74.55
2025-08-14T02:55:11.238141,0,NVIDIA GeForce RTX 4080 Laptop GPU,5614,12282,6390,45.71,67,65,75.34
2025-08-14T02:55:21.264485,0,NVIDIA GeForce RTX 4080 Laptop GPU,5614,12282,6390,45.71,60,59,78.3
2025-08-14T02:55:31.294634,0,NVIDIA GeForce RTX 4080 Laptop GPU,5614,12282,6390,45.71,52,58,79.06
2025-08-14T02:55:41.348536,0,NVIDIA GeForce RTX 4080 Laptop GPU,5614,12282,6390,45.71,61,63,79.74
2025-08-14T02:55:51.381479,0,NVIDIA GeForce RTX 4080 Laptop GPU,5614,12282,6390,45.71,56,66,75.5
2025-08-14T02:56:01.407644,0,NVIDIA GeForce RTX 4080 Laptop GPU,5614,12282,6390,45.71,62,59,76.54
2025-08-14T02:56:11.433927,0,NVIDIA GeForce RTX 4080 Laptop GPU,5614,12282,6390,45.71,58,61,78.78
2025-08-14T02:56:21.464061,0,NVIDIA GeForce RTX 4080 Laptop GPU,5614,12282,6390,45.71,0,60,54.29
2025-08-14T02:56:31.523150,0,NVIDIA GeForce RTX 4080 Laptop GPU,5614,12282,6390,45.71,53,65,73.48
2025-08-14T02:56:41.552836,0,NVIDIA GeForce RTX 4080 Laptop GPU,5614,12282,6390,45.71,65,58,77.41
2025-08-14T02:56:51.583683,0,NVIDIA GeForce RTX 4080 Laptop GPU,5614,12282,6390,45.71,59,67,79.58
2025-08-14T02:57:01.609796,0,NVIDIA GeForce RTX 4080 Laptop GPU,5614,12282,6390,45.71,62,59,75.81
2025-08-14T02:57:11.639632,0,NVIDIA GeForce RTX 4080 Laptop GPU,5614,12282,6390,45.71,59,65,78.46
2025-08-14T02:57:21.665532,0,NVIDIA GeForce RTX 4080 Laptop GPU,5614,12282,6390,45.71,57,58,79.22
2025-08-14T02:57:31.692900,0,NVIDIA GeForce RTX 4080 Laptop GPU,5614,12282,6390,45.71,54,59,77.51
2025-08-14T02:57:41.721854,0,NVIDIA GeForce RTX 4080 Laptop GPU,5614,12282,6390,45.71,57,58,73.99
2025-08-14T02:57:51.739756,0,NVIDIA GeForce RTX 4080 Laptop GPU,5614,12282,6390,45.71,63,59,75.76
2025-08-14T02:58:01.766692,0,NVIDIA GeForce RTX 4080 Laptop GPU,5614,12282,6390,45.71,57,61,80.39
2025-08-14T02:58:11.795880,0,NVIDIA GeForce RTX 4080 Laptop GPU,5614,12282,6390,45.71,62,58,70.87
2025-08-14T02:58:21.821410,0,NVIDIA GeForce RTX 4080 Laptop GPU,5614,12282,6390,45.71,55,59,79.38
2025-08-14T02:58:31.862564,0,NVIDIA GeForce RTX 4080 Laptop GPU,5614,12282,6390,45.71,62,58,76.32
2025-08-14T02:58:41.888335,0,NVIDIA GeForce RTX 4080 Laptop GPU,5614,12282,6390,45.71,68,59,80.12
2025-08-14T02:58:51.923774,0,NVIDIA GeForce RTX 4080 Laptop GPU,5614,12282,6390,45.71,54,67,74.5
2025-08-14T02:59:01.950451,0,NVIDIA GeForce RTX 4080 Laptop GPU,5614,12282,6390,45.71,57,60,74.28
2025-08-14T02:59:11.978358,0,NVIDIA GeForce RTX 4080 Laptop GPU,5614,12282,6390,45.71,66,62,73.63
2025-08-14T02:59:22.004412,0,NVIDIA GeForce RTX 4080 Laptop GPU,5614,12282,6390,45.71,52,63,78.19
2025-08-14T02:59:32.062326,0,NVIDIA GeForce RTX 4080 Laptop GPU,5614,12282,6390,45.71,54,62,77.12
2025-08-14T02:59:42.095041,0,NVIDIA GeForce RTX 4080 Laptop GPU,5614,12282,6390,45.71,59,64,74.95
2025-08-14T02:59:52.111085,0,NVIDIA GeForce RTX 4080 Laptop GPU,5614,12282,6390,45.71,71,59,80.0
2025-08-14T03:00:02.138643,0,NVIDIA GeForce RTX 4080 Laptop GPU,5614,12282,6390,45.71,61,59,75.27
2025-08-14T03:00:12.168247,0,NVIDIA GeForce RTX 4080 Laptop GPU,5614,12282,6390,45.71,57,60,80.61
2025-08-14T03:00:22.198122,0,NVIDIA GeForce RTX 4080 Laptop GPU,5614,12282,6390,45.71,71,59,81.05
2025-08-14T03:00:32.241757,0,NVIDIA GeForce RTX 4080 Laptop GPU,5614,12282,6390,45.71,71,60,80.23
2025-08-14T03:00:42.267392,0,NVIDIA GeForce RTX 4080 Laptop GPU,5614,12282,6390,45.71,66,60,79.41
2025-08-14T03:00:52.293898,0,NVIDIA GeForce RTX 4080 Laptop GPU,5614,12282,6390,45.71,69,58,82.17
2025-08-14T03:01:02.322770,0,NVIDIA GeForce RTX 4080 Laptop GPU,5614,12282,6390,45.71,55,59,81.64
2025-08-14T03:01:12.353422,0,NVIDIA GeForce RTX 4080 Laptop GPU,5614,12282,6390,45.71,67,65,80.98
2025-08-14T03:01:22.380676,0,NVIDIA GeForce RTX 4080 Laptop GPU,5614,12282,6390,45.71,51,62,80.25
2025-08-14T03:01:32.406575,0,NVIDIA GeForce RTX 4080 Laptop GPU,5614,12282,6390,45.71,60,59,76.7
2025-08-14T03:01:42.431277,0,NVIDIA GeForce RTX 4080 Laptop GPU,5614,12282,6390,45.71,61,58,79.06
2025-08-14T03:01:52.461828,0,NVIDIA GeForce RTX 4080 Laptop GPU,5614,12282,6390,45.71,61,59,78.05
2025-08-14T03:02:02.489222,0,NVIDIA GeForce RTX 4080 Laptop GPU,5614,12282,6390,45.71,68,58,75.35
2025-08-14T03:02:12.515803,0,NVIDIA GeForce RTX 4080 Laptop GPU,5644,12282,6360,45.95,58,59,77.72
2025-08-14T03:02:22.540234,0,NVIDIA GeForce RTX 4080 Laptop GPU,5634,12282,6370,45.87,68,60,81.84
2025-08-14T03:02:32.566327,0,NVIDIA GeForce RTX 4080 Laptop GPU,5634,12282,6370,45.87,60,59,75.68
2025-08-14T03:02:42.600566,0,NVIDIA GeForce RTX 4080 Laptop GPU,5634,12282,6370,45.87,60,58,72.89
2025-08-14T03:02:52.631906,0,NVIDIA GeForce RTX 4080 Laptop GPU,5634,12282,6370,45.87,56,67,77.32
2025-08-14T03:03:02.663822,0,NVIDIA GeForce RTX 4080 Laptop GPU,5634,12282,6370,45.87,55,64,75.61
2025-08-14T03:03:12.690292,0,NVIDIA GeForce RTX 4080 Laptop GPU,5634,12282,6370,45.87,66,62,74.53
2025-08-14T03:03:22.714880,0,NVIDIA GeForce RTX 4080 Laptop GPU,5634,12282,6370,45.87,54,63,79.64
2025-08-14T03:03:32.737410,0,NVIDIA GeForce RTX 4080 Laptop GPU,5634,12282,6370,45.87,62,68,79.12
2025-08-14T03:03:42.794204,0,NVIDIA GeForce RTX 4080 Laptop GPU,5634,12282,6370,45.87,68,61,81.27
2025-08-14T03:03:52.822939,0,NVIDIA GeForce RTX 4080 Laptop GPU,5634,12282,6370,45.87,59,62,71.42
2025-08-14T03:04:02.855096,0,NVIDIA GeForce RTX 4080 Laptop GPU,5634,12282,6370,45.87,70,61,76.77
2025-08-14T03:04:12.884169,0,NVIDIA GeForce RTX 4080 Laptop GPU,5634,12282,6370,45.87,62,64,71.28
2025-08-14T03:04:22.911526,0,NVIDIA GeForce RTX 4080 Laptop GPU,5634,12282,6370,45.87,58,58,78.82
2025-08-14T03:04:32.942533,0,NVIDIA GeForce RTX 4080 Laptop GPU,5634,12282,6370,45.87,60,58,77.26
2025-08-14T03:04:42.965831,0,NVIDIA GeForce RTX 4080 Laptop GPU,5634,12282,6370,45.87,65,62,78.47
2025-08-14T03:04:52.991382,0,NVIDIA GeForce RTX 4080 Laptop GPU,5634,12282,6370,45.87,69,59,75.35
2025-08-14T03:05:03.020330,0,NVIDIA GeForce RTX 4080 Laptop GPU,5634,12282,6370,45.87,58,60,73.9
2025-08-14T03:05:13.054339,0,NVIDIA GeForce RTX 4080 Laptop GPU,5634,12282,6370,45.87,70,63,68.86
2025-08-14T03:05:23.076689,0,NVIDIA GeForce RTX 4080 Laptop GPU,5634,12282,6370,45.87,62,64,73.59
2025-08-14T03:05:33.104017,0,NVIDIA GeForce RTX 4080 Laptop GPU,5634,12282,6370,45.87,59,67,76.53
2025-08-14T03:05:43.135375,0,NVIDIA GeForce RTX 4080 Laptop GPU,5634,12282,6370,45.87,57,65,77.18
2025-08-14T03:05:53.162218,0,NVIDIA GeForce RTX 4080 Laptop GPU,5634,12282,6370,45.87,70,60,78.92
2025-08-14T03:06:03.188962,0,NVIDIA GeForce RTX 4080 Laptop GPU,5634,12282,6370,45.87,57,65,79.54
2025-08-14T03:06:13.221737,0,NVIDIA GeForce RTX 4080 Laptop GPU,5634,12282,6370,45.87,58,65,65.89
2025-08-14T03:06:23.249332,0,NVIDIA GeForce RTX 4080 Laptop GPU,5634,12282,6370,45.87,57,60,82.47
2025-08-14T03:06:33.277621,0,NVIDIA GeForce RTX 4080 Laptop GPU,5634,12282,6370,45.87,34,63,41.56
2025-08-14T03:06:43.311089,0,NVIDIA GeForce RTX 4080 Laptop GPU,5634,12282,6370,45.87,57,66,68.63
2025-08-14T03:06:53.341834,0,NVIDIA GeForce RTX 4080 Laptop GPU,5634,12282,6370,45.87,55,58,78.03
2025-08-14T03:07:03.367438,0,NVIDIA GeForce RTX 4080 Laptop GPU,5634,12282,6370,45.87,63,63,81.28
2025-08-14T03:07:13.387436,0,NVIDIA GeForce RTX 4080 Laptop GPU,5634,12282,6370,45.87,61,59,75.59
2025-08-14T03:07:23.414069,0,NVIDIA GeForce RTX 4080 Laptop GPU,5634,12282,6370,45.87,53,59,78.01
2025-08-14T03:07:33.435630,0,NVIDIA GeForce RTX 4080 Laptop GPU,5634,12282,6370,45.87,53,59,72.08
2025-08-14T03:07:43.508266,0,NVIDIA GeForce RTX 4080 Laptop GPU,5634,12282,6370,45.87,55,58,76.04
2025-08-14T03:07:53.534419,0,NVIDIA GeForce RTX 4080 Laptop GPU,5634,12282,6370,45.87,51,61,72.03
2025-08-14T03:08:03.561773,0,NVIDIA GeForce RTX 4080 Laptop GPU,5634,12282,6370,45.87,58,60,73.48
2025-08-14T03:08:13.594946,0,NVIDIA GeForce RTX 4080 Laptop GPU,5634,12282,6370,45.87,69,58,75.64
2025-08-14T03:08:23.627242,0,NVIDIA GeForce RTX 4080 Laptop GPU,5634,12282,6370,45.87,64,67,70.32
2025-08-14T03:08:33.663059,0,NVIDIA GeForce RTX 4080 Laptop GPU,5634,12282,6370,45.87,59,58,74.91
2025-08-14T03:08:43.688167,0,NVIDIA GeForce RTX 4080 Laptop GPU,5634,12282,6370,45.87,63,59,76.49
2025-08-14T03:08:53.714671,0,NVIDIA GeForce RTX 4080 Laptop GPU,5634,12282,6370,45.87,63,60,76.46
2025-08-14T03:09:03.741637,0,NVIDIA GeForce RTX 4080 Laptop GPU,5634,12282,6370,45.87,64,59,75.43
2025-08-14T03:09:13.768140,0,NVIDIA GeForce RTX 4080 Laptop GPU,5634,12282,6370,45.87,54,59,81.15
2025-08-14T03:09:23.794152,0,NVIDIA GeForce RTX 4080 Laptop GPU,5634,12282,6370,45.87,54,59,77.61
2025-08-14T03:09:33.823807,0,NVIDIA GeForce RTX 4080 Laptop GPU,5634,12282,6370,45.87,59,58,77.47
2025-08-14T03:09:43.852717,0,NVIDIA GeForce RTX 4080 Laptop GPU,5634,12282,6370,45.87,57,59,79.12
2025-08-14T03:09:53.877977,0,NVIDIA GeForce RTX 4080 Laptop GPU,5634,12282,6370,45.87,63,59,77.9
2025-08-14T03:10:03.903326,0,NVIDIA GeForce RTX 4080 Laptop GPU,5634,12282,6370,45.87,72,58,73.56
2025-08-14T03:10:13.930289,0,NVIDIA GeForce RTX 4080 Laptop GPU,5634,12282,6370,45.87,65,65,80.94
2025-08-14T03:10:23.955898,0,NVIDIA GeForce RTX 4080 Laptop GPU,5634,12282,6370,45.87,68,66,79.95
2025-08-14T03:10:33.981708,0,NVIDIA GeForce RTX 4080 Laptop GPU,5634,12282,6370,45.87,59,59,75.29
2025-08-14T03:10:44.019634,0,NVIDIA GeForce RTX 4080 Laptop GPU,5634,12282,6370,45.87,64,66,74.41
2025-08-14T03:10:54.056025,0,NVIDIA GeForce RTX 4080 Laptop GPU,5634,12282,6370,45.87,59,61,73.72
2025-08-14T03:11:04.079580,0,NVIDIA GeForce RTX 4080 Laptop GPU,5634,12282,6370,45.87,57,68,78.63
2025-08-14T03:11:14.109081,0,NVIDIA GeForce RTX 4080 Laptop GPU,5634,12282,6370,45.87,65,66,72.45
2025-08-14T03:11:24.138333,0,NVIDIA GeForce RTX 4080 Laptop GPU,5634,12282,6370,45.87,72,66,80.98
2025-08-14T03:11:34.166224,0,NVIDIA GeForce RTX 4080 Laptop GPU,5634,12282,6370,45.87,54,59,78.46
2025-08-14T03:11:44.220001,0,NVIDIA GeForce RTX 4080 Laptop GPU,5634,12282,6370,45.87,61,58,74.53
2025-08-14T03:11:54.251290,0,NVIDIA GeForce RTX 4080 Laptop GPU,5634,12282,6370,45.87,58,67,72.91
2025-08-14T03:12:04.280446,0,NVIDIA GeForce RTX 4080 Laptop GPU,5634,12282,6370,45.87,63,65,75.86
2025-08-14T03:12:14.309709,0,NVIDIA GeForce RTX 4080 Laptop GPU,5634,12282,6370,45.87,63,58,74.81
2025-08-14T03:12:24.335986,0,NVIDIA GeForce RTX 4080 Laptop GPU,5634,12282,6370,45.87,60,60,82.01
2025-08-14T03:12:34.363207,0,NVIDIA GeForce RTX 4080 Laptop GPU,5634,12282,6370,45.87,69,59,78.2
2025-08-14T03:12:44.407968,0,NVIDIA GeForce RTX 4080 Laptop GPU,5634,12282,6370,45.87,66,61,77.76
2025-08-14T03:12:54.438966,0,NVIDIA GeForce RTX 4080 Laptop GPU,5634,12282,6370,45.87,55,65,76.34
2025-08-14T03:13:04.460298,0,NVIDIA GeForce RTX 4080 Laptop GPU,5634,12282,6370,45.87,65,59,76.22
2025-08-14T03:13:14.489322,0,NVIDIA GeForce RTX 4080 Laptop GPU,5634,12282,6370,45.87,71,65,74.37
2025-08-14T03:13:24.521113,0,NVIDIA GeForce RTX 4080 Laptop GPU,5634,12282,6370,45.87,64,65,69.53
2025-08-14T03:13:34.581345,0,NVIDIA GeForce RTX 4080 Laptop GPU,5634,12282,6370,45.87,60,65,75.43
2025-08-14T03:13:44.608721,0,NVIDIA GeForce RTX 4080 Laptop GPU,5634,12282,6370,45.87,62,60,75.7
2025-08-14T03:13:54.636527,0,NVIDIA GeForce RTX 4080 Laptop GPU,5634,12282,6370,45.87,68,59,75.03
2025-08-14T03:14:04.671885,0,NVIDIA GeForce RTX 4080 Laptop GPU,5634,12282,6370,45.87,65,64,73.67
2025-08-14T03:14:14.701770,0,NVIDIA GeForce RTX 4080 Laptop GPU,5634,12282,6370,45.87,68,66,75.71
2025-08-14T03:14:24.735733,0,NVIDIA GeForce RTX 4080 Laptop GPU,5634,12282,6370,45.87,55,58,74.08
2025-08-14T03:14:34.762472,0,NVIDIA GeForce RTX 4080 Laptop GPU,5634,12282,6370,45.87,62,67,77.99
2025-08-14T03:14:44.790259,0,NVIDIA GeForce RTX 4080 Laptop GPU,5634,12282,6370,45.87,59,65,73.56
2025-08-14T03:14:54.823381,0,NVIDIA GeForce RTX 4080 Laptop GPU,5634,12282,6370,45.87,62,58,69.49
2025-08-14T03:15:04.852267,0,NVIDIA GeForce RTX 4080 Laptop GPU,5634,12282,6370,45.87,62,61,76.57
2025-08-14T03:15:14.882077,0,NVIDIA GeForce RTX 4080 Laptop GPU,5634,12282,6370,45.87,53,59,78.23
2025-08-14T03:15:24.925786,0,NVIDIA GeForce RTX 4080 Laptop GPU,5634,12282,6370,45.87,58,58,72.2
2025-08-14T03:15:34.946802,0,NVIDIA GeForce RTX 4080 Laptop GPU,5634,12282,6370,45.87,63,68,75.96
2025-08-14T03:15:44.975691,0,NVIDIA GeForce RTX 4080 Laptop GPU,5634,12282,6370,45.87,59,58,76.02
2025-08-14T03:15:55.004684,0,NVIDIA GeForce RTX 4080 Laptop GPU,5634,12282,6370,45.87,60,59,73.74
2025-08-14T03:16:05.030205,0,NVIDIA GeForce RTX 4080 Laptop GPU,5634,12282,6370,45.87,64,65,76.89
2025-08-14T03:16:15.055907,0,NVIDIA GeForce RTX 4080 Laptop GPU,5634,12282,6370,45.87,60,60,79.58
2025-08-14T03:16:25.077355,0,NVIDIA GeForce RTX 4080 Laptop GPU,5634,12282,6370,45.87,59,59,79.64
2025-08-14T03:16:35.112169,0,NVIDIA GeForce RTX 4080 Laptop GPU,5634,12282,6370,45.87,65,66,67.6
2025-08-14T03:16:45.138866,0,NVIDIA GeForce RTX 4080 Laptop GPU,5634,12282,6370,45.87,62,63,76.33
2025-08-14T03:16:55.167292,0,NVIDIA GeForce RTX 4080 Laptop GPU,5634,12282,6370,45.87,69,58,83.4
2025-08-14T03:17:05.194285,0,NVIDIA GeForce RTX 4080 Laptop GPU,5634,12282,6370,45.87,58,60,79.79
2025-08-14T03:17:15.224157,0,NVIDIA GeForce RTX 4080 Laptop GPU,5634,12282,6370,45.87,64,62,73.34
2025-08-14T03:17:25.252250,0,NVIDIA GeForce RTX 4080 Laptop GPU,5634,12282,6370,45.87,66,66,75.81
2025-08-14T03:17:35.282772,0,NVIDIA GeForce RTX 4080 Laptop GPU,5634,12282,6370,45.87,68,65,77.83
2025-08-14T03:17:45.310096,0,NVIDIA GeForce RTX 4080 Laptop GPU,5634,12282,6370,45.87,63,63,72.35
2025-08-14T03:17:55.335354,0,NVIDIA GeForce RTX 4080 Laptop GPU,5634,12282,6370,45.87,70,59,77.9
2025-08-14T03:18:05.362481,0,NVIDIA GeForce RTX 4080 Laptop GPU,5634,12282,6370,45.87,67,58,77.57
2025-08-14T03:18:15.389286,0,NVIDIA GeForce RTX 4080 Laptop GPU,5634,12282,6370,45.87,59,62,79.87
2025-08-14T03:18:25.418071,0,NVIDIA GeForce RTX 4080 Laptop GPU,5634,12282,6370,45.87,59,59,74.38
2025-08-14T03:18:35.444477,0,NVIDIA GeForce RTX 4080 Laptop GPU,5634,12282,6370,45.87,67,64,76.92
2025-08-14T03:18:45.469823,0,NVIDIA GeForce RTX 4080 Laptop GPU,5634,12282,6370,45.87,57,59,77.66
2025-08-14T03:18:55.498303,0,NVIDIA GeForce RTX 4080 Laptop GPU,5634,12282,6370,45.87,67,61,80.51
2025-08-14T03:19:05.526485,0,NVIDIA GeForce RTX 4080 Laptop GPU,5634,12282,6370,45.87,62,64,79.58
2025-08-14T03:19:15.552866,0,NVIDIA GeForce RTX 4080 Laptop GPU,5634,12282,6370,45.87,63,67,73.98
2025-08-14T03:19:25.580755,0,NVIDIA GeForce RTX 4080 Laptop GPU,5634,12282,6370,45.87,68,64,74.3
2025-08-14T03:19:35.608259,0,NVIDIA GeForce RTX 4080 Laptop GPU,5634,12282,6370,45.87,54,59,76.47
2025-08-14T03:19:45.668834,0,NVIDIA GeForce RTX 4080 Laptop GPU,5634,12282,6370,45.87,51,62,76.25
2025-08-14T03:19:55.695120,0,NVIDIA GeForce RTX 4080 Laptop GPU,5634,12282,6370,45.87,36,58,56.17
2025-08-14T03:20:05.722025,0,NVIDIA GeForce RTX 4080 Laptop GPU,5634,12282,6370,45.87,62,63,73.31
2025-08-14T03:20:15.748886,0,NVIDIA GeForce RTX 4080 Laptop GPU,5634,12282,6370,45.87,69,63,70.92
2025-08-14T03:20:25.774341,0,NVIDIA GeForce RTX 4080 Laptop GPU,5634,12282,6370,45.87,67,62,79.65
2025-08-14T03:20:35.800007,0,NVIDIA GeForce RTX 4080 Laptop GPU,5634,12282,6370,45.87,33,57,50.57
2025-08-14T03:20:45.828152,0,NVIDIA GeForce RTX 4080 Laptop GPU,5634,12282,6370,45.87,57,64,73.79
2025-08-14T03:20:55.854060,0,NVIDIA GeForce RTX 4080 Laptop GPU,5634,12282,6370,45.87,66,59,78.28
2025-08-14T03:21:05.881401,0,NVIDIA GeForce RTX 4080 Laptop GPU,5634,12282,6370,45.87,65,60,72.0
2025-08-14T03:21:15.908127,0,NVIDIA GeForce RTX 4080 Laptop GPU,5634,12282,6370,45.87,58,68,82.73
2025-08-14T03:21:25.934148,0,NVIDIA GeForce RTX 4080 Laptop GPU,5634,12282,6370,45.87,58,59,78.51
2025-08-14T03:21:35.952703,0,NVIDIA GeForce RTX 4080 Laptop GPU,5634,12282,6370,45.87,62,60,74.69
2025-08-14T03:21:45.983094,0,NVIDIA GeForce RTX 4080 Laptop GPU,5634,12282,6370,45.87,67,61,78.93
2025-08-14T03:21:56.009043,0,NVIDIA GeForce RTX 4080 Laptop GPU,5634,12282,6370,45.87,61,58,74.6
2025-08-14T03:22:06.034487,0,NVIDIA GeForce RTX 4080 Laptop GPU,5634,12282,6370,45.87,58,58,73.61
2025-08-14T03:22:16.062182,0,NVIDIA GeForce RTX 4080 Laptop GPU,5634,12282,6370,45.87,68,58,76.33
2025-08-14T03:22:26.089385,0,NVIDIA GeForce RTX 4080 Laptop GPU,5634,12282,6370,45.87,60,65,76.39
2025-08-14T03:22:36.119161,0,NVIDIA GeForce RTX 4080 Laptop GPU,5634,12282,6370,45.87,67,64,75.74
2025-08-14T03:22:46.145075,0,NVIDIA GeForce RTX 4080 Laptop GPU,5634,12282,6370,45.87,62,61,76.15
2025-08-14T03:22:56.176710,0,NVIDIA GeForce RTX 4080 Laptop GPU,5634,12282,6370,45.87,57,61,76.83
2025-08-14T03:23:06.220818,0,NVIDIA GeForce RTX 4080 Laptop GPU,5634,12282,6370,45.87,70,60,74.92
2025-08-14T03:23:16.251129,0,NVIDIA GeForce RTX 4080 Laptop GPU,5634,12282,6370,45.87,61,67,69.69
2025-08-14T03:23:26.279185,0,NVIDIA GeForce RTX 4080 Laptop GPU,5634,12282,6370,45.87,59,59,75.1
2025-08-14T03:23:36.309245,0,NVIDIA GeForce RTX 4080 Laptop GPU,5634,12282,6370,45.87,60,61,75.63
2025-08-14T03:23:46.335949,0,NVIDIA GeForce RTX 4080 Laptop GPU,5634,12282,6370,45.87,62,68,82.17
2025-08-14T03:23:56.365445,0,NVIDIA GeForce RTX 4080 Laptop GPU,5634,12282,6370,45.87,61,66,68.66
2025-08-14T03:24:06.394110,0,NVIDIA GeForce RTX 4080 Laptop GPU,5634,12282,6370,45.87,59,64,73.98
2025-08-14T03:24:16.417483,0,NVIDIA GeForce RTX 4080 Laptop GPU,5634,12282,6370,45.87,57,67,80.79
2025-08-14T03:24:26.442438,0,NVIDIA GeForce RTX 4080 Laptop GPU,5634,12282,6370,45.87,52,59,81.2
2025-08-14T03:24:36.470044,0,NVIDIA GeForce RTX 4080 Laptop GPU,5634,12282,6370,45.87,54,59,78.5
2025-08-14T03:24:46.499155,0,NVIDIA GeForce RTX 4080 Laptop GPU,5634,12282,6370,45.87,65,65,79.5
2025-08-14T03:24:56.537663,0,NVIDIA GeForce RTX 4080 Laptop GPU,5634,12282,6370,45.87,58,59,81.78
2025-08-14T03:25:06.567585,0,NVIDIA GeForce RTX 4080 Laptop GPU,5634,12282,6370,45.87,67,59,80.69
2025-08-14T03:25:16.594068,0,NVIDIA GeForce RTX 4080 Laptop GPU,5634,12282,6370,45.87,69,59,73.74
2025-08-14T03:25:26.615163,0,NVIDIA GeForce RTX 4080 Laptop GPU,5634,12282,6370,45.87,53,60,78.11
2025-08-14T03:25:36.644572,0,NVIDIA GeForce RTX 4080 Laptop GPU,5634,12282,6370,45.87,58,59,73.32
2025-08-14T03:25:46.663437,0,NVIDIA GeForce RTX 4080 Laptop GPU,5634,12282,6370,45.87,59,59,75.05
2025-08-14T03:25:56.688463,0,NVIDIA GeForce RTX 4080 Laptop GPU,5634,12282,6370,45.87,67,61,72.41
2025-08-14T03:26:06.713299,0,NVIDIA GeForce RTX 4080 Laptop GPU,5634,12282,6370,45.87,56,59,71.88
2025-08-14T03:26:16.738104,0,NVIDIA GeForce RTX 4080 Laptop GPU,5636,12282,6368,45.89,61,59,76.21
2025-08-14T03:26:26.762602,0,NVIDIA GeForce RTX 4080 Laptop GPU,5636,12282,6368,45.89,64,59,79.4
2025-08-14T03:26:36.788599,0,NVIDIA GeForce RTX 4080 Laptop GPU,5636,12282,6368,45.89,68,59,73.63
2025-08-14T03:26:46.815616,0,NVIDIA GeForce RTX 4080 Laptop GPU,5636,12282,6368,45.89,53,59,78.62
2025-08-14T03:26:56.849332,0,NVIDIA GeForce RTX 4080 Laptop GPU,5636,12282,6368,45.89,67,66,77.64
2025-08-14T03:27:06.876408,0,NVIDIA GeForce RTX 4080 Laptop GPU,5636,12282,6368,45.89,56,59,73.44
2025-08-14T03:27:16.901132,0,NVIDIA GeForce RTX 4080 Laptop GPU,5636,12282,6368,45.89,59,58,75.03
2025-08-14T03:27:26.925814,0,NVIDIA GeForce RTX 4080 Laptop GPU,5636,12282,6368,45.89,67,59,81.43
2025-08-14T03:27:36.952294,0,NVIDIA GeForce RTX 4080 Laptop GPU,5636,12282,6368,45.89,59,63,74.21
2025-08-14T03:27:46.978240,0,NVIDIA GeForce RTX 4080 Laptop GPU,5636,12282,6368,45.89,57,62,76.26
2025-08-14T03:27:57.005472,0,NVIDIA GeForce RTX 4080 Laptop GPU,5636,12282,6368,45.89,58,59,74.96
2025-08-14T03:28:07.031398,0,NVIDIA GeForce RTX 4080 Laptop GPU,5636,12282,6368,45.89,56,59,76.21
2025-08-14T03:28:17.070041,0,NVIDIA GeForce RTX 4080 Laptop GPU,5636,12282,6368,45.89,57,59,72.53
2025-08-14T03:28:27.095500,0,NVIDIA GeForce RTX 4080 Laptop GPU,5636,12282,6368,45.89,61,59,72.47
2025-08-14T03:28:37.123842,0,NVIDIA GeForce RTX 4080 Laptop GPU,5636,12282,6368,45.89,58,63,74.74
2025-08-14T03:28:47.150872,0,NVIDIA GeForce RTX 4080 Laptop GPU,5636,12282,6368,45.89,68,59,76.93
2025-08-14T03:28:57.174665,0,NVIDIA GeForce RTX 4080 Laptop GPU,5636,12282,6368,45.89,62,60,77.1
2025-08-14T03:29:07.202346,0,NVIDIA GeForce RTX 4080 Laptop GPU,5636,12282,6368,45.89,63,63,77.16
2025-08-14T03:29:17.228922,0,NVIDIA GeForce RTX 4080 Laptop GPU,5636,12282,6368,45.89,62,59,79.76
2025-08-14T03:29:27.246370,0,NVIDIA GeForce RTX 4080 Laptop GPU,5636,12282,6368,45.89,60,65,71.26
2025-08-14T03:29:37.270905,0,NVIDIA GeForce RTX 4080 Laptop GPU,5636,12282,6368,45.89,60,58,71.98
2025-08-14T03:29:47.293742,0,NVIDIA GeForce RTX 4080 Laptop GPU,5636,12282,6368,45.89,58,65,77.4
2025-08-14T03:29:57.322540,0,NVIDIA GeForce RTX 4080 Laptop GPU,5636,12282,6368,45.89,70,58,71.45
2025-08-14T03:30:07.347722,0,NVIDIA GeForce RTX 4080 Laptop GPU,5636,12282,6368,45.89,64,64,76.26
2025-08-14T03:30:17.380005,0,NVIDIA GeForce RTX 4080 Laptop GPU,5636,12282,6368,45.89,70,68,75.17
2025-08-14T03:30:27.407317,0,NVIDIA GeForce RTX 4080 Laptop GPU,5636,12282,6368,45.89,68,60,72.66
2025-08-14T03:30:37.435617,0,NVIDIA GeForce RTX 4080 Laptop GPU,5636,12282,6368,45.89,56,59,78.36
2025-08-14T03:30:47.458102,0,NVIDIA GeForce RTX 4080 Laptop GPU,5636,12282,6368,45.89,52,65,73.4
2025-08-14T03:30:57.484072,0,NVIDIA GeForce RTX 4080 Laptop GPU,5636,12282,6368,45.89,57,68,74.97
2025-08-14T03:31:07.519091,0,NVIDIA GeForce RTX 4080 Laptop GPU,5636,12282,6368,45.89,61,65,71.2
2025-08-14T03:31:17.545656,0,NVIDIA GeForce RTX 4080 Laptop GPU,5636,12282,6368,45.89,60,57,70.79
2025-08-14T03:31:27.572825,0,NVIDIA GeForce RTX 4080 Laptop GPU,5636,12282,6368,45.89,68,62,74.18
2025-08-14T03:31:37.608536,0,NVIDIA GeForce RTX 4080 Laptop GPU,5636,12282,6368,45.89,68,62,79.64
2025-08-14T03:31:47.636651,0,NVIDIA GeForce RTX 4080 Laptop GPU,5636,12282,6368,45.89,67,59,78.25
2025-08-14T03:31:57.667149,0,NVIDIA GeForce RTX 4080 Laptop GPU,5636,12282,6368,45.89,61,59,72.03
2025-08-14T03:32:07.693254,0,NVIDIA GeForce RTX 4080 Laptop GPU,5636,12282,6368,45.89,56,60,75.09
2025-08-14T03:32:17.721716,0,NVIDIA GeForce RTX 4080 Laptop GPU,5636,12282,6368,45.89,55,58,78.17
2025-08-14T03:32:27.751153,0,NVIDIA GeForce RTX 4080 Laptop GPU,5634,12282,6370,45.87,63,59,74.25
2025-08-14T03:32:37.783325,0,NVIDIA GeForce RTX 4080 Laptop GPU,5634,12282,6370,45.87,57,58,75.92
2025-08-14T03:32:47.812283,0,NVIDIA GeForce RTX 4080 Laptop GPU,5480,12282,6524,44.62,63,58,82.3
2025-08-14T03:32:57.840179,0,NVIDIA GeForce RTX 4080 Laptop GPU,5634,12282,6370,45.87,69,59,79.75
2025-08-14T03:33:07.866330,0,NVIDIA GeForce RTX 4080 Laptop GPU,5634,12282,6370,45.87,61,60,71.16
2025-08-14T03:33:17.892708,0,NVIDIA GeForce RTX 4080 Laptop GPU,5482,12282,6522,44.63,56,60,77.11
2025-08-14T03:33:27.918591,0,NVIDIA GeForce RTX 4080 Laptop GPU,5634,12282,6370,45.87,60,65,78.79
2025-08-14T03:33:37.968748,0,NVIDIA GeForce RTX 4080 Laptop GPU,5634,12282,6370,45.87,64,61,77.47
2025-08-14T03:33:47.997948,0,NVIDIA GeForce RTX 4080 Laptop GPU,5632,12282,6372,45.86,38,67,71.67
2025-08-14T03:33:58.024260,0,NVIDIA GeForce RTX 4080 Laptop GPU,5634,12282,6370,45.87,69,58,80.29
2025-08-14T03:34:08.048492,0,NVIDIA GeForce RTX 4080 Laptop GPU,5634,12282,6370,45.87,53,63,75.88
2025-08-14T03:34:18.073532,0,NVIDIA GeForce RTX 4080 Laptop GPU,5632,12282,6372,45.86,54,60,80.09
2025-08-14T03:34:28.103222,0,NVIDIA GeForce RTX 4080 Laptop GPU,5634,12282,6370,45.87,60,60,81.6
2025-08-14T03:34:38.140172,0,NVIDIA GeForce RTX 4080 Laptop GPU,5634,12282,6370,45.87,33,57,53.0
2025-08-14T03:34:48.169178,0,NVIDIA GeForce RTX 4080 Laptop GPU,5632,12282,6372,45.86,64,66,79.81
2025-08-14T03:34:58.199903,0,NVIDIA GeForce RTX 4080 Laptop GPU,5634,12282,6370,45.87,63,63,57.22
2025-08-14T03:35:08.224279,0,NVIDIA GeForce RTX 4080 Laptop GPU,5634,12282,6370,45.87,63,59,80.72
2025-08-14T03:35:18.251413,0,NVIDIA GeForce RTX 4080 Laptop GPU,5632,12282,6372,45.86,56,60,77.33
2025-08-14T03:35:28.279912,0,NVIDIA GeForce RTX 4080 Laptop GPU,5634,12282,6370,45.87,60,60,81.62
2025-08-14T03:35:38.305805,0,NVIDIA GeForce RTX 4080 Laptop GPU,5634,12282,6370,45.87,62,67,74.61
2025-08-14T03:35:48.339691,0,NVIDIA GeForce RTX 4080 Laptop GPU,5632,12282,6372,45.86,62,59,82.04
2025-08-14T03:35:58.364947,0,NVIDIA GeForce RTX 4080 Laptop GPU,5634,12282,6370,45.87,59,63,77.54
2025-08-14T03:36:08.390325,0,NVIDIA GeForce RTX 4080 Laptop GPU,5634,12282,6370,45.87,63,59,70.08
2025-08-14T03:36:18.417727,0,NVIDIA GeForce RTX 4080 Laptop GPU,5634,12282,6370,45.87,57,59,76.15
2025-08-14T03:36:28.443948,0,NVIDIA GeForce RTX 4080 Laptop GPU,5634,12282,6370,45.87,70,64,74.14
2025-08-14T03:36:38.469455,0,NVIDIA GeForce RTX 4080 Laptop GPU,5634,12282,6370,45.87,64,60,78.91
2025-08-14T03:36:48.502687,0,NVIDIA GeForce RTX 4080 Laptop GPU,5632,12282,6372,45.86,56,67,78.15
2025-08-14T03:36:58.530276,0,NVIDIA GeForce RTX 4080 Laptop GPU,5634,12282,6370,45.87,59,58,80.11
2025-08-14T03:37:08.558744,0,NVIDIA GeForce RTX 4080 Laptop GPU,5634,12282,6370,45.87,56,69,75.35
2025-08-14T03:37:18.586298,0,NVIDIA GeForce RTX 4080 Laptop GPU,5634,12282,6370,45.87,56,65,76.04
2025-08-14T03:37:28.619235,0,NVIDIA GeForce RTX 4080 Laptop GPU,5634,12282,6370,45.87,66,64,73.18
2025-08-14T03:37:38.649048,0,NVIDIA GeForce RTX 4080 Laptop GPU,5634,12282,6370,45.87,53,66,76.04
2025-08-14T03:37:48.696340,0,NVIDIA GeForce RTX 4080 Laptop GPU,5634,12282,6370,45.87,63,69,75.2
2025-08-14T03:37:58.730423,0,NVIDIA GeForce RTX 4080 Laptop GPU,5634,12282,6370,45.87,58,66,74.9
2025-08-14T03:38:08.756263,0,NVIDIA GeForce RTX 4080 Laptop GPU,5634,12282,6370,45.87,62,65,75.11
2025-08-14T03:38:18.782387,0,NVIDIA GeForce RTX 4080 Laptop GPU,5632,12282,6372,45.86,67,65,71.75
2025-08-14T03:38:28.812429,0,NVIDIA GeForce RTX 4080 Laptop GPU,5634,12282,6370,45.87,56,59,77.55
2025-08-14T03:38:38.841069,0,NVIDIA GeForce RTX 4080 Laptop GPU,5634,12282,6370,45.87,55,58,53.41
2025-08-14T03:38:48.868750,0,NVIDIA GeForce RTX 4080 Laptop GPU,5634,12282,6370,45.87,62,59,74.84
2025-08-14T03:38:58.898865,0,NVIDIA GeForce RTX 4080 Laptop GPU,5634,12282,6370,45.87,64,61,79.92
2025-08-14T03:39:08.927433,0,NVIDIA GeForce RTX 4080 Laptop GPU,5634,12282,6370,45.87,60,59,79.62
2025-08-14T03:39:18.954368,0,NVIDIA GeForce RTX 4080 Laptop GPU,5634,12282,6370,45.87,65,60,67.04
2025-08-14T03:39:28.981284,0,NVIDIA GeForce RTX 4080 Laptop GPU,5634,12282,6370,45.87,69,64,79.45
2025-08-14T03:39:39.008328,0,NVIDIA GeForce RTX 4080 Laptop GPU,5634,12282,6370,45.87,63,59,71.9
2025-08-14T03:39:49.038886,0,NVIDIA GeForce RTX 4080 Laptop GPU,5632,12282,6372,45.86,60,59,76.25
2025-08-14T03:39:59.066340,0,NVIDIA GeForce RTX 4080 Laptop GPU,5634,12282,6370,45.87,62,65,75.14
2025-08-14T03:40:09.099450,0,NVIDIA GeForce RTX 4080 Laptop GPU,5634,12282,6370,45.87,57,67,73.16
2025-08-14T03:40:19.128137,0,NVIDIA GeForce RTX 4080 Laptop GPU,5634,12282,6370,45.87,67,59,77.33
2025-08-14T03:40:29.153303,0,NVIDIA GeForce RTX 4080 Laptop GPU,5634,12282,6370,45.87,69,64,73.25
2025-08-14T03:40:39.181268,0,NVIDIA GeForce RTX 4080 Laptop GPU,5634,12282,6370,45.87,67,60,72.12
2025-08-14T03:40:49.241550,0,NVIDIA GeForce RTX 4080 Laptop GPU,5634,12282,6370,45.87,48,58,74.23
2025-08-14T03:40:59.267175,0,NVIDIA GeForce RTX 4080 Laptop GPU,5634,12282,6370,45.87,61,61,79.4
2025-08-14T03:41:09.296548,0,NVIDIA GeForce RTX 4080 Laptop GPU,5634,12282,6370,45.87,59,65,73.93
2025-08-14T03:41:19.317926,0,NVIDIA GeForce RTX 4080 Laptop GPU,5634,12282,6370,45.87,62,59,77.02
2025-08-14T03:41:29.353482,0,NVIDIA GeForce RTX 4080 Laptop GPU,5634,12282,6370,45.87,68,64,75.96
2025-08-14T03:41:39.385798,0,NVIDIA GeForce RTX 4080 Laptop GPU,5634,12282,6370,45.87,57,63,77.55
2025-08-14T03:41:49.411281,0,NVIDIA GeForce RTX 4080 Laptop GPU,5634,12282,6370,45.87,65,68,73.71
2025-08-14T03:41:59.439581,0,NVIDIA GeForce RTX 4080 Laptop GPU,5634,12282,6370,45.87,0,57,69.7
2025-08-14T03:42:09.465404,0,NVIDIA GeForce RTX 4080 Laptop GPU,5634,12282,6370,45.87,58,62,76.97
2025-08-14T03:42:19.491616,0,NVIDIA GeForce RTX 4080 Laptop GPU,5634,12282,6370,45.87,58,62,79.5
2025-08-14T03:42:29.521837,0,NVIDIA GeForce RTX 4080 Laptop GPU,5634,12282,6370,45.87,60,63,76.85
2025-08-14T03:42:39.552657,0,NVIDIA GeForce RTX 4080 Laptop GPU,5634,12282,6370,45.87,53,59,78.78
2025-08-14T03:42:49.600501,0,NVIDIA GeForce RTX 4080 Laptop GPU,5634,12282,6370,45.87,67,59,78.95
2025-08-14T03:42:59.629199,0,NVIDIA GeForce RTX 4080 Laptop GPU,5634,12282,6370,45.87,50,63,73.1
2025-08-14T03:43:09.648884,0,NVIDIA GeForce RTX 4080 Laptop GPU,5634,12282,6370,45.87,66,59,78.49
2025-08-14T03:43:19.670354,0,NVIDIA GeForce RTX 4080 Laptop GPU,5634,12282,6370,45.87,65,67,79.33
2025-08-14T03:43:29.698266,0,NVIDIA GeForce RTX 4080 Laptop GPU,5634,12282,6370,45.87,62,62,74.94
2025-08-14T03:43:39.725066,0,NVIDIA GeForce RTX 4080 Laptop GPU,5634,12282,6370,45.87,69,65,79.48
2025-08-14T03:43:49.780719,0,NVIDIA GeForce RTX 4080 Laptop GPU,5634,12282,6370,45.87,50,59,77.35
2025-08-14T03:43:59.808173,0,NVIDIA GeForce RTX 4080 Laptop GPU,5634,12282,6370,45.87,64,60,74.26
2025-08-14T03:44:09.834287,0,NVIDIA GeForce RTX 4080 Laptop GPU,5634,12282,6370,45.87,59,62,79.55
2025-08-14T03:44:19.867363,0,NVIDIA GeForce RTX 4080 Laptop GPU,5634,12282,6370,45.87,58,64,74.05
2025-08-14T03:44:29.894598,0,NVIDIA GeForce RTX 4080 Laptop GPU,5634,12282,6370,45.87,68,63,72.28
2025-08-14T03:44:39.920282,0,NVIDIA GeForce RTX 4080 Laptop GPU,5480,12282,6524,44.62,56,58,75.81
2025-08-14T03:44:49.959685,0,NVIDIA GeForce RTX 4080 Laptop GPU,5634,12282,6370,45.87,64,59,80.21
2025-08-14T03:44:59.979163,0,NVIDIA GeForce RTX 4080 Laptop GPU,5634,12282,6370,45.87,67,60,79.54
2025-08-14T03:45:10.007578,0,NVIDIA GeForce RTX 4080 Laptop GPU,5634,12282,6370,45.87,58,66,72.81
2025-08-14T03:45:20.035138,0,NVIDIA GeForce RTX 4080 Laptop GPU,5634,12282,6370,45.87,63,59,76.15
2025-08-14T03:45:30.062414,0,NVIDIA GeForce RTX 4080 Laptop GPU,5634,12282,6370,45.87,68,64,72.29
2025-08-14T03:45:40.089036,0,NVIDIA GeForce RTX 4080 Laptop GPU,5632,12282,6372,45.86,61,63,74.42
2025-08-14T03:45:50.139721,0,NVIDIA GeForce RTX 4080 Laptop GPU,5632,12282,6372,45.86,67,60,82.49
2025-08-14T03:46:00.166235,0,NVIDIA GeForce RTX 4080 Laptop GPU,5634,12282,6370,45.87,59,60,80.1
2025-08-14T03:46:10.193445,0,NVIDIA GeForce RTX 4080 Laptop GPU,5634,12282,6370,45.87,64,58,70.78
2025-08-14T03:46:20.220364,0,NVIDIA GeForce RTX 4080 Laptop GPU,5634,12282,6370,45.87,61,63,76.85
2025-08-14T03:46:30.245860,0,NVIDIA GeForce RTX 4080 Laptop GPU,5634,12282,6370,45.87,58,60,78.58
2025-08-14T03:46:40.264550,0,NVIDIA GeForce RTX 4080 Laptop GPU,5634,12282,6370,45.87,69,63,70.84
2025-08-14T03:46:50.318892,0,NVIDIA GeForce RTX 4080 Laptop GPU,5634,12282,6370,45.87,65,60,78.4
2025-08-14T03:47:00.347808,0,NVIDIA GeForce RTX 4080 Laptop GPU,5634,12282,6370,45.87,64,58,78.48
2025-08-14T03:47:10.374245,0,NVIDIA GeForce RTX 4080 Laptop GPU,5634,12282,6370,45.87,58,65,78.63
2025-08-14T03:47:20.406164,0,NVIDIA GeForce RTX 4080 Laptop GPU,5634,12282,6370,45.87,70,63,77.5
2025-08-14T03:47:30.425636,0,NVIDIA GeForce RTX 4080 Laptop GPU,5634,12282,6370,45.87,60,59,70.56
2025-08-14T03:47:40.450041,0,NVIDIA GeForce RTX 4080 Laptop GPU,5632,12282,6372,45.86,65,60,69.87
2025-08-14T03:47:50.498313,0,NVIDIA GeForce RTX 4080 Laptop GPU,5634,12282,6370,45.87,55,61,76.3
2025-08-14T03:48:00.529272,0,NVIDIA GeForce RTX 4080 Laptop GPU,5634,12282,6370,45.87,52,61,75.6
2025-08-14T03:48:10.555429,0,NVIDIA GeForce RTX 4080 Laptop GPU,5634,12282,6370,45.87,71,58,78.16
2025-08-14T03:48:20.582379,0,NVIDIA GeForce RTX 4080 Laptop GPU,5634,12282,6370,45.87,60,62,75.19
2025-08-14T03:48:30.602331,0,NVIDIA GeForce RTX 4080 Laptop GPU,5634,12282,6370,45.87,59,61,75.81
2025-08-14T03:48:40.628441,0,NVIDIA GeForce RTX 4080 Laptop GPU,5634,12282,6370,45.87,59,58,71.69
2025-08-14T03:48:50.680619,0,NVIDIA GeForce RTX 4080 Laptop GPU,5634,12282,6370,45.87,57,59,76.84
2025-08-14T03:49:00.712133,0,NVIDIA GeForce RTX 4080 Laptop GPU,5634,12282,6370,45.87,59,63,74.71
2025-08-14T03:49:10.740357,0,NVIDIA GeForce RTX 4080 Laptop GPU,5634,12282,6370,45.87,56,65,78.6
2025-08-14T03:49:20.766406,0,NVIDIA GeForce RTX 4080 Laptop GPU,5634,12282,6370,45.87,62,61,76.1
2025-08-14T03:49:30.792466,0,NVIDIA GeForce RTX 4080 Laptop GPU,5634,12282,6370,45.87,70,61,74.77
2025-08-14T03:49:40.818560,0,NVIDIA GeForce RTX 4080 Laptop GPU,5634,12282,6370,45.87,57,59,79.74
2025-08-14T03:49:50.860769,0,NVIDIA GeForce RTX 4080 Laptop GPU,5634,12282,6370,45.87,66,60,75.13
2025-08-14T03:50:00.886225,0,NVIDIA GeForce RTX 4080 Laptop GPU,5634,12282,6370,45.87,56,65,75.96
2025-08-14T03:50:10.911734,0,NVIDIA GeForce RTX 4080 Laptop GPU,5634,12282,6370,45.87,61,59,71.71
2025-08-14T03:50:20.937208,0,NVIDIA GeForce RTX 4080 Laptop GPU,5632,12282,6372,45.86,57,60,76.8
2025-08-14T03:50:30.970301,0,NVIDIA GeForce RTX 4080 Laptop GPU,5634,12282,6370,45.87,70,64,73.29
2025-08-14T03:50:40.999086,0,NVIDIA GeForce RTX 4080 Laptop GPU,5632,12282,6372,45.86,60,60,75.96
2025-08-14T03:50:51.027487,0,NVIDIA GeForce RTX 4080 Laptop GPU,5634,12282,6370,45.87,68,64,75.53
2025-08-14T03:51:01.059180,0,NVIDIA GeForce RTX 4080 Laptop GPU,5634,12282,6370,45.87,58,60,75.91
2025-08-14T03:51:11.089609,0,NVIDIA GeForce RTX 4080 Laptop GPU,5634,12282,6370,45.87,61,63,77.79
2025-08-14T03:51:21.115146,0,NVIDIA GeForce RTX 4080 Laptop GPU,5634,12282,6370,45.87,58,61,79.75
2025-08-14T03:51:31.140463,0,NVIDIA GeForce RTX 4080 Laptop GPU,5634,12282,6370,45.87,33,57,41.67
2025-08-14T03:51:41.165571,0,NVIDIA GeForce RTX 4080 Laptop GPU,5634,12282,6370,45.87,51,58,70.86
2025-08-14T03:51:51.222485,0,NVIDIA GeForce RTX 4080 Laptop GPU,5634,12282,6370,45.87,67,59,74.71
2025-08-14T03:52:01.244813,0,NVIDIA GeForce RTX 4080 Laptop GPU,5634,12282,6370,45.87,68,60,74.72
2025-08-14T03:52:11.269483,0,NVIDIA GeForce RTX 4080 Laptop GPU,5634,12282,6370,45.87,61,59,73.31
2025-08-14T03:52:21.286431,0,NVIDIA GeForce RTX 4080 Laptop GPU,5634,12282,6370,45.87,47,61,77.16
2025-08-14T03:52:31.313440,0,NVIDIA GeForce RTX 4080 Laptop GPU,5634,12282,6370,45.87,55,62,82.11
2025-08-14T03:52:41.337899,0,NVIDIA GeForce RTX 4080 Laptop GPU,5634,12282,6370,45.87,49,59,76.88
2025-08-14T03:52:51.400405,0,NVIDIA GeForce RTX 4080 Laptop GPU,5634,12282,6370,45.87,60,65,74.49
2025-08-14T03:53:01.418707,0,NVIDIA GeForce RTX 4080 Laptop GPU,5634,12282,6370,45.87,64,59,79.88
2025-08-14T03:53:11.443949,0,NVIDIA GeForce RTX 4080 Laptop GPU,5634,12282,6370,45.87,62,60,79.62
2025-08-14T03:53:21.473671,0,NVIDIA GeForce RTX 4080 Laptop GPU,5634,12282,6370,45.87,65,67,73.55
2025-08-14T03:53:31.506207,0,NVIDIA GeForce RTX 4080 Laptop GPU,5634,12282,6370,45.87,67,64,73.11
2025-08-14T03:53:41.532523,0,NVIDIA GeForce RTX 4080 Laptop GPU,5632,12282,6372,45.86,72,60,69.39
2025-08-14T03:53:51.582327,0,NVIDIA GeForce RTX 4080 Laptop GPU,5634,12282,6370,45.87,60,62,75.12
2025-08-14T03:54:01.608420,0,NVIDIA GeForce RTX 4080 Laptop GPU,5634,12282,6370,45.87,63,58,75.95
2025-08-14T03:54:11.634738,0,NVIDIA GeForce RTX 4080 Laptop GPU,5634,12282,6370,45.87,67,59,81.2
2025-08-14T03:54:21.661232,0,NVIDIA GeForce RTX 4080 Laptop GPU,5634,12282,6370,45.87,57,62,73.46
2025-08-14T03:54:31.691880,0,NVIDIA GeForce RTX 4080 Laptop GPU,5634,12282,6370,45.87,68,64,75.51
2025-08-14T03:54:41.718396,0,NVIDIA GeForce RTX 4080 Laptop GPU,5634,12282,6370,45.87,58,58,76.5
2025-08-14T03:54:51.761966,0,NVIDIA GeForce RTX 4080 Laptop GPU,5634,12282,6370,45.87,58,65,75.61
2025-08-14T03:55:01.777657,0,NVIDIA GeForce RTX 4080 Laptop GPU,5634,12282,6370,45.87,56,61,76.43
2025-08-14T03:55:11.803077,0,NVIDIA GeForce RTX 4080 Laptop GPU,5634,12282,6370,45.87,69,59,84.83
2025-08-14T03:55:21.833680,0,NVIDIA GeForce RTX 4080 Laptop GPU,5634,12282,6370,45.87,68,66,79.24
2025-08-14T03:55:31.860680,0,NVIDIA GeForce RTX 4080 Laptop GPU,5634,12282,6370,45.87,57,59,73.4
2025-08-14T03:55:41.886893,0,NVIDIA GeForce RTX 4080 Laptop GPU,5634,12282,6370,45.87,61,61,74.22
2025-08-14T03:55:51.942395,0,NVIDIA GeForce RTX 4080 Laptop GPU,5634,12282,6370,45.87,64,69,75.59
2025-08-14T03:56:01.967528,0,NVIDIA GeForce RTX 4080 Laptop GPU,5634,12282,6370,45.87,68,60,83.39
2025-08-14T03:56:11.996292,0,NVIDIA GeForce RTX 4080 Laptop GPU,5634,12282,6370,45.87,55,65,77.62
2025-08-14T03:56:22.015662,0,NVIDIA GeForce RTX 4080 Laptop GPU,5634,12282,6370,45.87,57,61,77.63
2025-08-14T03:56:32.031275,0,NVIDIA GeForce RTX 4080 Laptop GPU,5634,12282,6370,45.87,56,60,57.3
2025-08-14T03:56:42.058744,0,NVIDIA GeForce RTX 4080 Laptop GPU,5634,12282,6370,45.87,65,61,74.32
2025-08-14T03:56:52.087101,0,NVIDIA GeForce RTX 4080 Laptop GPU,5634,12282,6370,45.87,55,59,77.74
2025-08-14T03:57:02.128977,0,NVIDIA GeForce RTX 4080 Laptop GPU,5634,12282,6370,45.87,57,60,78.27
2025-08-14T03:57:12.155768,0,NVIDIA GeForce RTX 4080 Laptop GPU,5636,12282,6368,45.89,66,58,78.11
2025-08-14T03:57:22.184071,0,NVIDIA GeForce RTX 4080 Laptop GPU,5636,12282,6368,45.89,54,62,82.14
2025-08-14T03:57:32.210324,0,NVIDIA GeForce RTX 4080 Laptop GPU,5636,12282,6368,45.89,69,61,74.4
2025-08-14T03:57:42.242917,0,NVIDIA GeForce RTX 4080 Laptop GPU,5636,12282,6368,45.89,60,66,73.15
2025-08-14T03:57:52.270922,0,NVIDIA GeForce RTX 4080 Laptop GPU,5636,12282,6368,45.89,58,59,76.4
2025-08-14T03:58:02.315294,0,NVIDIA GeForce RTX 4080 Laptop GPU,5636,12282,6368,45.89,58,66,77.07
2025-08-14T03:58:12.347763,0,NVIDIA GeForce RTX 4080 Laptop GPU,5636,12282,6368,45.89,59,66,74.6
2025-08-14T03:58:22.378717,0,NVIDIA GeForce RTX 4080 Laptop GPU,5636,12282,6368,45.89,58,67,75.38
2025-08-14T03:58:32.405149,0,NVIDIA GeForce RTX 4080 Laptop GPU,5636,12282,6368,45.89,62,62,77.78
2025-08-14T03:58:42.432335,0,NVIDIA GeForce RTX 4080 Laptop GPU,5636,12282,6368,45.89,59,59,72.71
2025-08-14T03:58:52.483415,0,NVIDIA GeForce RTX 4080 Laptop GPU,5636,12282,6368,45.89,59,67,73.53
2025-08-14T03:59:02.509166,0,NVIDIA GeForce RTX 4080 Laptop GPU,5636,12282,6368,45.89,58,61,72.15
2025-08-14T03:59:12.539281,0,NVIDIA GeForce RTX 4080 Laptop GPU,5636,12282,6368,45.89,59,66,75.67
2025-08-14T03:59:22.568944,0,NVIDIA GeForce RTX 4080 Laptop GPU,5636,12282,6368,45.89,54,61,81.13
2025-08-14T03:59:32.600191,0,NVIDIA GeForce RTX 4080 Laptop GPU,5636,12282,6368,45.89,59,65,77.29
2025-08-14T03:59:42.627431,0,NVIDIA GeForce RTX 4080 Laptop GPU,5636,12282,6368,45.89,55,65,76.91
2025-08-14T03:59:52.667844,0,NVIDIA GeForce RTX 4080 Laptop GPU,5636,12282,6368,45.89,56,64,76.83
2025-08-14T04:00:02.690788,0,NVIDIA GeForce RTX 4080 Laptop GPU,5636,12282,6368,45.89,70,59,76.58
2025-08-14T04:00:12.718277,0,NVIDIA GeForce RTX 4080 Laptop GPU,5636,12282,6368,45.89,60,61,78.71
2025-08-14T04:00:22.743354,0,NVIDIA GeForce RTX 4080 Laptop GPU,5634,12282,6370,45.87,55,59,79.1
2025-08-14T04:00:32.771600,0,NVIDIA GeForce RTX 4080 Laptop GPU,5634,12282,6370,45.87,64,64,77.44
2025-08-14T04:00:42.799009,0,NVIDIA GeForce RTX 4080 Laptop GPU,5634,12282,6370,45.87,54,61,79.6
2025-08-14T04:00:52.844653,0,NVIDIA GeForce RTX 4080 Laptop GPU,5634,12282,6370,45.87,58,65,76.48
2025-08-14T04:01:02.873080,0,NVIDIA GeForce RTX 4080 Laptop GPU,5634,12282,6370,45.87,56,62,81.68
2025-08-14T04:01:12.905175,0,NVIDIA GeForce RTX 4080 Laptop GPU,5634,12282,6370,45.87,59,65,70.59
2025-08-14T04:01:22.923415,0,NVIDIA GeForce RTX 4080 Laptop GPU,5634,12282,6370,45.87,58,59,78.45
2025-08-14T04:01:32.949051,0,NVIDIA GeForce RTX 4080 Laptop GPU,5634,12282,6370,45.87,54,59,80.91
2025-08-14T04:01:42.970160,0,NVIDIA GeForce RTX 4080 Laptop GPU,5634,12282,6370,45.87,61,60,81.43
2025-08-14T04:01:53.005294,0,NVIDIA GeForce RTX 4080 Laptop GPU,5634,12282,6370,45.87,55,62,77.02
2025-08-14T04:02:03.023265,0,NVIDIA GeForce RTX 4080 Laptop GPU,5634,12282,6370,45.87,56,59,76.09
2025-08-14T04:02:13.049761,0,NVIDIA GeForce RTX 4080 Laptop GPU,5634,12282,6370,45.87,66,59,74.92
2025-08-14T04:02:23.076598,0,NVIDIA GeForce RTX 4080 Laptop GPU,5634,12282,6370,45.87,59,62,72.59
2025-08-14T04:02:33.107106,0,NVIDIA GeForce RTX 4080 Laptop GPU,5634,12282,6370,45.87,71,64,74.13
2025-08-14T04:02:43.134291,0,NVIDIA GeForce RTX 4080 Laptop GPU,5634,12282,6370,45.87,56,59,79.69
2025-08-14T04:02:53.165639,0,NVIDIA GeForce RTX 4080 Laptop GPU,5634,12282,6370,45.87,63,68,80.41
2025-08-14T04:03:03.190679,0,NVIDIA GeForce RTX 4080 Laptop GPU,5634,12282,6370,45.87,64,66,79.08
2025-08-14T04:03:13.217320,0,NVIDIA GeForce RTX 4080 Laptop GPU,5634,12282,6370,45.87,60,59,80.38
2025-08-14T04:03:23.247700,0,NVIDIA GeForce RTX 4080 Laptop GPU,5634,12282,6370,45.87,59,62,73.29
2025-08-14T04:03:33.274867,0,NVIDIA GeForce RTX 4080 Laptop GPU,5634,12282,6370,45.87,61,59,77.95
2025-08-14T04:03:43.300707,0,NVIDIA GeForce RTX 4080 Laptop GPU,5634,12282,6370,45.87,72,64,79.44
2025-08-14T04:03:53.327385,0,NVIDIA GeForce RTX 4080 Laptop GPU,5634,12282,6370,45.87,54,59,77.52
2025-08-14T04:04:03.362454,0,NVIDIA GeForce RTX 4080 Laptop GPU,5634,12282,6370,45.87,62,59,79.1
2025-08-14T04:04:13.399607,0,NVIDIA GeForce RTX 4080 Laptop GPU,5634,12282,6370,45.87,70,60,72.5
2025-08-14T04:04:23.425030,0,NVIDIA GeForce RTX 4080 Laptop GPU,5634,12282,6370,45.87,65,63,76.32
2025-08-14T04:04:33.452910,0,NVIDIA GeForce RTX 4080 Laptop GPU,5634,12282,6370,45.87,58,59,73.77
2025-08-14T04:04:43.479240,0,NVIDIA GeForce RTX 4080 Laptop GPU,5634,12282,6370,45.87,54,59,77.94
2025-08-14T04:04:53.509680,0,NVIDIA GeForce RTX 4080 Laptop GPU,5634,12282,6370,45.87,63,59,76.09
2025-08-14T04:05:03.542758,0,NVIDIA GeForce RTX 4080 Laptop GPU,5634,12282,6370,45.87,56,60,80.52
2025-08-14T04:05:13.578786,0,NVIDIA GeForce RTX 4080 Laptop GPU,5634,12282,6370,45.87,71,59,74.28
2025-08-14T04:05:23.603288,0,NVIDIA GeForce RTX 4080 Laptop GPU,5634,12282,6370,45.87,67,60,73.98
2025-08-14T04:05:33.628155,0,NVIDIA GeForce RTX 4080 Laptop GPU,5634,12282,6370,45.87,33,57,53.04
2025-08-14T04:05:43.654949,0,NVIDIA GeForce RTX 4080 Laptop GPU,5634,12282,6370,45.87,63,64,78.56
2025-08-14T04:05:53.682042,0,NVIDIA GeForce RTX 4080 Laptop GPU,5634,12282,6370,45.87,54,64,70.22
2025-08-14T04:06:03.701387,0,NVIDIA GeForce RTX 4080 Laptop GPU,5634,12282,6370,45.87,56,60,73.9
2025-08-14T04:06:13.726546,0,NVIDIA GeForce RTX 4080 Laptop GPU,5634,12282,6370,45.87,55,59,79.2
2025-08-14T04:06:23.767566,0,NVIDIA GeForce RTX 4080 Laptop GPU,5634,12282,6370,45.87,58,64,78.53
2025-08-14T04:06:33.794802,0,NVIDIA GeForce RTX 4080 Laptop GPU,5634,12282,6370,45.87,62,59,76.99
2025-08-14T04:06:43.820972,0,NVIDIA GeForce RTX 4080 Laptop GPU,5634,12282,6370,45.87,55,60,77.16
2025-08-14T04:06:53.841472,0,NVIDIA GeForce RTX 4080 Laptop GPU,5634,12282,6370,45.87,52,59,79.21
2025-08-14T04:07:03.872570,0,NVIDIA GeForce RTX 4080 Laptop GPU,5634,12282,6370,45.87,66,65,79.52
2025-08-14T04:07:13.940056,0,NVIDIA GeForce RTX 4080 Laptop GPU,5634,12282,6370,45.87,69,59,78.28
2025-08-14T04:07:23.972403,0,NVIDIA GeForce RTX 4080 Laptop GPU,5634,12282,6370,45.87,63,64,75.96
2025-08-14T04:07:34.005634,0,NVIDIA GeForce RTX 4080 Laptop GPU,5634,12282,6370,45.87,70,65,79.61
2025-08-14T04:07:44.032179,0,NVIDIA GeForce RTX 4080 Laptop GPU,5634,12282,6370,45.87,71,64,78.31
2025-08-14T04:07:54.058010,0,NVIDIA GeForce RTX 4080 Laptop GPU,5634,12282,6370,45.87,66,62,77.28
2025-08-14T04:08:04.113934,0,NVIDIA GeForce RTX 4080 Laptop GPU,5634,12282,6370,45.87,64,64,82.03
2025-08-14T04:08:14.140274,0,NVIDIA GeForce RTX 4080 Laptop GPU,5634,12282,6370,45.87,57,60,71.22
2025-08-14T04:08:24.165838,0,NVIDIA GeForce RTX 4080 Laptop GPU,5634,12282,6370,45.87,66,65,60.53
2025-08-14T04:08:34.191381,0,NVIDIA GeForce RTX 4080 Laptop GPU,5634,12282,6370,45.87,63,59,76.46
2025-08-14T04:08:44.217917,0,NVIDIA GeForce RTX 4080 Laptop GPU,5634,12282,6370,45.87,68,62,73.47
2025-08-14T04:08:54.244185,0,NVIDIA GeForce RTX 4080 Laptop GPU,5634,12282,6370,45.87,59,59,75.45
2025-08-14T04:09:04.292213,0,NVIDIA GeForce RTX 4080 Laptop GPU,5634,12282,6370,45.87,52,62,72.55
2025-08-14T04:09:14.323273,0,NVIDIA GeForce RTX 4080 Laptop GPU,5634,12282,6370,45.87,55,63,76.7
2025-08-14T04:09:24.350168,0,NVIDIA GeForce RTX 4080 Laptop GPU,5634,12282,6370,45.87,70,63,75.5
2025-08-14T04:09:34.377112,0,NVIDIA GeForce RTX 4080 Laptop GPU,5634,12282,6370,45.87,56,59,78.64
2025-08-14T04:09:44.402508,0,NVIDIA GeForce RTX 4080 Laptop GPU,5634,12282,6370,45.87,53,59,74.77
2025-08-14T04:09:54.430969,0,NVIDIA GeForce RTX 4080 Laptop GPU,5634,12282,6370,45.87,66,63,79.14
2025-08-14T04:10:04.457190,0,NVIDIA GeForce RTX 4080 Laptop GPU,5634,12282,6370,45.87,67,62,75.32
2025-08-14T04:10:14.483155,0,NVIDIA GeForce RTX 4080 Laptop GPU,5634,12282,6370,45.87,57,63,77.98
2025-08-14T04:10:24.508514,0,NVIDIA GeForce RTX 4080 Laptop GPU,5634,12282,6370,45.87,58,58,77.09
2025-08-14T04:10:34.537401,0,NVIDIA GeForce RTX 4080 Laptop GPU,5634,12282,6370,45.87,59,65,75.05
2025-08-14T04:10:44.564491,0,NVIDIA GeForce RTX 4080 Laptop GPU,5634,12282,6370,45.87,58,59,77.31
2025-08-14T04:10:54.594947,0,NVIDIA GeForce RTX 4080 Laptop GPU,5634,12282,6370,45.87,68,62,82.17
2025-08-14T04:11:04.658705,0,NVIDIA GeForce RTX 4080 Laptop GPU,5634,12282,6370,45.87,69,61,83.29
2025-08-14T04:11:14.684950,0,NVIDIA GeForce RTX 4080 Laptop GPU,5634,12282,6370,45.87,53,61,70.47
2025-08-14T04:11:24.709376,0,NVIDIA GeForce RTX 4080 Laptop GPU,5634,12282,6370,45.87,62,59,76.72
2025-08-14T04:11:34.734802,0,NVIDIA GeForce RTX 4080 Laptop GPU,5634,12282,6370,45.87,59,59,74.96
2025-08-14T04:11:44.760228,0,NVIDIA GeForce RTX 4080 Laptop GPU,5634,12282,6370,45.87,60,58,71.39
2025-08-14T04:11:54.787289,0,NVIDIA GeForce RTX 4080 Laptop GPU,5634,12282,6370,45.87,56,59,76.58
2025-08-14T04:12:04.813905,0,NVIDIA GeForce RTX 4080 Laptop GPU,5634,12282,6370,45.87,61,59,79.54
2025-08-14T04:12:14.841349,0,NVIDIA GeForce RTX 4080 Laptop GPU,5634,12282,6370,45.87,57,64,76.41
2025-08-14T04:12:24.870542,0,NVIDIA GeForce RTX 4080 Laptop GPU,5634,12282,6370,45.87,66,62,77.11
2025-08-14T04:12:34.898439,0,NVIDIA GeForce RTX 4080 Laptop GPU,5634,12282,6370,45.87,57,62,81.52
2025-08-14T04:12:44.926731,0,NVIDIA GeForce RTX 4080 Laptop GPU,5634,12282,6370,45.87,56,59,77.43
2025-08-14T04:12:54.956501,0,NVIDIA GeForce RTX 4080 Laptop GPU,5634,12282,6370,45.87,57,60,74.32
2025-08-14T04:13:04.984169,0,NVIDIA GeForce RTX 4080 Laptop GPU,5634,12282,6370,45.87,57,59,79.0
2025-08-14T04:13:15.019561,0,NVIDIA GeForce RTX 4080 Laptop GPU,5634,12282,6370,45.87,51,59,76.8
2025-08-14T04:13:25.040913,0,NVIDIA GeForce RTX 4080 Laptop GPU,5634,12282,6370,45.87,57,66,80.45
2025-08-14T04:13:35.071863,0,NVIDIA GeForce RTX 4080 Laptop GPU,5634,12282,6370,45.87,63,65,72.58
2025-08-14T04:13:45.097197,0,NVIDIA GeForce RTX 4080 Laptop GPU,5634,12282,6370,45.87,56,59,75.92
2025-08-14T04:13:55.123406,0,NVIDIA GeForce RTX 4080 Laptop GPU,5634,12282,6370,45.87,62,61,72.99
2025-08-14T04:14:05.164722,0,NVIDIA GeForce RTX 4080 Laptop GPU,5634,12282,6370,45.87,65,67,75.39
2025-08-14T04:14:15.200211,0,NVIDIA GeForce RTX 4080 Laptop GPU,5634,12282,6370,45.87,56,66,73.96
2025-08-14T04:14:25.223980,0,NVIDIA GeForce RTX 4080 Laptop GPU,5634,12282,6370,45.87,51,61,75.21
2025-08-14T04:14:35.252964,0,NVIDIA GeForce RTX 4080 Laptop GPU,5634,12282,6370,45.87,70,63,75.78
2025-08-14T04:14:45.278134,0,NVIDIA GeForce RTX 4080 Laptop GPU,5634,12282,6370,45.87,59,59,75.06
2025-08-14T04:14:55.303741,0,NVIDIA GeForce RTX 4080 Laptop GPU,5634,12282,6370,45.87,61,58,75.09
2025-08-14T04:15:05.345465,0,NVIDIA GeForce RTX 4080 Laptop GPU,5634,12282,6370,45.87,59,58,73.74
2025-08-14T04:15:15.379432,0,NVIDIA GeForce RTX 4080 Laptop GPU,5634,12282,6370,45.87,67,62,84.47
2025-08-14T04:15:25.405316,0,NVIDIA GeForce RTX 4080 Laptop GPU,5634,12282,6370,45.87,57,61,75.16
2025-08-14T04:15:35.430449,0,NVIDIA GeForce RTX 4080 Laptop GPU,5634,12282,6370,45.87,59,59,79.06
2025-08-14T04:15:45.455874,0,NVIDIA GeForce RTX 4080 Laptop GPU,5634,12282,6370,45.87,60,59,77.64
2025-08-14T04:15:55.481930,0,NVIDIA GeForce RTX 4080 Laptop GPU,5634,12282,6370,45.87,69,66,72.95
2025-08-14T04:16:05.509767,0,NVIDIA GeForce RTX 4080 Laptop GPU,5634,12282,6370,45.87,54,59,82.65
2025-08-14T04:16:15.531147,0,NVIDIA GeForce RTX 4080 Laptop GPU,5634,12282,6370,45.87,64,66,70.64
2025-08-14T04:16:25.562407,0,NVIDIA GeForce RTX 4080 Laptop GPU,5634,12282,6370,45.87,58,66,73.64
2025-08-14T04:16:35.594309,0,NVIDIA GeForce RTX 4080 Laptop GPU,5634,12282,6370,45.87,61,67,75.23
2025-08-14T04:16:45.619417,0,NVIDIA GeForce RTX 4080 Laptop GPU,5634,12282,6370,45.87,65,59,74.72
2025-08-14T04:16:55.645528,0,NVIDIA GeForce RTX 4080 Laptop GPU,5634,12282,6370,45.87,55,59,76.52
2025-08-14T04:17:05.672452,0,NVIDIA GeForce RTX 4080 Laptop GPU,5634,12282,6370,45.87,68,62,72.71
2025-08-14T04:17:15.701341,0,NVIDIA GeForce RTX 4080 Laptop GPU,5634,12282,6370,45.87,60,62,75.47
2025-08-14T04:17:25.745884,0,NVIDIA GeForce RTX 4080 Laptop GPU,5634,12282,6370,45.87,66,61,75.45
2025-08-14T04:17:35.777327,0,NVIDIA GeForce RTX 4080 Laptop GPU,5634,12282,6370,45.87,57,68,76.92
2025-08-14T04:17:45.804065,0,NVIDIA GeForce RTX 4080 Laptop GPU,5634,12282,6370,45.87,60,59,74.83
2025-08-14T04:17:55.834020,0,NVIDIA GeForce RTX 4080 Laptop GPU,5634,12282,6370,45.87,65,65,76.96
2025-08-14T04:18:05.866929,0,NVIDIA GeForce RTX 4080 Laptop GPU,5634,12282,6370,45.87,57,68,77.87
2025-08-14T04:18:15.920975,0,NVIDIA GeForce RTX 4080 Laptop GPU,5634,12282,6370,45.87,71,59,82.46
2025-08-14T04:18:25.943311,0,NVIDIA GeForce RTX 4080 Laptop GPU,5634,12282,6370,45.87,62,61,75.43
2025-08-14T04:18:35.974784,0,NVIDIA GeForce RTX 4080 Laptop GPU,5634,12282,6370,45.87,54,65,78.5
2025-08-14T04:18:45.999905,0,NVIDIA GeForce RTX 4080 Laptop GPU,5634,12282,6370,45.87,65,59,71.95
2025-08-14T04:18:56.026004,0,NVIDIA GeForce RTX 4080 Laptop GPU,5634,12282,6370,45.87,60,61,76.09
2025-08-14T04:19:06.094327,0,NVIDIA GeForce RTX 4080 Laptop GPU,5634,12282,6370,45.87,68,60,80.35
2025-08-14T04:19:16.122684,0,NVIDIA GeForce RTX 4080 Laptop GPU,5634,12282,6370,45.87,57,62,79.98
2025-08-14T04:19:26.150548,0,NVIDIA GeForce RTX 4080 Laptop GPU,5634,12282,6370,45.87,58,60,73.12
2025-08-14T04:19:36.177452,0,NVIDIA GeForce RTX 4080 Laptop GPU,5634,12282,6370,45.87,31,57,46.35
2025-08-14T04:19:46.203893,0,NVIDIA GeForce RTX 4080 Laptop GPU,5634,12282,6370,45.87,61,63,75.81
2025-08-14T04:19:56.230125,0,NVIDIA GeForce RTX 4080 Laptop GPU,5634,12282,6370,45.87,62,58,76.83
2025-08-14T04:20:06.273612,0,NVIDIA GeForce RTX 4080 Laptop GPU,5634,12282,6370,45.87,56,67,79.18
2025-08-14T04:20:16.300932,0,NVIDIA GeForce RTX 4080 Laptop GPU,5634,12282,6370,45.87,59,63,70.32
2025-08-14T04:20:26.326494,0,NVIDIA GeForce RTX 4080 Laptop GPU,5634,12282,6370,45.87,47,57,69.71
2025-08-14T04:20:36.354023,0,NVIDIA GeForce RTX 4080 Laptop GPU,5634,12282,6370,45.87,57,61,78.75
2025-08-14T04:20:46.383431,0,NVIDIA GeForce RTX 4080 Laptop GPU,5634,12282,6370,45.87,61,61,72.01
2025-08-14T04:20:56.409454,0,NVIDIA GeForce RTX 4080 Laptop GPU,5634,12282,6370,45.87,56,62,77.41
2025-08-14T04:21:06.439143,0,NVIDIA GeForce RTX 4080 Laptop GPU,5634,12282,6370,45.87,61,66,75.1
2025-08-14T04:21:16.464595,0,NVIDIA GeForce RTX 4080 Laptop GPU,5634,12282,6370,45.87,66,59,76.87
2025-08-14T04:21:26.491002,0,NVIDIA GeForce RTX 4080 Laptop GPU,5634,12282,6370,45.87,59,60,72.92
2025-08-14T04:21:36.520541,0,NVIDIA GeForce RTX 4080 Laptop GPU,5634,12282,6370,45.87,62,65,76.69
2025-08-14T04:21:46.546252,0,NVIDIA GeForce RTX 4080 Laptop GPU,5634,12282,6370,45.87,71,65,75.38
2025-08-14T04:21:56.563637,0,NVIDIA GeForce RTX 4080 Laptop GPU,5634,12282,6370,45.87,65,63,76.84
2025-08-14T04:22:06.583375,0,NVIDIA GeForce RTX 4080 Laptop GPU,5634,12282,6370,45.87,62,68,73.76
2025-08-14T04:22:16.641384,0,NVIDIA GeForce RTX 4080 Laptop GPU,5634,12282,6370,45.87,58,65,77.01
2025-08-14T04:22:26.666182,0,NVIDIA GeForce RTX 4080 Laptop GPU,5634,12282,6370,45.87,65,58,60.87
2025-08-14T04:22:36.692171,0,NVIDIA GeForce RTX 4080 Laptop GPU,5634,12282,6370,45.87,58,59,72.8
2025-08-14T04:22:46.718215,0,NVIDIA GeForce RTX 4080 Laptop GPU,5634,12282,6370,45.87,60,59,74.8
2025-08-14T04:22:56.743843,0,NVIDIA GeForce RTX 4080 Laptop GPU,5634,12282,6370,45.87,54,59,77.07
2025-08-14T04:23:06.784939,0,NVIDIA GeForce RTX 4080 Laptop GPU,5634,12282,6370,45.87,66,67,77.44
2025-08-14T04:23:16.812108,0,NVIDIA GeForce RTX 4080 Laptop GPU,5634,12282,6370,45.87,59,64,72.05
2025-08-14T04:23:26.839006,0,NVIDIA GeForce RTX 4080 Laptop GPU,5634,12282,6370,45.87,61,59,75.56
2025-08-14T04:23:36.865454,0,NVIDIA GeForce RTX 4080 Laptop GPU,5634,12282,6370,45.87,57,66,74.99
2025-08-14T04:23:46.891109,0,NVIDIA GeForce RTX 4080 Laptop GPU,5634,12282,6370,45.87,54,61,75.37
2025-08-14T04:23:56.921274,0,NVIDIA GeForce RTX 4080 Laptop GPU,5634,12282,6370,45.87,56,58,75.24
2025-08-14T04:24:06.948493,0,NVIDIA GeForce RTX 4080 Laptop GPU,5634,12282,6370,45.87,65,59,76.68
2025-08-14T04:24:17.001854,0,NVIDIA GeForce RTX 4080 Laptop GPU,5634,12282,6370,45.87,68,58,72.28
2025-08-14T04:24:27.032605,0,NVIDIA GeForce RTX 4080 Laptop GPU,5634,12282,6370,45.87,57,64,75.64
2025-08-14T04:24:37.059478,0,NVIDIA GeForce RTX 4080 Laptop GPU,5634,12282,6370,45.87,68,58,73.57
2025-08-14T04:24:47.086637,0,NVIDIA GeForce RTX 4080 Laptop GPU,5634,12282,6370,45.87,67,63,71.67
2025-08-14T04:24:57.111221,0,NVIDIA GeForce RTX 4080 Laptop GPU,5634,12282,6370,45.87,62,60,76.14
2025-08-14T04:25:07.145553,0,NVIDIA GeForce RTX 4080 Laptop GPU,5634,12282,6370,45.87,60,59,74.84
2025-08-14T04:25:17.180786,0,NVIDIA GeForce RTX 4080 Laptop GPU,5634,12282,6370,45.87,61,61,73.62
2025-08-14T04:25:27.206412,0,NVIDIA GeForce RTX 4080 Laptop GPU,5634,12282,6370,45.87,56,58,76.85
2025-08-14T04:25:37.235868,0,NVIDIA GeForce RTX 4080 Laptop GPU,5634,12282,6370,45.87,61,65,81.31
2025-08-14T04:25:47.264211,0,NVIDIA GeForce RTX 4080 Laptop GPU,5634,12282,6370,45.87,64,64,74.89
2025-08-14T04:25:57.289315,0,NVIDIA GeForce RTX 4080 Laptop GPU,5634,12282,6370,45.87,55,60,74.32
2025-08-14T04:26:07.359555,0,NVIDIA GeForce RTX 4080 Laptop GPU,5634,12282,6370,45.87,56,67,74.67
2025-08-14T04:26:17.388252,0,NVIDIA GeForce RTX 4080 Laptop GPU,5634,12282,6370,45.87,56,66,69.97
2025-08-14T04:26:27.418753,0,NVIDIA GeForce RTX 4080 Laptop GPU,5634,12282,6370,45.87,65,59,79.07
2025-08-14T04:26:37.442184,0,NVIDIA GeForce RTX 4080 Laptop GPU,5634,12282,6370,45.87,59,59,76.81
2025-08-14T04:26:47.472777,0,NVIDIA GeForce RTX 4080 Laptop GPU,5634,12282,6370,45.87,58,65,81.61
2025-08-14T04:26:57.509095,0,NVIDIA GeForce RTX 4080 Laptop GPU,5634,12282,6370,45.87,55,60,79.5
2025-08-14T04:27:07.526931,0,NVIDIA GeForce RTX 4080 Laptop GPU,5634,12282,6370,45.87,63,59,77.93
2025-08-14T04:27:17.552730,0,NVIDIA GeForce RTX 4080 Laptop GPU,5634,12282,6370,45.87,55,62,78.4
2025-08-14T04:27:27.585389,0,NVIDIA GeForce RTX 4080 Laptop GPU,5634,12282,6370,45.87,54,61,80.29
2025-08-14T04:27:37.611627,0,NVIDIA GeForce RTX 4080 Laptop GPU,5634,12282,6370,45.87,55,59,76.43
2025-08-14T04:27:47.636544,0,NVIDIA GeForce RTX 4080 Laptop GPU,5634,12282,6370,45.87,64,61,80.71
2025-08-14T04:27:57.658823,0,NVIDIA GeForce RTX 4080 Laptop GPU,5634,12282,6370,45.87,61,65,77.56
2025-08-14T04:28:07.689139,0,NVIDIA GeForce RTX 4080 Laptop GPU,5636,12282,6368,45.89,65,68,76.57
2025-08-14T04:28:17.722842,0,NVIDIA GeForce RTX 4080 Laptop GPU,5636,12282,6368,45.89,60,60,75.27
2025-08-14T04:28:27.756164,0,NVIDIA GeForce RTX 4080 Laptop GPU,5636,12282,6368,45.89,63,64,76.94
2025-08-14T04:28:37.781982,0,NVIDIA GeForce RTX 4080 Laptop GPU,5636,12282,6368,45.89,61,64,77.38
2025-08-14T04:28:47.807555,0,NVIDIA GeForce RTX 4080 Laptop GPU,5636,12282,6368,45.89,72,64,72.38
2025-08-14T04:28:57.833564,0,NVIDIA GeForce RTX 4080 Laptop GPU,5636,12282,6368,45.89,57,59,77.68
2025-08-14T04:29:07.886487,0,NVIDIA GeForce RTX 4080 Laptop GPU,5636,12282,6368,45.89,71,60,75.77
2025-08-14T04:29:17.913426,0,NVIDIA GeForce RTX 4080 Laptop GPU,5632,12282,6372,45.86,69,60,81.08
2025-08-14T04:29:27.940083,0,NVIDIA GeForce RTX 4080 Laptop GPU,5636,12282,6368,45.89,58,68,77.66
2025-08-14T04:29:37.966564,0,NVIDIA GeForce RTX 4080 Laptop GPU,5636,12282,6368,45.89,66,61,74.67
2025-08-14T04:29:47.990838,0,NVIDIA GeForce RTX 4080 Laptop GPU,5632,12282,6372,45.86,60,60,74.63
2025-08-14T04:29:58.014999,0,NVIDIA GeForce RTX 4080 Laptop GPU,5636,12282,6368,45.89,57,59,76.52
2025-08-14T04:30:08.046935,0,NVIDIA GeForce RTX 4080 Laptop GPU,5636,12282,6368,45.89,62,67,75.79
2025-08-14T04:30:18.083541,0,NVIDIA GeForce RTX 4080 Laptop GPU,5632,12282,6372,45.86,58,61,76.58
2025-08-14T04:30:28.112499,0,NVIDIA GeForce RTX 4080 Laptop GPU,5636,12282,6368,45.89,61,59,78.88
2025-08-14T04:30:38.139050,0,NVIDIA GeForce RTX 4080 Laptop GPU,5636,12282,6368,45.89,64,59,79.14
2025-08-14T04:30:48.164306,0,NVIDIA GeForce RTX 4080 Laptop GPU,5636,12282,6368,45.89,72,65,78.94
2025-08-14T04:30:58.189386,0,NVIDIA GeForce RTX 4080 Laptop GPU,5636,12282,6368,45.89,59,59,69.96
2025-08-14T04:31:08.224182,0,NVIDIA GeForce RTX 4080 Laptop GPU,5636,12282,6368,45.89,60,59,77.35
2025-08-14T04:31:18.261507,0,NVIDIA GeForce RTX 4080 Laptop GPU,5634,12282,6370,45.87,68,60,77.72
2025-08-14T04:31:28.289338,0,NVIDIA GeForce RTX 4080 Laptop GPU,5634,12282,6370,45.87,58,60,74.15
2025-08-14T04:31:38.319314,0,NVIDIA GeForce RTX 4080 Laptop GPU,5634,12282,6370,45.87,65,59,80.12
2025-08-14T04:31:48.345734,0,NVIDIA GeForce RTX 4080 Laptop GPU,5634,12282,6370,45.87,63,63,77.82
2025-08-14T04:31:58.366886,0,NVIDIA GeForce RTX 4080 Laptop GPU,5634,12282,6370,45.87,59,59,72.2
2025-08-14T04:32:08.405065,0,NVIDIA GeForce RTX 4080 Laptop GPU,5634,12282,6370,45.87,65,68,76.38
2025-08-14T04:32:18.431132,0,NVIDIA GeForce RTX 4080 Laptop GPU,5632,12282,6372,45.86,68,59,80.53
2025-08-14T04:32:28.456104,0,NVIDIA GeForce RTX 4080 Laptop GPU,5634,12282,6370,45.87,70,59,74.22
2025-08-14T04:32:38.474965,0,NVIDIA GeForce RTX 4080 Laptop GPU,5634,12282,6370,45.87,65,59,72.43
2025-08-14T04:32:48.499835,0,NVIDIA GeForce RTX 4080 Laptop GPU,5634,12282,6370,45.87,58,65,74.97
2025-08-14T04:32:58.523706,0,NVIDIA GeForce RTX 4080 Laptop GPU,5634,12282,6370,45.87,58,61,75.62
2025-08-14T04:33:08.549566,0,NVIDIA GeForce RTX 4080 Laptop GPU,5634,12282,6370,45.87,62,59,78.38
2025-08-14T04:33:18.622754,0,NVIDIA GeForce RTX 4080 Laptop GPU,5632,12282,6372,45.86,68,59,80.09
2025-08-14T04:33:28.656453,0,NVIDIA GeForce RTX 4080 Laptop GPU,5634,12282,6370,45.87,58,64,78.74
2025-08-14T04:33:38.681882,0,NVIDIA GeForce RTX 4080 Laptop GPU,5634,12282,6370,45.87,64,59,79.02
2025-08-14T04:33:48.707793,0,NVIDIA GeForce RTX 4080 Laptop GPU,5634,12282,6370,45.87,67,63,77.82
2025-08-14T04:33:58.732906,0,NVIDIA GeForce RTX 4080 Laptop GPU,5634,12282,6370,45.87,62,59,75.74
2025-08-14T04:34:08.764400,0,NVIDIA GeForce RTX 4080 Laptop GPU,5634,12282,6370,45.87,68,65,76.93
2025-08-14T04:34:18.801083,0,NVIDIA GeForce RTX 4080 Laptop GPU,5632,12282,6372,45.86,63,60,81.92
2025-08-14T04:34:28.828322,0,NVIDIA GeForce RTX 4080 Laptop GPU,5634,12282,6370,45.87,56,61,72.93
2025-08-14T04:34:38.859776,0,NVIDIA GeForce RTX 4080 Laptop GPU,5634,12282,6370,45.87,66,58,73.41
2025-08-14T04:34:48.886449,0,NVIDIA GeForce RTX 4080 Laptop GPU,5634,12282,6370,45.87,64,62,83.46
2025-08-14T04:34:58.917080,0,NVIDIA GeForce RTX 4080 Laptop GPU,5634,12282,6370,45.87,69,63,79.07
2025-08-14T04:35:08.980344,0,NVIDIA GeForce RTX 4080 Laptop GPU,5634,12282,6370,45.87,57,65,83.25
2025-08-14T04:35:19.006178,0,NVIDIA GeForce RTX 4080 Laptop GPU,5632,12282,6372,45.86,59,61,77.21
2025-08-14T04:35:29.030607,0,NVIDIA GeForce RTX 4080 Laptop GPU,5634,12282,6370,45.87,67,59,78.46
2025-08-14T04:35:39.053519,0,NVIDIA GeForce RTX 4080 Laptop GPU,5634,12282,6370,45.87,59,62,76.34
2025-08-14T04:35:49.079945,0,NVIDIA GeForce RTX 4080 Laptop GPU,5634,12282,6370,45.87,59,59,76.83
2025-08-14T04:35:59.106975,0,NVIDIA GeForce RTX 4080 Laptop GPU,5634,12282,6370,45.87,60,60,73.42
2025-08-14T04:36:09.132386,0,NVIDIA GeForce RTX 4080 Laptop GPU,5634,12282,6370,45.87,65,66,78.21
2025-08-14T04:36:19.158344,0,NVIDIA GeForce RTX 4080 Laptop GPU,5634,12282,6370,45.87,60,59,76.08
2025-08-14T04:36:29.178676,0,NVIDIA GeForce RTX 4080 Laptop GPU,5634,12282,6370,45.87,53,63,46.14
2025-08-14T04:36:39.202041,0,NVIDIA GeForce RTX 4080 Laptop GPU,5634,12282,6370,45.87,54,59,71.87
2025-08-14T04:36:49.227852,0,NVIDIA GeForce RTX 4080 Laptop GPU,5634,12282,6370,45.87,61,62,80.21
2025-08-14T04:36:59.260055,0,NVIDIA GeForce RTX 4080 Laptop GPU,5634,12282,6370,45.87,60,63,76.22
2025-08-14T04:37:09.285058,0,NVIDIA GeForce RTX 4080 Laptop GPU,5634,12282,6370,45.87,69,59,76.6
2025-08-14T04:37:19.301362,0,NVIDIA GeForce RTX 4080 Laptop GPU,5634,12282,6370,45.87,63,66,76.73
2025-08-14T04:37:29.339316,0,NVIDIA GeForce RTX 4080 Laptop GPU,5634,12282,6370,45.87,53,67,76.67
2025-08-14T04:37:39.364349,0,NVIDIA GeForce RTX 4080 Laptop GPU,5634,12282,6370,45.87,68,59,75.9
2025-08-14T04:37:49.391508,0,NVIDIA GeForce RTX 4080 Laptop GPU,5632,12282,6372,45.86,63,65,70.17
2025-08-14T04:37:59.420974,0,NVIDIA GeForce RTX 4080 Laptop GPU,5634,12282,6370,45.87,62,59,78.17
2025-08-14T04:38:09.450984,0,NVIDIA GeForce RTX 4080 Laptop GPU,5634,12282,6370,45.87,61,66,76.58
2025-08-14T04:38:19.480332,0,NVIDIA GeForce RTX 4080 Laptop GPU,5634,12282,6370,45.87,62,58,74.78
2025-08-14T04:38:29.528358,0,NVIDIA GeForce RTX 4080 Laptop GPU,5634,12282,6370,45.87,58,61,77.78
2025-08-14T04:38:39.550699,0,NVIDIA GeForce RTX 4080 Laptop GPU,5634,12282,6370,45.87,58,64,77.73
2025-08-14T04:38:49.579350,0,NVIDIA GeForce RTX 4080 Laptop GPU,5634,12282,6370,45.87,57,64,74.08
2025-08-14T04:38:59.606596,0,NVIDIA GeForce RTX 4080 Laptop GPU,5634,12282,6370,45.87,69,65,77.27
2025-08-14T04:39:09.626812,0,NVIDIA GeForce RTX 4080 Laptop GPU,5634,12282,6370,45.87,68,60,77.53
2025-08-14T04:39:19.661692,0,NVIDIA GeForce RTX 4080 Laptop GPU,5632,12282,6372,45.86,55,59,81.01
2025-08-14T04:39:29.688954,0,NVIDIA GeForce RTX 4080 Laptop GPU,5634,12282,6370,45.87,54,66,73.6
2025-08-14T04:39:39.714394,0,NVIDIA GeForce RTX 4080 Laptop GPU,5634,12282,6370,45.87,54,64,78.38
2025-08-14T04:39:49.741008,0,NVIDIA GeForce RTX 4080 Laptop GPU,5634,12282,6370,45.87,54,60,73.71
2025-08-14T04:39:59.771425,0,NVIDIA GeForce RTX 4080 Laptop GPU,5634,12282,6370,45.87,69,64,78.58
2025-08-14T04:40:09.799630,0,NVIDIA GeForce RTX 4080 Laptop GPU,5634,12282,6370,45.87,52,59,78.76
2025-08-14T04:40:19.881777,0,NVIDIA GeForce RTX 4080 Laptop GPU,5634,12282,6370,45.87,57,63,74.46
2025-08-14T04:40:29.909448,0,NVIDIA GeForce RTX 4080 Laptop GPU,5634,12282,6370,45.87,65,59,79.14
2025-08-14T04:40:39.934748,0,NVIDIA GeForce RTX 4080 Laptop GPU,5632,12282,6372,45.86,68,64,77.27
2025-08-14T04:40:49.953492,0,NVIDIA GeForce RTX 4080 Laptop GPU,5634,12282,6370,45.87,58,61,76.57
2025-08-14T04:40:59.981722,0,NVIDIA GeForce RTX 4080 Laptop GPU,5634,12282,6370,45.87,68,66,73.02
2025-08-14T04:41:10.006127,0,NVIDIA GeForce RTX 4080 Laptop GPU,5634,12282,6370,45.87,60,59,75.08
2025-08-14T04:41:20.060282,0,NVIDIA GeForce RTX 4080 Laptop GPU,5632,12282,6372,45.86,57,67,75.56
2025-08-14T04:41:30.082904,0,NVIDIA GeForce RTX 4080 Laptop GPU,5634,12282,6370,45.87,61,60,80.36
2025-08-14T04:41:40.109045,0,NVIDIA GeForce RTX 4080 Laptop GPU,5632,12282,6372,45.86,58,60,71.37
2025-08-14T04:41:50.135813,0,NVIDIA GeForce RTX 4080 Laptop GPU,5634,12282,6370,45.87,59,62,77.34
2025-08-14T04:42:00.158197,0,NVIDIA GeForce RTX 4080 Laptop GPU,5634,12282,6370,45.87,54,59,78.64
2025-08-14T04:42:10.184227,0,NVIDIA GeForce RTX 4080 Laptop GPU,5634,12282,6370,45.87,67,65,72.59
2025-08-14T04:42:20.209686,0,NVIDIA GeForce RTX 4080 Laptop GPU,5634,12282,6370,45.87,55,59,78.12
2025-08-14T04:42:30.242188,0,NVIDIA GeForce RTX 4080 Laptop GPU,5634,12282,6370,45.87,55,67,74.53
2025-08-14T04:42:40.268585,0,NVIDIA GeForce RTX 4080 Laptop GPU,5634,12282,6370,45.87,62,59,76.59
2025-08-14T04:42:50.296308,0,NVIDIA GeForce RTX 4080 Laptop GPU,5634,12282,6370,45.87,63,65,74.2
2025-08-14T04:43:00.328072,0,NVIDIA GeForce RTX 4080 Laptop GPU,5634,12282,6370,45.87,65,63,78.93
2025-08-14T04:43:10.353990,0,NVIDIA GeForce RTX 4080 Laptop GPU,5634,12282,6370,45.87,59,58,76.8
2025-08-14T04:43:20.419620,0,NVIDIA GeForce RTX 4080 Laptop GPU,5634,12282,6370,45.87,61,59,76.99
2025-08-14T04:43:30.443516,0,NVIDIA GeForce RTX 4080 Laptop GPU,5634,12282,6370,45.87,68,59,77.56
2025-08-14T04:43:40.470017,0,NVIDIA GeForce RTX 4080 Laptop GPU,5634,12282,6370,45.87,63,64,78.21
2025-08-14T04:43:50.499120,0,NVIDIA GeForce RTX 4080 Laptop GPU,5634,12282,6370,45.87,70,66,80.38
2025-08-14T04:44:00.528918,0,NVIDIA GeForce RTX 4080 Laptop GPU,5634,12282,6370,45.87,66,61,77.9
2025-08-14T04:44:10.593856,0,NVIDIA GeForce RTX 4080 Laptop GPU,5634,12282,6370,45.87,63,59,75.3
2025-08-14T04:44:20.611306,0,NVIDIA GeForce RTX 4080 Laptop GPU,5634,12282,6370,45.87,58,67,75.93
2025-08-14T04:44:30.638254,0,NVIDIA GeForce RTX 4080 Laptop GPU,5634,12282,6370,45.87,65,60,67.86
2025-08-14T04:44:40.668302,0,NVIDIA GeForce RTX 4080 Laptop GPU,5632,12282,6372,45.86,57,62,80.36
2025-08-14T04:44:50.698973,0,NVIDIA GeForce RTX 4080 Laptop GPU,5634,12282,6370,45.87,62,67,74.56
2025-08-14T04:45:00.725761,0,NVIDIA GeForce RTX 4080 Laptop GPU,5634,12282,6370,45.87,67,61,76.94
2025-08-14T04:45:10.767159,0,NVIDIA GeForce RTX 4080 Laptop GPU,5634,12282,6370,45.87,66,62,81.22
2025-08-14T04:45:20.792186,0,NVIDIA GeForce RTX 4080 Laptop GPU,5634,12282,6370,45.87,66,58,75.24
2025-08-14T04:45:30.815059,0,NVIDIA GeForce RTX 4080 Laptop GPU,5634,12282,6370,45.87,63,59,71.63
2025-08-14T04:45:40.840900,0,NVIDIA GeForce RTX 4080 Laptop GPU,5634,12282,6370,45.87,65,65,72.09
2025-08-14T04:45:50.874070,0,NVIDIA GeForce RTX 4080 Laptop GPU,5634,12282,6370,45.87,70,65,81.25
2025-08-14T04:46:00.899250,0,NVIDIA GeForce RTX 4080 Laptop GPU,5634,12282,6370,45.87,58,58,73.46
2025-08-14T04:46:10.954448,0,NVIDIA GeForce RTX 4080 Laptop GPU,5634,12282,6370,45.87,69,59,74.18
2025-08-14T04:46:20.976614,0,NVIDIA GeForce RTX 4080 Laptop GPU,5634,12282,6370,45.87,61,61,75.81
2025-08-14T04:46:31.006127,0,NVIDIA GeForce RTX 4080 Laptop GPU,5634,12282,6370,45.87,71,59,79.72
2025-08-14T04:46:41.034327,0,NVIDIA GeForce RTX 4080 Laptop GPU,5634,12282,6370,45.87,71,67,79.32
2025-08-14T04:46:51.060104,0,NVIDIA GeForce RTX 4080 Laptop GPU,5634,12282,6370,45.87,50,59,74.02
2025-08-14T04:47:01.087356,0,NVIDIA GeForce RTX 4080 Laptop GPU,5634,12282,6370,45.87,54,61,80.25
2025-08-14T04:47:11.135259,0,NVIDIA GeForce RTX 4080 Laptop GPU,5634,12282,6370,45.87,55,61,77.02
2025-08-14T04:47:21.158265,0,NVIDIA GeForce RTX 4080 Laptop GPU,5634,12282,6370,45.87,56,62,72.93
2025-08-14T04:47:31.188158,0,NVIDIA GeForce RTX 4080 Laptop GPU,5634,12282,6370,45.87,61,59,76.38
2025-08-14T04:47:41.220651,0,NVIDIA GeForce RTX 4080 Laptop GPU,5634,12282,6370,45.87,69,65,74.41
2025-08-14T04:47:51.249696,0,NVIDIA GeForce RTX 4080 Laptop GPU,5634,12282,6370,45.87,54,64,79.0
2025-08-14T04:48:01.289025,0,NVIDIA GeForce RTX 4080 Laptop GPU,5634,12282,6370,45.87,63,65,75.18
2025-08-14T04:48:11.320384,0,NVIDIA GeForce RTX 4080 Laptop GPU,5634,12282,6370,45.87,59,66,80.03
2025-08-14T04:48:21.346887,0,NVIDIA GeForce RTX 4080 Laptop GPU,5634,12282,6370,45.87,58,68,73.67
2025-08-14T04:48:31.373406,0,NVIDIA GeForce RTX 4080 Laptop GPU,5634,12282,6370,45.87,61,59,77.43
2025-08-14T04:48:41.400508,0,NVIDIA GeForce RTX 4080 Laptop GPU,5634,12282,6370,45.87,69,65,79.54
2025-08-14T04:48:51.426034,0,NVIDIA GeForce RTX 4080 Laptop GPU,5634,12282,6370,45.87,55,63,73.03
2025-08-14T04:49:01.487671,0,NVIDIA GeForce RTX 4080 Laptop GPU,5634,12282,6370,45.87,54,59,78.99
2025-08-14T04:49:11.515292,0,NVIDIA GeForce RTX 4080 Laptop GPU,5634,12282,6370,45.87,70,59,79.85
2025-08-14T04:49:21.543060,0,NVIDIA GeForce RTX 4080 Laptop GPU,5634,12282,6370,45.87,68,58,76.18
2025-08-14T04:49:31.568131,0,NVIDIA GeForce RTX 4080 Laptop GPU,5634,12282,6370,45.87,67,59,76.71
2025-08-14T04:49:41.598003,0,NVIDIA GeForce RTX 4080 Laptop GPU,5634,12282,6370,45.87,64,61,83.44
2025-08-14T04:49:51.624003,0,NVIDIA GeForce RTX 4080 Laptop GPU,5634,12282,6370,45.87,60,59,74.41
2025-08-14T04:50:01.667691,0,NVIDIA GeForce RTX 4080 Laptop GPU,5634,12282,6370,45.87,61,59,76.32
2025-08-14T04:50:11.693920,0,NVIDIA GeForce RTX 4080 Laptop GPU,5634,12282,6370,45.87,61,62,80.57
2025-08-14T04:50:21.721751,0,NVIDIA GeForce RTX 4080 Laptop GPU,5634,12282,6370,45.87,64,59,73.43
2025-08-14T04:50:31.740702,0,NVIDIA GeForce RTX 4080 Laptop GPU,5634,12282,6370,45.87,48,58,65.13
2025-08-14T04:50:41.765898,0,NVIDIA GeForce RTX 4080 Laptop GPU,5634,12282,6370,45.87,55,59,77.24
2025-08-14T04:50:51.789223,0,NVIDIA GeForce RTX 4080 Laptop GPU,5634,12282,6370,45.87,57,64,77.06
2025-08-14T04:51:01.829002,0,NVIDIA GeForce RTX 4080 Laptop GPU,5634,12282,6370,45.87,60,59,74.11
2025-08-14T04:51:11.855219,0,NVIDIA GeForce RTX 4080 Laptop GPU,5634,12282,6370,45.87,63,62,76.13
2025-08-14T04:51:21.880498,0,NVIDIA GeForce RTX 4080 Laptop GPU,5634,12282,6370,45.87,67,58,78.77
2025-08-14T04:51:31.899451,0,NVIDIA GeForce RTX 4080 Laptop GPU,5634,12282,6370,45.87,60,64,75.04
2025-08-14T04:51:41.920966,0,NVIDIA GeForce RTX 4080 Laptop GPU,5634,12282,6370,45.87,63,59,77.93
2025-08-14T04:51:51.946628,0,NVIDIA GeForce RTX 4080 Laptop GPU,5634,12282,6370,45.87,57,59,78.99
2025-08-14T04:52:01.974798,0,NVIDIA GeForce RTX 4080 Laptop GPU,5634,12282,6370,45.87,58,59,71.41
2025-08-14T04:52:12.005288,0,NVIDIA GeForce RTX 4080 Laptop GPU,5634,12282,6370,45.87,59,63,71.59
2025-08-14T04:52:22.040384,0,NVIDIA GeForce RTX 4080 Laptop GPU,5634,12282,6370,45.87,56,62,77.5
2025-08-14T04:52:32.067171,0,NVIDIA GeForce RTX 4080 Laptop GPU,5634,12282,6370,45.87,57,63,78.59
2025-08-14T04:52:42.087101,0,NVIDIA GeForce RTX 4080 Laptop GPU,5634,12282,6370,45.87,58,64,73.84
2025-08-14T04:52:52.113997,0,NVIDIA GeForce RTX 4080 Laptop GPU,5634,12282,6370,45.87,57,63,73.19
2025-08-14T04:53:02.141239,0,NVIDIA GeForce RTX 4080 Laptop GPU,5634,12282,6370,45.87,56,59,80.13
2025-08-14T04:53:12.168291,0,NVIDIA GeForce RTX 4080 Laptop GPU,5634,12282,6370,45.87,63,64,77.33
2025-08-14T04:53:22.221331,0,NVIDIA GeForce RTX 4080 Laptop GPU,5634,12282,6370,45.87,57,65,56.37
2025-08-14T04:53:32.249481,0,NVIDIA GeForce RTX 4080 Laptop GPU,5634,12282,6370,45.87,61,62,74.22
2025-08-14T04:53:42.274803,0,NVIDIA GeForce RTX 4080 Laptop GPU,5634,12282,6370,45.87,66,59,76.08
2025-08-14T04:53:52.303750,0,NVIDIA GeForce RTX 4080 Laptop GPU,5634,12282,6370,45.87,54,60,75.86
2025-08-14T04:54:02.330654,0,NVIDIA GeForce RTX 4080 Laptop GPU,5634,12282,6370,45.87,54,59,78.44
2025-08-14T04:54:12.399652,0,NVIDIA GeForce RTX 4080 Laptop GPU,5634,12282,6370,45.87,47,68,74.56
2025-08-14T04:54:22.425051,0,NVIDIA GeForce RTX 4080 Laptop GPU,5634,12282,6370,45.87,63,59,76.36
2025-08-14T04:54:32.450293,0,NVIDIA GeForce RTX 4080 Laptop GPU,5634,12282,6370,45.87,65,60,78.35
2025-08-14T04:54:42.475414,0,NVIDIA GeForce RTX 4080 Laptop GPU,5634,12282,6370,45.87,66,62,73.17
2025-08-14T04:54:52.503672,0,NVIDIA GeForce RTX 4080 Laptop GPU,5634,12282,6370,45.87,55,61,76.73
2025-08-14T04:55:02.530011,0,NVIDIA GeForce RTX 4080 Laptop GPU,5634,12282,6370,45.87,60,60,75.59
2025-08-14T04:55:12.566435,0,NVIDIA GeForce RTX 4080 Laptop GPU,5634,12282,6370,45.87,57,64,75.18
2025-08-14T04:55:22.594638,0,NVIDIA GeForce RTX 4080 Laptop GPU,5634,12282,6370,45.87,66,60,75.69
2025-08-14T04:55:32.616449,0,NVIDIA GeForce RTX 4080 Laptop GPU,5634,12282,6370,45.87,68,59,74.37
2025-08-14T04:55:42.635525,0,NVIDIA GeForce RTX 4080 Laptop GPU,5634,12282,6370,45.87,58,67,80.33
2025-08-14T04:55:52.660158,0,NVIDIA GeForce RTX 4080 Laptop GPU,5634,12282,6370,45.87,65,62,75.69
2025-08-14T04:56:02.691426,0,NVIDIA GeForce RTX 4080 Laptop GPU,5634,12282,6370,45.87,62,65,79.17
2025-08-14T04:56:12.754999,0,NVIDIA GeForce RTX 4080 Laptop GPU,5634,12282,6370,45.87,52,66,74.7
2025-08-14T04:56:22.784178,0,NVIDIA GeForce RTX 4080 Laptop GPU,5634,12282,6370,45.87,59,64,72.74
2025-08-14T04:56:32.810863,0,NVIDIA GeForce RTX 4080 Laptop GPU,5634,12282,6370,45.87,63,59,77.15
2025-08-14T04:56:42.838730,0,NVIDIA GeForce RTX 4080 Laptop GPU,5634,12282,6370,45.87,68,63,74.13
2025-08-14T04:56:52.867538,0,NVIDIA GeForce RTX 4080 Laptop GPU,5634,12282,6370,45.87,61,63,74.26
2025-08-14T04:57:02.888463,0,NVIDIA GeForce RTX 4080 Laptop GPU,5634,12282,6370,45.87,64,59,79.21
2025-08-14T04:57:12.916244,0,NVIDIA GeForce RTX 4080 Laptop GPU,5634,12282,6370,45.87,59,67,72.72
2025-08-14T04:57:22.944773,0,NVIDIA GeForce RTX 4080 Laptop GPU,5634,12282,6370,45.87,70,60,77.09
2025-08-14T04:57:32.970286,0,NVIDIA GeForce RTX 4080 Laptop GPU,5634,12282,6370,45.87,62,66,77.85
2025-08-14T04:57:42.997067,0,NVIDIA GeForce RTX 4080 Laptop GPU,5634,12282,6370,45.87,59,60,76.72
2025-08-14T04:57:53.024321,0,NVIDIA GeForce RTX 4080 Laptop GPU,5634,12282,6370,45.87,59,62,74.62
2025-08-14T04:58:03.049745,0,NVIDIA GeForce RTX 4080 Laptop GPU,5634,12282,6370,45.87,60,60,77.95
2025-08-14T04:58:13.107930,0,NVIDIA GeForce RTX 4080 Laptop GPU,5634,12282,6370,45.87,66,59,79.19
2025-08-14T04:58:23.136807,0,NVIDIA GeForce RTX 4080 Laptop GPU,5634,12282,6370,45.87,67,59,80.51
2025-08-14T04:58:33.162787,0,NVIDIA GeForce RTX 4080 Laptop GPU,5634,12282,6370,45.87,65,60,73.88
2025-08-14T04:58:43.196470,0,NVIDIA GeForce RTX 4080 Laptop GPU,5634,12282,6370,45.87,66,65,74.36
2025-08-14T04:58:53.224020,0,NVIDIA GeForce RTX 4080 Laptop GPU,5634,12282,6370,45.87,53,59,81.41
2025-08-14T04:59:03.251240,0,NVIDIA GeForce RTX 4080 Laptop GPU,5634,12282,6370,45.87,50,61,53.04
2025-08-14T04:59:13.292856,0,NVIDIA GeForce RTX 4080 Laptop GPU,5634,12282,6370,45.87,60,59,75.7
2025-08-14T04:59:23.325990,0,NVIDIA GeForce RTX 4080 Laptop GPU,5634,12282,6370,45.87,56,67,75.83
2025-08-14T04:59:33.354635,0,NVIDIA GeForce RTX 4080 Laptop GPU,5634,12282,6370,45.87,59,59,78.74
2025-08-14T04:59:43.383365,0,NVIDIA GeForce RTX 4080 Laptop GPU,5634,12282,6370,45.87,61,65,69.9
2025-08-14T04:59:53.408103,0,NVIDIA GeForce RTX 4080 Laptop GPU,5634,12282,6370,45.87,57,58,73.66
2025-08-14T05:00:03.467948,0,NVIDIA GeForce RTX 4080 Laptop GPU,5634,12282,6370,45.87,70,61,78.71
2025-08-14T05:00:13.494294,0,NVIDIA GeForce RTX 4080 Laptop GPU,5634,12282,6370,45.87,58,67,72.8
2025-08-14T05:00:23.520450,0,NVIDIA GeForce RTX 4080 Laptop GPU,5634,12282,6370,45.87,60,65,74.76
2025-08-14T05:00:33.551917,0,NVIDIA GeForce RTX 4080 Laptop GPU,5634,12282,6370,45.87,68,59,77.85
2025-08-14T05:00:43.578798,0,NVIDIA GeForce RTX 4080 Laptop GPU,5634,12282,6370,45.87,58,59,78.01
2025-08-14T05:00:53.604175,0,NVIDIA GeForce RTX 4080 Laptop GPU,5634,12282,6370,45.87,66,60,82.48
2025-08-14T05:01:03.649242,0,NVIDIA GeForce RTX 4080 Laptop GPU,5634,12282,6370,45.87,61,59,82.18
2025-08-14T05:01:13.672388,0,NVIDIA GeForce RTX 4080 Laptop GPU,5634,12282,6370,45.87,57,63,82.36
2025-08-14T05:01:23.701214,0,NVIDIA GeForce RTX 4080 Laptop GPU,5634,12282,6370,45.87,63,60,77.25
2025-08-14T05:01:33.727423,0,NVIDIA GeForce RTX 4080 Laptop GPU,5634,12282,6370,45.87,64,60,76.92
2025-08-14T05:01:43.761776,0,NVIDIA GeForce RTX 4080 Laptop GPU,5634,12282,6370,45.87,66,63,72.03
2025-08-14T05:01:53.787111,0,NVIDIA GeForce RTX 4080 Laptop GPU,5634,12282,6370,45.87,70,62,80.4
2025-08-14T05:02:03.829941,0,NVIDIA GeForce RTX 4080 Laptop GPU,5634,12282,6370,45.87,67,59,79.26
2025-08-14T05:02:13.856483,0,NVIDIA GeForce RTX 4080 Laptop GPU,5634,12282,6370,45.87,56,64,72.75
2025-08-14T05:02:23.888010,0,NVIDIA GeForce RTX 4080 Laptop GPU,5634,12282,6370,45.87,65,60,73.62
2025-08-14T05:02:33.913742,0,NVIDIA GeForce RTX 4080 Laptop GPU,5634,12282,6370,45.87,63,58,74.8
2025-08-14T05:02:43.938519,0,NVIDIA GeForce RTX 4080 Laptop GPU,5634,12282,6370,45.87,65,64,77.42
2025-08-14T05:02:53.967440,0,NVIDIA GeForce RTX 4080 Laptop GPU,5634,12282,6370,45.87,58,60,73.78
2025-08-14T05:03:04.010470,0,NVIDIA GeForce RTX 4080 Laptop GPU,5634,12282,6370,45.87,60,67,77.13
2025-08-14T05:03:14.045165,0,NVIDIA GeForce RTX 4080 Laptop GPU,5634,12282,6370,45.87,58,63,80.98
2025-08-14T05:03:24.072246,0,NVIDIA GeForce RTX 4080 Laptop GPU,5634,12282,6370,45.87,58,59,73.57
2025-08-14T05:03:34.099673,0,NVIDIA GeForce RTX 4080 Laptop GPU,5634,12282,6370,45.87,60,60,80.28
2025-08-14T05:03:44.124280,0,NVIDIA GeForce RTX 4080 Laptop GPU,5634,12282,6370,45.87,57,60,80.3
2025-08-14T05:03:54.155491,0,NVIDIA GeForce RTX 4080 Laptop GPU,5634,12282,6370,45.87,65,63,77.82
2025-08-14T05:04:04.189807,0,NVIDIA GeForce RTX 4080 Laptop GPU,5634,12282,6370,45.87,56,59,78.66
2025-08-14T05:04:14.216517,0,NVIDIA GeForce RTX 4080 Laptop GPU,5634,12282,6370,45.87,71,60,83.02
2025-08-14T05:04:24.245471,0,NVIDIA GeForce RTX 4080 Laptop GPU,5634,12282,6370,45.87,57,65,82.18
2025-08-14T05:04:34.275142,0,NVIDIA GeForce RTX 4080 Laptop GPU,5634,12282,6370,45.87,59,62,74.52
2025-08-14T05:04:44.306966,0,NVIDIA GeForce RTX 4080 Laptop GPU,5634,12282,6370,45.87,69,65,76.43
2025-08-14T05:04:54.332956,0,NVIDIA GeForce RTX 4080 Laptop GPU,5634,12282,6370,45.87,52,59,79.45
2025-08-14T05:05:04.369811,0,NVIDIA GeForce RTX 4080 Laptop GPU,5634,12282,6370,45.87,58,66,74.26
2025-08-14T05:05:14.398743,0,NVIDIA GeForce RTX 4080 Laptop GPU,5634,12282,6370,45.87,61,60,81.72
2025-08-14T05:05:24.424534,0,NVIDIA GeForce RTX 4080 Laptop GPU,5634,12282,6370,45.87,61,65,73.97
2025-08-14T05:05:34.450127,0,NVIDIA GeForce RTX 4080 Laptop GPU,5634,12282,6370,45.87,56,61,77.73
2025-08-14T05:05:44.476617,0,NVIDIA GeForce RTX 4080 Laptop GPU,5634,12282,6370,45.87,55,62,70.95
2025-08-14T05:05:54.504673,0,NVIDIA GeForce RTX 4080 Laptop GPU,5634,12282,6370,45.87,52,64,79.12
2025-08-14T05:06:04.549557,0,NVIDIA GeForce RTX 4080 Laptop GPU,5634,12282,6370,45.87,70,59,77.33
2025-08-14T05:06:14.581055,0,NVIDIA GeForce RTX 4080 Laptop GPU,5634,12282,6370,45.87,55,64,75.18
2025-08-14T05:06:24.608033,0,NVIDIA GeForce RTX 4080 Laptop GPU,5634,12282,6370,45.87,57,61,72.45
2025-08-14T05:06:34.634877,0,NVIDIA GeForce RTX 4080 Laptop GPU,5634,12282,6370,45.87,65,66,78.79
2025-08-14T05:06:44.653729,0,NVIDIA GeForce RTX 4080 Laptop GPU,5634,12282,6370,45.87,59,61,78.23
2025-08-14T05:06:54.681492,0,NVIDIA GeForce RTX 4080 Laptop GPU,5634,12282,6370,45.87,56,65,76.17
2025-08-14T05:07:04.730124,0,NVIDIA GeForce RTX 4080 Laptop GPU,5634,12282,6370,45.87,55,62,76.96
2025-08-14T05:07:14.758954,0,NVIDIA GeForce RTX 4080 Laptop GPU,5634,12282,6370,45.87,69,59,80.12
2025-08-14T05:07:24.789790,0,NVIDIA GeForce RTX 4080 Laptop GPU,5634,12282,6370,45.87,33,57,42.58
2025-08-14T05:07:34.818304,0,NVIDIA GeForce RTX 4080 Laptop GPU,5634,12282,6370,45.87,67,59,75.68
2025-08-14T05:07:44.842586,0,NVIDIA GeForce RTX 4080 Laptop GPU,5634,12282,6370,45.87,58,59,76.97
2025-08-14T05:07:54.868305,0,NVIDIA GeForce RTX 4080 Laptop GPU,5634,12282,6370,45.87,60,59,76.53
2025-08-14T05:08:04.895435,0,NVIDIA GeForce RTX 4080 Laptop GPU,5634,12282,6370,45.87,66,65,79.48
2025-08-14T05:08:14.926096,0,NVIDIA GeForce RTX 4080 Laptop GPU,5634,12282,6370,45.87,63,62,79.88
2025-08-14T05:08:24.952689,0,NVIDIA GeForce RTX 4080 Laptop GPU,5634,12282,6370,45.87,60,60,74.49
2025-08-14T05:08:34.982480,0,NVIDIA GeForce RTX 4080 Laptop GPU,5634,12282,6370,45.87,61,63,75.63
2025-08-14T05:08:45.007848,0,NVIDIA GeForce RTX 4080 Laptop GPU,5634,12282,6370,45.87,66,62,74.26
2025-08-14T05:08:55.033557,0,NVIDIA GeForce RTX 4080 Laptop GPU,5634,12282,6370,45.87,62,60,81.07
2025-08-14T05:09:05.090373,0,NVIDIA GeForce RTX 4080 Laptop GPU,5634,12282,6370,45.87,52,63,71.06
2025-08-14T05:09:15.117430,0,NVIDIA GeForce RTX 4080 Laptop GPU,5634,12282,6370,45.87,58,66,75.61
2025-08-14T05:09:25.143235,0,NVIDIA GeForce RTX 4080 Laptop GPU,5634,12282,6370,45.87,58,60,79.91
2025-08-14T05:09:35.170213,0,NVIDIA GeForce RTX 4080 Laptop GPU,5634,12282,6370,45.87,62,62,80.63
2025-08-14T05:09:45.194845,0,NVIDIA GeForce RTX 4080 Laptop GPU,5634,12282,6370,45.87,52,59,70.97
2025-08-14T05:09:55.220740,0,NVIDIA GeForce RTX 4080 Laptop GPU,5634,12282,6370,45.87,56,59,73.58
2025-08-14T05:10:05.251761,0,NVIDIA GeForce RTX 4080 Laptop GPU,5634,12282,6370,45.87,64,66,77.02
2025-08-14T05:10:15.276999,0,NVIDIA GeForce RTX 4080 Laptop GPU,5634,12282,6370,45.87,59,58,66.6
2025-08-14T05:10:25.302731,0,NVIDIA GeForce RTX 4080 Laptop GPU,5634,12282,6370,45.87,61,58,75.2
2025-08-14T05:10:35.327441,0,NVIDIA GeForce RTX 4080 Laptop GPU,5634,12282,6370,45.87,55,58,74.64
2025-08-14T05:10:45.356804,0,NVIDIA GeForce RTX 4080 Laptop GPU,5634,12282,6370,45.87,69,65,78.78
2025-08-14T05:10:55.377148,0,NVIDIA GeForce RTX 4080 Laptop GPU,5634,12282,6370,45.87,56,63,79.68
2025-08-14T05:11:05.401950,0,NVIDIA GeForce RTX 4080 Laptop GPU,5634,12282,6370,45.87,56,58,76.98
2025-08-14T05:11:15.455548,0,NVIDIA GeForce RTX 4080 Laptop GPU,5634,12282,6370,45.87,60,60,74.01
2025-08-14T05:11:25.479185,0,NVIDIA GeForce RTX 4080 Laptop GPU,5634,12282,6370,45.87,64,67,71.46
2025-08-14T05:11:35.508969,0,NVIDIA GeForce RTX 4080 Laptop GPU,5634,12282,6370,45.87,58,61,74.6
2025-08-14T05:11:45.537452,0,NVIDIA GeForce RTX 4080 Laptop GPU,5634,12282,6370,45.87,66,62,76.35
2025-08-14T05:11:55.564696,0,NVIDIA GeForce RTX 4080 Laptop GPU,5634,12282,6370,45.87,60,59,77.44
2025-08-14T05:12:05.591197,0,NVIDIA GeForce RTX 4080 Laptop GPU,5634,12282,6370,45.87,54,59,74.97
2025-08-14T05:12:15.623488,0,NVIDIA GeForce RTX 4080 Laptop GPU,5634,12282,6370,45.87,60,67,69.46
2025-08-14T05:12:25.656906,0,NVIDIA GeForce RTX 4080 Laptop GPU,5634,12282,6370,45.87,58,64,73.71
2025-08-14T05:12:35.688341,0,NVIDIA GeForce RTX 4080 Laptop GPU,5634,12282,6370,45.87,61,65,78.15
2025-08-14T05:12:45.717866,0,NVIDIA GeForce RTX 4080 Laptop GPU,5634,12282,6370,45.87,58,62,80.83
2025-08-14T05:12:55.745949,0,NVIDIA GeForce RTX 4080 Laptop GPU,5634,12282,6370,45.87,55,64,78.93
2025-08-14T05:13:05.772656,0,NVIDIA GeForce RTX 4080 Laptop GPU,5634,12282,6370,45.87,57,59,78.57
2025-08-14T05:13:15.798817,0,NVIDIA GeForce RTX 4080 Laptop GPU,5634,12282,6370,45.87,61,59,79.03
2025-08-14T05:13:25.827147,0,NVIDIA GeForce RTX 4080 Laptop GPU,5634,12282,6370,45.87,66,59,85.99
2025-08-14T05:13:35.852325,0,NVIDIA GeForce RTX 4080 Laptop GPU,5634,12282,6370,45.87,64,60,75.42
2025-08-14T05:13:45.885127,0,NVIDIA GeForce RTX 4080 Laptop GPU,5634,12282,6370,45.87,65,66,70.42
2025-08-14T05:13:55.910652,0,NVIDIA GeForce RTX 4080 Laptop GPU,5634,12282,6370,45.87,52,59,76.12
2025-08-14T05:14:05.930442,0,NVIDIA GeForce RTX 4080 Laptop GPU,5634,12282,6370,45.87,58,60,74.84
2025-08-14T05:14:16.002309,0,NVIDIA GeForce RTX 4080 Laptop GPU,5634,12282,6370,45.87,61,67,77.14
2025-08-14T05:14:26.031682,0,NVIDIA GeForce RTX 4080 Laptop GPU,5634,12282,6370,45.87,59,60,69.64
2025-08-14T05:14:36.055224,0,NVIDIA GeForce RTX 4080 Laptop GPU,5634,12282,6370,45.87,60,59,77.53
2025-08-14T05:14:46.084081,0,NVIDIA GeForce RTX 4080 Laptop GPU,5634,12282,6370,45.87,58,59,77.48
2025-08-14T05:14:56.110631,0,NVIDIA GeForce RTX 4080 Laptop GPU,5634,12282,6370,45.87,70,62,77.85
2025-08-14T05:15:06.138852,0,NVIDIA GeForce RTX 4080 Laptop GPU,5634,12282,6370,45.87,64,61,81.48
2025-08-14T05:15:16.177463,0,NVIDIA GeForce RTX 4080 Laptop GPU,5634,12282,6370,45.87,57,63,75.99
2025-08-14T05:15:26.206753,0,NVIDIA GeForce RTX 4080 Laptop GPU,5634,12282,6370,45.87,57,67,75.79
2025-08-14T05:15:36.232745,0,NVIDIA GeForce RTX 4080 Laptop GPU,5634,12282,6370,45.87,57,61,81.39
2025-08-14T05:15:46.253018,0,NVIDIA GeForce RTX 4080 Laptop GPU,5634,12282,6370,45.87,61,64,79.41
2025-08-14T05:15:56.281208,0,NVIDIA GeForce RTX 4080 Laptop GPU,5634,12282,6370,45.87,63,61,80.15
2025-08-14T05:16:06.310430,0,NVIDIA GeForce RTX 4080 Laptop GPU,5634,12282,6370,45.87,66,62,75.07
2025-08-14T05:16:16.358863,0,NVIDIA GeForce RTX 4080 Laptop GPU,5634,12282,6370,45.87,70,60,74.96
2025-08-14T05:16:26.382991,0,NVIDIA GeForce RTX 4080 Laptop GPU,5634,12282,6370,45.87,69,59,76.19
2025-08-14T05:16:36.409218,0,NVIDIA GeForce RTX 4080 Laptop GPU,5634,12282,6370,45.87,52,67,74.43
2025-08-14T05:16:46.438065,0,NVIDIA GeForce RTX 4080 Laptop GPU,5634,12282,6370,45.87,68,63,72.73
2025-08-14T05:16:56.463471,0,NVIDIA GeForce RTX 4080 Laptop GPU,5634,12282,6370,45.87,71,63,76.17
2025-08-14T05:17:06.493110,0,NVIDIA GeForce RTX 4080 Laptop GPU,5634,12282,6370,45.87,71,64,75.84
2025-08-14T05:17:16.537788,0,NVIDIA GeForce RTX 4080 Laptop GPU,5634,12282,6370,45.87,70,62,84.03
2025-08-14T05:17:26.563736,0,NVIDIA GeForce RTX 4080 Laptop GPU,5634,12282,6370,45.87,0,56,48.75
2025-08-14T05:17:36.592463,0,NVIDIA GeForce RTX 4080 Laptop GPU,5634,12282,6370,45.87,57,59,77.67
2025-08-14T05:17:46.619824,0,NVIDIA GeForce RTX 4080 Laptop GPU,5634,12282,6370,45.87,70,67,71.99
2025-08-14T05:17:56.649333,0,NVIDIA GeForce RTX 4080 Laptop GPU,5634,12282,6370,45.87,72,62,80.51
2025-08-14T05:18:06.678282,0,NVIDIA GeForce RTX 4080 Laptop GPU,5634,12282,6370,45.87,58,59,71.89
2025-08-14T05:18:16.718326,0,NVIDIA GeForce RTX 4080 Laptop GPU,5634,12282,6370,45.87,63,59,78.0
2025-08-14T05:18:26.746640,0,NVIDIA GeForce RTX 4080 Laptop GPU,5634,12282,6370,45.87,70,60,79.28
2025-08-14T05:18:36.764150,0,NVIDIA GeForce RTX 4080 Laptop GPU,5634,12282,6370,45.87,61,68,77.72
2025-08-14T05:18:46.790045,0,NVIDIA GeForce RTX 4080 Laptop GPU,5634,12282,6370,45.87,57,59,78.64
2025-08-14T05:18:56.816031,0,NVIDIA GeForce RTX 4080 Laptop GPU,5634,12282,6370,45.87,54,59,79.75
2025-08-14T05:19:06.842219,0,NVIDIA GeForce RTX 4080 Laptop GPU,5634,12282,6370,45.87,58,59,73.37
2025-08-14T05:19:16.872605,0,NVIDIA GeForce RTX 4080 Laptop GPU,5634,12282,6370,45.87,63,60,74.39
2025-08-14T05:19:26.903762,0,NVIDIA GeForce RTX 4080 Laptop GPU,5634,12282,6370,45.87,70,62,79.43
2025-08-14T05:19:36.931891,0,NVIDIA GeForce RTX 4080 Laptop GPU,5634,12282,6370,45.87,58,61,74.47
2025-08-14T05:19:46.948662,0,NVIDIA GeForce RTX 4080 Laptop GPU,5634,12282,6370,45.87,62,67,74.43
2025-08-14T05:19:56.975443,0,NVIDIA GeForce RTX 4080 Laptop GPU,5634,12282,6370,45.87,71,64,79.5
2025-08-14T05:20:06.999907,0,NVIDIA GeForce RTX 4080 Laptop GPU,5634,12282,6370,45.87,69,65,80.29
2025-08-14T05:20:17.025382,0,NVIDIA GeForce RTX 4080 Laptop GPU,5634,12282,6370,45.87,64,59,73.73
2025-08-14T05:20:27.085197,0,NVIDIA GeForce RTX 4080 Laptop GPU,5634,12282,6370,45.87,70,60,78.54
2025-08-14T05:20:37.109468,0,NVIDIA GeForce RTX 4080 Laptop GPU,5634,12282,6370,45.87,67,59,83.78
2025-08-14T05:20:47.135986,0,NVIDIA GeForce RTX 4080 Laptop GPU,5634,12282,6370,45.87,63,69,81.07
2025-08-14T05:20:57.162706,0,NVIDIA GeForce RTX 4080 Laptop GPU,5634,12282,6370,45.87,59,59,71.72
2025-08-14T05:21:07.188496,0,NVIDIA GeForce RTX 4080 Laptop GPU,5634,12282,6370,45.87,65,60,74.82
2025-08-14T05:21:17.257158,0,NVIDIA GeForce RTX 4080 Laptop GPU,5634,12282,6370,45.87,65,63,83.39
2025-08-14T05:21:27.285230,0,NVIDIA GeForce RTX 4080 Laptop GPU,5634,12282,6370,45.87,69,59,78.32
2025-08-14T05:21:37.313747,0,NVIDIA GeForce RTX 4080 Laptop GPU,5634,12282,6370,45.87,70,58,71.96
2025-08-14T05:21:47.339607,0,NVIDIA GeForce RTX 4080 Laptop GPU,5634,12282,6370,45.87,59,59,74.51
2025-08-14T05:21:57.365045,0,NVIDIA GeForce RTX 4080 Laptop GPU,5634,12282,6370,45.87,59,61,77.88
2025-08-14T05:22:07.390357,0,NVIDIA GeForce RTX 4080 Laptop GPU,5634,12282,6370,45.87,69,60,78.63
2025-08-14T05:22:17.414327,0,NVIDIA GeForce RTX 4080 Laptop GPU,5634,12282,6370,45.87,65,67,78.33
2025-08-14T05:22:27.447927,0,NVIDIA GeForce RTX 4080 Laptop GPU,5634,12282,6370,45.87,56,66,73.43
2025-08-14T05:22:37.473273,0,NVIDIA GeForce RTX 4080 Laptop GPU,5634,12282,6370,45.87,55,65,73.36
2025-08-14T05:22:47.499357,0,NVIDIA GeForce RTX 4080 Laptop GPU,5634,12282,6370,45.87,59,64,72.02
2025-08-14T05:22:57.525779,0,NVIDIA GeForce RTX 4080 Laptop GPU,5634,12282,6370,45.87,57,59,75.42
2025-08-14T05:23:07.550413,0,NVIDIA GeForce RTX 4080 Laptop GPU,5634,12282,6370,45.87,58,59,79.44
2025-08-14T05:23:17.618924,0,NVIDIA GeForce RTX 4080 Laptop GPU,5634,12282,6370,45.87,64,61,80.7
2025-08-14T05:23:27.645269,0,NVIDIA GeForce RTX 4080 Laptop GPU,5634,12282,6370,45.87,62,61,77.08
2025-08-14T05:23:37.672599,0,NVIDIA GeForce RTX 4080 Laptop GPU,5634,12282,6370,45.87,56,62,84.01
2025-08-14T05:23:47.698278,0,NVIDIA GeForce RTX 4080 Laptop GPU,5634,12282,6370,45.87,68,65,72.48
2025-08-14T05:23:57.723384,0,NVIDIA GeForce RTX 4080 Laptop GPU,5634,12282,6370,45.87,50,60,75.12
2025-08-14T05:24:07.744280,0,NVIDIA GeForce RTX 4080 Laptop GPU,5634,12282,6370,45.87,69,61,72.6
2025-08-14T05:24:17.773727,0,NVIDIA GeForce RTX 4080 Laptop GPU,5634,12282,6370,45.87,33,57,51.86
2025-08-14T05:24:27.806701,0,NVIDIA GeForce RTX 4080 Laptop GPU,5634,12282,6370,45.87,57,69,78.64
2025-08-14T05:24:37.828241,0,NVIDIA GeForce RTX 4080 Laptop GPU,5634,12282,6370,45.87,61,60,77.39
2025-08-14T05:24:47.856640,0,NVIDIA GeForce RTX 4080 Laptop GPU,5480,12282,6524,44.62,60,59,74.78
2025-08-14T05:24:57.880545,0,NVIDIA GeForce RTX 4080 Laptop GPU,5634,12282,6370,45.87,65,64,73.87
2025-08-14T05:25:07.905466,0,NVIDIA GeForce RTX 4080 Laptop GPU,5634,12282,6370,45.87,62,59,73.76
2025-08-14T05:25:17.930480,0,NVIDIA GeForce RTX 4080 Laptop GPU,5632,12282,6372,45.86,64,66,79.29
2025-08-14T05:25:27.956323,0,NVIDIA GeForce RTX 4080 Laptop GPU,5634,12282,6370,45.87,67,59,79.64
2025-08-14T05:25:37.981440,0,NVIDIA GeForce RTX 4080 Laptop GPU,5634,12282,6370,45.87,59,59,73.35
2025-08-14T05:25:48.006722,0,NVIDIA GeForce RTX 4080 Laptop GPU,5632,12282,6372,45.86,66,59,79.51
2025-08-14T05:25:58.026681,0,NVIDIA GeForce RTX 4080 Laptop GPU,5634,12282,6370,45.87,53,60,76.98
2025-08-14T05:26:08.048363,0,NVIDIA GeForce RTX 4080 Laptop GPU,5634,12282,6370,45.87,64,65,73.42
2025-08-14T05:26:18.076556,0,NVIDIA GeForce RTX 4080 Laptop GPU,5634,12282,6370,45.87,60,59,81.84
2025-08-14T05:26:28.101230,0,NVIDIA GeForce RTX 4080 Laptop GPU,5634,12282,6370,45.87,67,62,80.48
2025-08-14T05:26:38.164093,0,NVIDIA GeForce RTX 4080 Laptop GPU,5634,12282,6370,45.87,66,63,71.83
2025-08-14T05:26:48.189048,0,NVIDIA GeForce RTX 4080 Laptop GPU,5634,12282,6370,45.87,63,59,74.4
2025-08-14T05:26:58.217060,0,NVIDIA GeForce RTX 4080 Laptop GPU,5634,12282,6370,45.87,70,66,68.87
2025-08-14T05:27:08.242760,0,NVIDIA GeForce RTX 4080 Laptop GPU,5636,12282,6368,45.89,57,58,60.3
2025-08-14T05:27:18.267356,0,NVIDIA GeForce RTX 4080 Laptop GPU,5632,12282,6372,45.86,66,60,78.81
2025-08-14T05:27:28.288357,0,NVIDIA GeForce RTX 4080 Laptop GPU,5636,12282,6368,45.89,71,60,72.85
2025-08-14T05:27:38.344724,0,NVIDIA GeForce RTX 4080 Laptop GPU,5636,12282,6368,45.89,63,63,73.68
2025-08-14T05:27:48.372650,0,NVIDIA GeForce RTX 4080 Laptop GPU,5636,12282,6368,45.89,46,67,73.11
2025-08-14T05:27:58.399243,0,NVIDIA GeForce RTX 4080 Laptop GPU,5636,12282,6368,45.89,51,63,78.96
2025-08-14T05:28:08.425507,0,NVIDIA GeForce RTX 4080 Laptop GPU,5636,12282,6368,45.89,67,69,75.1
2025-08-14T05:28:18.453683,0,NVIDIA GeForce RTX 4080 Laptop GPU,5632,12282,6372,45.86,54,59,77.93
2025-08-14T05:28:28.527055,0,NVIDIA GeForce RTX 4080 Laptop GPU,5636,12282,6368,45.89,59,62,72.34
2025-08-14T05:28:38.551902,0,NVIDIA GeForce RTX 4080 Laptop GPU,5636,12282,6368,45.89,59,60,74.29
2025-08-14T05:28:48.577706,0,NVIDIA GeForce RTX 4080 Laptop GPU,5632,12282,6372,45.86,57,59,79.71
2025-08-14T05:28:58.604610,0,NVIDIA GeForce RTX 4080 Laptop GPU,5636,12282,6368,45.89,64,62,70.71
2025-08-14T05:29:08.631064,0,NVIDIA GeForce RTX 4080 Laptop GPU,5636,12282,6368,45.89,70,64,75.24
2025-08-14T05:29:18.704108,0,NVIDIA GeForce RTX 4080 Laptop GPU,5632,12282,6372,45.86,71,61,79.25
2025-08-14T05:29:28.725288,0,NVIDIA GeForce RTX 4080 Laptop GPU,5636,12282,6368,45.89,72,59,74.62
2025-08-14T05:29:38.754544,0,NVIDIA GeForce RTX 4080 Laptop GPU,5636,12282,6368,45.89,61,64,73.31
2025-08-14T05:29:48.786081,0,NVIDIA GeForce RTX 4080 Laptop GPU,5636,12282,6368,45.89,65,59,71.98
2025-08-14T05:29:58.816348,0,NVIDIA GeForce RTX 4080 Laptop GPU,5636,12282,6368,45.89,58,65,79.63
2025-08-14T05:30:08.873262,0,NVIDIA GeForce RTX 4080 Laptop GPU,5636,12282,6368,45.89,65,69,72.0
2025-08-14T05:30:18.904256,0,NVIDIA GeForce RTX 4080 Laptop GPU,5636,12282,6368,45.89,60,64,74.71
2025-08-14T05:30:28.933612,0,NVIDIA GeForce RTX 4080 Laptop GPU,5636,12282,6368,45.89,58,61,76.78
2025-08-14T05:30:38.961185,0,NVIDIA GeForce RTX 4080 Laptop GPU,5636,12282,6368,45.89,66,66,78.34
2025-08-14T05:30:48.986349,0,NVIDIA GeForce RTX 4080 Laptop GPU,5632,12282,6372,45.86,69,64,80.05
2025-08-14T05:30:59.017397,0,NVIDIA GeForce RTX 4080 Laptop GPU,5636,12282,6368,45.89,65,69,75.37
2025-08-14T05:31:09.052327,0,NVIDIA GeForce RTX 4080 Laptop GPU,5636,12282,6368,45.89,56,67,73.84
2025-08-14T05:31:19.073057,0,NVIDIA GeForce RTX 4080 Laptop GPU,5636,12282,6368,45.89,62,65,71.13
2025-08-14T05:31:29.102697,0,NVIDIA GeForce RTX 4080 Laptop GPU,5636,12282,6368,45.89,66,60,76.32
2025-08-14T05:31:39.129581,0,NVIDIA GeForce RTX 4080 Laptop GPU,5636,12282,6368,45.89,67,61,77.42
2025-08-14T05:31:49.149284,0,NVIDIA GeForce RTX 4080 Laptop GPU,5636,12282,6368,45.89,64,66,78.12
2025-08-14T05:31:59.178978,0,NVIDIA GeForce RTX 4080 Laptop GPU,5636,12282,6368,45.89,64,70,73.57
2025-08-14T05:32:09.233675,0,NVIDIA GeForce RTX 4080 Laptop GPU,5636,12282,6368,45.89,56,60,76.06
2025-08-14T05:32:19.259589,0,NVIDIA GeForce RTX 4080 Laptop GPU,5636,12282,6368,45.89,60,59,77.93
2025-08-14T05:32:29.287551,0,NVIDIA GeForce RTX 4080 Laptop GPU,5636,12282,6368,45.89,56,60,73.63
2025-08-14T05:32:39.313306,0,NVIDIA GeForce RTX 4080 Laptop GPU,5636,12282,6368,45.89,59,62,80.26
2025-08-14T05:32:49.339048,0,NVIDIA GeForce RTX 4080 Laptop GPU,5634,12282,6370,45.87,54,60,78.32
2025-08-14T05:32:59.368623,0,NVIDIA GeForce RTX 4080 Laptop GPU,5634,12282,6370,45.87,57,66,74.33
2025-08-14T05:33:09.412614,0,NVIDIA GeForce RTX 4080 Laptop GPU,5634,12282,6370,45.87,66,67,77.31
2025-08-14T05:33:19.440080,0,NVIDIA GeForce RTX 4080 Laptop GPU,5634,12282,6370,45.87,53,65,71.5
2025-08-14T05:33:29.465089,0,NVIDIA GeForce RTX 4080 Laptop GPU,5634,12282,6370,45.87,61,65,74.19
2025-08-14T05:33:39.485914,0,NVIDIA GeForce RTX 4080 Laptop GPU,5634,12282,6370,45.87,63,59,75.92
2025-08-14T05:33:49.507503,0,NVIDIA GeForce RTX 4080 Laptop GPU,5634,12282,6370,45.87,53,60,79.05
2025-08-14T05:33:59.535258,0,NVIDIA GeForce RTX 4080 Laptop GPU,5634,12282,6370,45.87,54,59,72.71
2025-08-14T05:34:09.573544,0,NVIDIA GeForce RTX 4080 Laptop GPU,5634,12282,6370,45.87,56,59,77.49
2025-08-14T05:34:19.604730,0,NVIDIA GeForce RTX 4080 Laptop GPU,5634,12282,6370,45.87,56,63,75.5
2025-08-14T05:34:29.632906,0,NVIDIA GeForce RTX 4080 Laptop GPU,5634,12282,6370,45.87,57,67,75.35
2025-08-14T05:34:39.664123,0,NVIDIA GeForce RTX 4080 Laptop GPU,5634,12282,6370,45.87,60,67,77.45
2025-08-14T05:34:49.684385,0,NVIDIA GeForce RTX 4080 Laptop GPU,5634,12282,6370,45.87,57,59,74.36
2025-08-14T05:34:59.708956,0,NVIDIA GeForce RTX 4080 Laptop GPU,5634,12282,6370,45.87,66,60,76.54
2025-08-14T05:35:09.734762,0,NVIDIA GeForce RTX 4080 Laptop GPU,5634,12282,6370,45.87,56,63,77.51
2025-08-14T05:35:19.787873,0,NVIDIA GeForce RTX 4080 Laptop GPU,5634,12282,6370,45.87,55,65,74.28
2025-08-14T05:35:29.813703,0,NVIDIA GeForce RTX 4080 Laptop GPU,5634,12282,6370,45.87,57,61,78.99
2025-08-14T05:35:39.839234,0,NVIDIA GeForce RTX 4080 Laptop GPU,5634,12282,6370,45.87,57,59,77.69
2025-08-14T05:35:49.865329,0,NVIDIA GeForce RTX 4080 Laptop GPU,5634,12282,6370,45.87,55,59,73.2
2025-08-14T05:35:59.894592,0,NVIDIA GeForce RTX 4080 Laptop GPU,5634,12282,6370,45.87,59,62,72.32
2025-08-14T05:36:09.953628,0,NVIDIA GeForce RTX 4080 Laptop GPU,5634,12282,6370,45.87,63,69,74.03
2025-08-14T05:36:19.980726,0,NVIDIA GeForce RTX 4080 Laptop GPU,5634,12282,6370,45.87,61,61,78.13
2025-08-14T05:36:30.005275,0,NVIDIA GeForce RTX 4080 Laptop GPU,5634,12282,6370,45.87,69,59,77.22
2025-08-14T05:36:40.030630,0,NVIDIA GeForce RTX 4080 Laptop GPU,5634,12282,6370,45.87,69,59,73.7
2025-08-14T05:36:50.057282,0,NVIDIA GeForce RTX 4080 Laptop GPU,5634,12282,6370,45.87,54,59,74.83
2025-08-14T05:37:00.076377,0,NVIDIA GeForce RTX 4080 Laptop GPU,5634,12282,6370,45.87,52,62,79.04
2025-08-14T05:37:10.096634,0,NVIDIA GeForce RTX 4080 Laptop GPU,5634,12282,6370,45.87,66,60,78.82
2025-08-14T05:37:20.139233,0,NVIDIA GeForce RTX 4080 Laptop GPU,5634,12282,6370,45.87,57,62,72.79
2025-08-14T05:37:30.164971,0,NVIDIA GeForce RTX 4080 Laptop GPU,5634,12282,6370,45.87,62,61,75.79
2025-08-14T05:37:40.191590,0,NVIDIA GeForce RTX 4080 Laptop GPU,5632,12282,6372,45.86,60,64,79.8
2025-08-14T05:37:50.219345,0,NVIDIA GeForce RTX 4080 Laptop GPU,5634,12282,6370,45.87,58,60,76.6
2025-08-14T05:38:00.247022,0,NVIDIA GeForce RTX 4080 Laptop GPU,5634,12282,6370,45.87,70,62,70.21
2025-08-14T05:38:10.272664,0,NVIDIA GeForce RTX 4080 Laptop GPU,5634,12282,6370,45.87,59,60,74.96
2025-08-14T05:38:20.325824,0,NVIDIA GeForce RTX 4080 Laptop GPU,5634,12282,6370,45.87,62,61,82.93
2025-08-14T05:38:30.356191,0,NVIDIA GeForce RTX 4080 Laptop GPU,5634,12282,6370,45.87,58,67,77.96
2025-08-14T05:38:40.382820,0,NVIDIA GeForce RTX 4080 Laptop GPU,5632,12282,6372,45.86,58,59,77.79
2025-08-14T05:38:50.407629,0,NVIDIA GeForce RTX 4080 Laptop GPU,5634,12282,6370,45.87,63,68,77.56
2025-08-14T05:39:00.433329,0,NVIDIA GeForce RTX 4080 Laptop GPU,5634,12282,6370,45.87,59,67,78.28
2025-08-14T05:39:10.474195,0,NVIDIA GeForce RTX 4080 Laptop GPU,5634,12282,6370,45.87,63,68,74.24
2025-08-14T05:39:20.498845,0,NVIDIA GeForce RTX 4080 Laptop GPU,5634,12282,6370,45.87,60,59,77.35
2025-08-14T05:39:30.524119,0,NVIDIA GeForce RTX 4080 Laptop GPU,5634,12282,6370,45.87,66,59,75.67
2025-08-14T05:39:40.550500,0,NVIDIA GeForce RTX 4080 Laptop GPU,5634,12282,6370,45.87,54,68,70.04
2025-08-14T05:39:50.577803,0,NVIDIA GeForce RTX 4080 Laptop GPU,5634,12282,6370,45.87,70,64,73.45
2025-08-14T05:40:00.605240,0,NVIDIA GeForce RTX 4080 Laptop GPU,5634,12282,6370,45.87,59,60,78.4
2025-08-14T05:40:10.634033,0,NVIDIA GeForce RTX 4080 Laptop GPU,5634,12282,6370,45.87,57,65,77.17
2025-08-14T05:40:20.678699,0,NVIDIA GeForce RTX 4080 Laptop GPU,5634,12282,6370,45.87,54,63,74.91
2025-08-14T05:40:30.705517,0,NVIDIA GeForce RTX 4080 Laptop GPU,5634,12282,6370,45.87,57,63,72.18
2025-08-14T05:40:40.730551,0,NVIDIA GeForce RTX 4080 Laptop GPU,5632,12282,6372,45.86,69,58,73.91
2025-08-14T05:40:50.756257,0,NVIDIA GeForce RTX 4080 Laptop GPU,5634,12282,6370,45.87,70,65,75.7
2025-08-14T05:41:00.782222,0,NVIDIA GeForce RTX 4080 Laptop GPU,5634,12282,6370,45.87,61,64,76.72
2025-08-14T05:41:10.805167,0,NVIDIA GeForce RTX 4080 Laptop GPU,5634,12282,6370,45.87,66,63,72.37
2025-08-14T05:41:20.834886,0,NVIDIA GeForce RTX 4080 Laptop GPU,5636,12282,6368,45.89,58,59,78.46
2025-08-14T05:41:30.868771,0,NVIDIA GeForce RTX 4080 Laptop GPU,5636,12282,6368,45.89,64,62,72.31
2025-08-14T05:41:40.893042,0,NVIDIA GeForce RTX 4080 Laptop GPU,5636,12282,6368,45.89,64,59,77.77
2025-08-14T05:41:50.916700,0,NVIDIA GeForce RTX 4080 Laptop GPU,5636,12282,6368,45.89,9,60,38.93
2025-08-14T05:42:00.945402,0,NVIDIA GeForce RTX 4080 Laptop GPU,5636,12282,6368,45.89,54,60,76.81
2025-08-14T05:42:10.967070,0,NVIDIA GeForce RTX 4080 Laptop GPU,5636,12282,6368,45.89,66,64,82.02
2025-08-14T05:42:21.011130,0,NVIDIA GeForce RTX 4080 Laptop GPU,5636,12282,6368,45.89,68,67,75.23
2025-08-14T05:42:31.046503,0,NVIDIA GeForce RTX 4080 Laptop GPU,5636,12282,6368,45.89,65,59,80.72
2025-08-14T05:42:41.072315,0,NVIDIA GeForce RTX 4080 Laptop GPU,5636,12282,6368,45.89,64,59,75.8
2025-08-14T05:42:51.097647,0,NVIDIA GeForce RTX 4080 Laptop GPU,5636,12282,6368,45.89,55,60,76.29
2025-08-14T05:43:01.127091,0,NVIDIA GeForce RTX 4080 Laptop GPU,5636,12282,6368,45.89,58,62,74.1
2025-08-14T05:43:11.154217,0,NVIDIA GeForce RTX 4080 Laptop GPU,5636,12282,6368,45.89,55,60,75.95
2025-08-14T05:43:21.220691,0,NVIDIA GeForce RTX 4080 Laptop GPU,5636,12282,6368,45.89,66,61,83.25
2025-08-14T05:43:31.236945,0,NVIDIA GeForce RTX 4080 Laptop GPU,5636,12282,6368,45.89,65,60,78.71
2025-08-14T05:43:41.264225,0,NVIDIA GeForce RTX 4080 Laptop GPU,5636,12282,6368,45.89,59,65,79.39
2025-08-14T05:43:51.290655,0,NVIDIA GeForce RTX 4080 Laptop GPU,5636,12282,6368,45.89,58,64,75.76
2025-08-14T05:44:01.317365,0,NVIDIA GeForce RTX 4080 Laptop GPU,5636,12282,6368,45.89,63,64,70.68
2025-08-14T05:44:11.338230,0,NVIDIA GeForce RTX 4080 Laptop GPU,5636,12282,6368,45.89,70,66,79.84
2025-08-14T05:44:21.392022,0,NVIDIA GeForce RTX 4080 Laptop GPU,5634,12282,6370,45.87,59,58,74.08
2025-08-14T05:44:31.418946,0,NVIDIA GeForce RTX 4080 Laptop GPU,5634,12282,6370,45.87,56,67,79.17
2025-08-14T05:44:41.445014,0,NVIDIA GeForce RTX 4080 Laptop GPU,5634,12282,6370,45.87,69,58,76.5
2025-08-14T05:44:51.477816,0,NVIDIA GeForce RTX 4080 Laptop GPU,5634,12282,6370,45.87,61,68,74.24
2025-08-14T05:45:01.504332,0,NVIDIA GeForce RTX 4080 Laptop GPU,5634,12282,6370,45.87,65,63,77.6
2025-08-14T05:45:11.531150,0,NVIDIA GeForce RTX 4080 Laptop GPU,5634,12282,6370,45.87,65,61,78.9
2025-08-14T05:45:21.585780,0,NVIDIA GeForce RTX 4080 Laptop GPU,5634,12282,6370,45.87,69,61,79.56
2025-08-14T05:45:31.611414,0,NVIDIA GeForce RTX 4080 Laptop GPU,5634,12282,6370,45.87,72,59,74.61
2025-08-14T05:45:41.634579,0,NVIDIA GeForce RTX 4080 Laptop GPU,5632,12282,6372,45.86,57,59,75.69
2025-08-14T05:45:51.663829,0,NVIDIA GeForce RTX 4080 Laptop GPU,5634,12282,6370,45.87,61,62,81.06
2025-08-14T05:46:01.689758,0,NVIDIA GeForce RTX 4080 Laptop GPU,5634,12282,6370,45.87,55,63,77.02
2025-08-14T05:46:11.716764,0,NVIDIA GeForce RTX 4080 Laptop GPU,5634,12282,6370,45.87,59,61,74.42
2025-08-14T05:46:21.766274,0,NVIDIA GeForce RTX 4080 Laptop GPU,5634,12282,6370,45.87,57,65,79.9
2025-08-14T05:46:31.792294,0,NVIDIA GeForce RTX 4080 Laptop GPU,5634,12282,6370,45.87,66,60,74.26
2025-08-14T05:46:41.818974,0,NVIDIA GeForce RTX 4080 Laptop GPU,5634,12282,6370,45.87,56,63,77.44
2025-08-14T05:46:51.837488,0,NVIDIA GeForce RTX 4080 Laptop GPU,5634,12282,6370,45.87,33,57,51.31
2025-08-14T05:47:01.862224,0,NVIDIA GeForce RTX 4080 Laptop GPU,5634,12282,6370,45.87,51,59,79.13
2025-08-14T05:47:11.887130,0,NVIDIA GeForce RTX 4080 Laptop GPU,5634,12282,6370,45.87,55,59,77.15
2025-08-14T05:47:21.940527,0,NVIDIA GeForce RTX 4080 Laptop GPU,5634,12282,6370,45.87,57,63,74.62
2025-08-14T05:47:31.971058,0,NVIDIA GeForce RTX 4080 Laptop GPU,5634,12282,6370,45.87,59,64,78.55
2025-08-14T05:47:42.000422,0,NVIDIA GeForce RTX 4080 Laptop GPU,5634,12282,6370,45.87,57,64,77.42
2025-08-14T05:47:52.025284,0,NVIDIA GeForce RTX 4080 Laptop GPU,5634,12282,6370,45.87,59,61,75.91
2025-08-14T05:48:02.052049,0,NVIDIA GeForce RTX 4080 Laptop GPU,5634,12282,6370,45.87,60,60,74.74
2025-08-14T05:48:12.075491,0,NVIDIA GeForce RTX 4080 Laptop GPU,5634,12282,6370,45.87,67,60,72.36
2025-08-14T05:48:22.120814,0,NVIDIA GeForce RTX 4080 Laptop GPU,5634,12282,6370,45.87,68,60,79.68
2025-08-14T05:48:32.151771,0,NVIDIA GeForce RTX 4080 Laptop GPU,5634,12282,6370,45.87,57,67,72.39
2025-08-14T05:48:42.177618,0,NVIDIA GeForce RTX 4080 Laptop GPU,5634,12282,6370,45.87,59,61,76.71
2025-08-14T05:48:52.205321,0,NVIDIA GeForce RTX 4080 Laptop GPU,5634,12282,6370,45.87,59,60,77.0
2025-08-14T05:49:02.230410,0,NVIDIA GeForce RTX 4080 Laptop GPU,5634,12282,6370,45.87,61,60,73.26
2025-08-14T05:49:12.260942,0,NVIDIA GeForce RTX 4080 Laptop GPU,5634,12282,6370,45.87,52,60,81.65
2025-08-14T05:49:22.279975,0,NVIDIA GeForce RTX 4080 Laptop GPU,5634,12282,6370,45.87,61,59,76.24
2025-08-14T05:49:32.304987,0,NVIDIA GeForce RTX 4080 Laptop GPU,5634,12282,6370,45.87,63,59,78.71
2025-08-14T05:49:42.331256,0,NVIDIA GeForce RTX 4080 Laptop GPU,5632,12282,6372,45.86,65,60,73.99
2025-08-14T05:49:52.357907,0,NVIDIA GeForce RTX 4080 Laptop GPU,5634,12282,6370,45.87,69,59,72.57
2025-08-14T05:50:02.375117,0,NVIDIA GeForce RTX 4080 Laptop GPU,5634,12282,6370,45.87,60,64,79.25
2025-08-14T05:50:12.401818,0,NVIDIA GeForce RTX 4080 Laptop GPU,5634,12282,6370,45.87,68,64,79.01
2025-08-14T05:50:22.427741,0,NVIDIA GeForce RTX 4080 Laptop GPU,5634,12282,6370,45.87,64,65,79.39
2025-08-14T05:50:32.454581,0,NVIDIA GeForce RTX 4080 Laptop GPU,5634,12282,6370,45.87,57,59,79.03
2025-08-14T05:50:42.484248,0,NVIDIA GeForce RTX 4080 Laptop GPU,5634,12282,6370,45.87,52,65,77.16
2025-08-14T05:50:52.509652,0,NVIDIA GeForce RTX 4080 Laptop GPU,5634,12282,6370,45.87,60,63,75.82
2025-08-14T05:51:02.537814,0,NVIDIA GeForce RTX 4080 Laptop GPU,5634,12282,6370,45.87,62,60,71.99
2025-08-14T05:51:12.562843,0,NVIDIA GeForce RTX 4080 Laptop GPU,5634,12282,6370,45.87,58,59,74.27
2025-08-14T05:51:22.587865,0,NVIDIA GeForce RTX 4080 Laptop GPU,5634,12282,6370,45.87,57,63,79.16
2025-08-14T05:51:32.628544,0,NVIDIA GeForce RTX 4080 Laptop GPU,5634,12282,6370,45.87,63,59,75.79
2025-08-14T05:51:42.644879,0,NVIDIA GeForce RTX 4080 Laptop GPU,5634,12282,6370,45.87,64,59,77.54
2025-08-14T05:51:52.665575,0,NVIDIA GeForce RTX 4080 Laptop GPU,5634,12282,6370,45.87,63,60,77.08
2025-08-14T05:52:02.689168,0,NVIDIA GeForce RTX 4080 Laptop GPU,5634,12282,6370,45.87,54,60,75.29
2025-08-14T05:52:12.718602,0,NVIDIA GeForce RTX 4080 Laptop GPU,5634,12282,6370,45.87,60,59,79.19
2025-08-14T05:52:22.746853,0,NVIDIA GeForce RTX 4080 Laptop GPU,5634,12282,6370,45.87,59,61,77.56
2025-08-14T05:52:32.777418,0,NVIDIA GeForce RTX 4080 Laptop GPU,5634,12282,6370,45.87,60,63,77.3
2025-08-14T05:52:42.846391,0,NVIDIA GeForce RTX 4080 Laptop GPU,5634,12282,6370,45.87,61,62,75.84
2025-08-14T05:52:52.871467,0,NVIDIA GeForce RTX 4080 Laptop GPU,5634,12282,6370,45.87,58,68,71.23
2025-08-14T05:53:02.889907,0,NVIDIA GeForce RTX 4080 Laptop GPU,5634,12282,6370,45.87,59,65,78.06
2025-08-14T05:53:12.916637,0,NVIDIA GeForce RTX 4080 Laptop GPU,5634,12282,6370,45.87,60,62,73.32
2025-08-14T05:53:22.942460,0,NVIDIA GeForce RTX 4080 Laptop GPU,5634,12282,6370,45.87,64,61,78.49
2025-08-14T05:53:32.966979,0,NVIDIA GeForce RTX 4080 Laptop GPU,5634,12282,6370,45.87,62,64,80.25
2025-08-14T05:53:42.996193,0,NVIDIA GeForce RTX 4080 Laptop GPU,5634,12282,6370,45.87,65,60,81.53
2025-08-14T05:53:53.024155,0,NVIDIA GeForce RTX 4080 Laptop GPU,5634,12282,6370,45.87,58,65,72.05
2025-08-14T05:54:03.051694,0,NVIDIA GeForce RTX 4080 Laptop GPU,5634,12282,6370,45.87,52,63,80.38
2025-08-14T05:54:13.077324,0,NVIDIA GeForce RTX 4080 Laptop GPU,5634,12282,6370,45.87,65,68,76.41
2025-08-14T05:54:23.105838,0,NVIDIA GeForce RTX 4080 Laptop GPU,5634,12282,6370,45.87,54,59,75.9
2025-08-14T05:54:33.126329,0,NVIDIA GeForce RTX 4080 Laptop GPU,5634,12282,6370,45.87,62,60,73.54
2025-08-14T05:54:43.206621,0,NVIDIA GeForce RTX 4080 Laptop GPU,5634,12282,6370,45.87,58,69,78.58
2025-08-14T05:54:53.235158,0,NVIDIA GeForce RTX 4080 Laptop GPU,5634,12282,6370,45.87,59,62,74.42
2025-08-14T05:55:03.261292,0,NVIDIA GeForce RTX 4080 Laptop GPU,5634,12282,6370,45.87,58,60,76.59
2025-08-14T05:55:13.284251,0,NVIDIA GeForce RTX 4080 Laptop GPU,5634,12282,6370,45.87,63,65,74.15
2025-08-14T05:55:23.311334,0,NVIDIA GeForce RTX 4080 Laptop GPU,5634,12282,6370,45.87,57,62,76.11
2025-08-14T05:55:33.388296,0,NVIDIA GeForce RTX 4080 Laptop GPU,5634,12282,6370,45.87,57,69,70.68
2025-08-14T05:55:43.417775,0,NVIDIA GeForce RTX 4080 Laptop GPU,5634,12282,6370,45.87,58,62,79.97
2025-08-14T05:55:53.443057,0,NVIDIA GeForce RTX 4080 Laptop GPU,5634,12282,6370,45.87,68,61,74.64
2025-08-14T05:56:03.471479,0,NVIDIA GeForce RTX 4080 Laptop GPU,5634,12282,6370,45.87,52,60,81.71
2025-08-14T05:56:13.499626,0,NVIDIA GeForce RTX 4080 Laptop GPU,5634,12282,6370,45.87,60,59,74.41
2025-08-14T05:56:23.558393,0,NVIDIA GeForce RTX 4080 Laptop GPU,5634,12282,6370,45.87,60,58,73.9
2025-08-14T05:56:33.575379,0,NVIDIA GeForce RTX 4080 Laptop GPU,5634,12282,6370,45.87,67,59,77.68
2025-08-14T05:56:43.599741,0,NVIDIA GeForce RTX 4080 Laptop GPU,5634,12282,6370,45.87,69,59,77.35
2025-08-14T05:56:53.619130,0,NVIDIA GeForce RTX 4080 Laptop GPU,5634,12282,6370,45.87,62,65,78.56
2025-08-14T05:57:03.645175,0,NVIDIA GeForce RTX 4080 Laptop GPU,5634,12282,6370,45.87,58,61,80.24
2025-08-14T05:57:13.676394,0,NVIDIA GeForce RTX 4080 Laptop GPU,5634,12282,6370,45.87,64,66,76.42
2025-08-14T05:57:23.741811,0,NVIDIA GeForce RTX 4080 Laptop GPU,5634,12282,6370,45.87,56,65,75.49
2025-08-14T05:57:33.768866,0,NVIDIA GeForce RTX 4080 Laptop GPU,5634,12282,6370,45.87,59,63,75.2
2025-08-14T05:57:43.794586,0,NVIDIA GeForce RTX 4080 Laptop GPU,5634,12282,6370,45.87,69,58,78.84
2025-08-14T05:57:53.819582,0,NVIDIA GeForce RTX 4080 Laptop GPU,5634,12282,6370,45.87,66,60,74.56
2025-08-14T05:58:03.847508,0,NVIDIA GeForce RTX 4080 Laptop GPU,5634,12282,6370,45.87,72,65,76.76
2025-08-14T05:58:13.873696,0,NVIDIA GeForce RTX 4080 Laptop GPU,5636,12282,6368,45.89,60,58,74.59
2025-08-14T05:58:23.898878,0,NVIDIA GeForce RTX 4080 Laptop GPU,5636,12282,6368,45.89,56,59,75.41
2025-08-14T05:58:33.923240,0,NVIDIA GeForce RTX 4080 Laptop GPU,5636,12282,6368,45.89,56,64,77.72
2025-08-14T05:58:43.953883,0,NVIDIA GeForce RTX 4080 Laptop GPU,5636,12282,6368,45.89,61,65,78.24
2025-08-14T05:58:53.971750,0,NVIDIA GeForce RTX 4080 Laptop GPU,5636,12282,6368,45.89,60,59,76.45
2025-08-14T05:59:03.994203,0,NVIDIA GeForce RTX 4080 Laptop GPU,5636,12282,6368,45.89,51,59,76.22
2025-08-14T05:59:14.020465,0,NVIDIA GeForce RTX 4080 Laptop GPU,5636,12282,6368,45.89,60,59,80.7
2025-08-14T05:59:24.045942,0,NVIDIA GeForce RTX 4080 Laptop GPU,5636,12282,6368,45.89,57,59,80.88
2025-08-14T05:59:34.073090,0,NVIDIA GeForce RTX 4080 Laptop GPU,5636,12282,6368,45.89,60,59,78.12
2025-08-14T05:59:44.112071,0,NVIDIA GeForce RTX 4080 Laptop GPU,5636,12282,6368,45.89,64,62,78.6
2025-08-14T05:59:54.136589,0,NVIDIA GeForce RTX 4080 Laptop GPU,5636,12282,6368,45.89,62,67,75.13
2025-08-14T06:00:04.161653,0,NVIDIA GeForce RTX 4080 Laptop GPU,5636,12282,6368,45.89,58,60,75.74
2025-08-14T06:00:14.191126,0,NVIDIA GeForce RTX 4080 Laptop GPU,5636,12282,6368,45.89,69,65,75.96
2025-08-14T06:00:24.220106,0,NVIDIA GeForce RTX 4080 Laptop GPU,5636,12282,6368,45.89,55,59,75.59
2025-08-14T06:00:34.248978,0,NVIDIA GeForce RTX 4080 Laptop GPU,5636,12282,6368,45.89,65,68,79.45
2025-08-14T06:00:44.271371,0,NVIDIA GeForce RTX 4080 Laptop GPU,5636,12282,6368,45.89,68,59,79.17
2025-08-14T06:00:54.294845,0,NVIDIA GeForce RTX 4080 Laptop GPU,5636,12282,6368,45.89,60,64,76.39
2025-08-14T06:01:04.324768,0,NVIDIA GeForce RTX 4080 Laptop GPU,5636,12282,6368,45.89,58,62,77.26
2025-08-14T06:01:14.352064,0,NVIDIA GeForce RTX 4080 Laptop GPU,5636,12282,6368,45.89,69,65,77.71
2025-08-14T06:01:24.383972,0,NVIDIA GeForce RTX 4080 Laptop GPU,5634,12282,6370,45.87,55,59,81.44
2025-08-14T06:01:34.411902,0,NVIDIA GeForce RTX 4080 Laptop GPU,5634,12282,6370,45.87,70,60,80.57
2025-08-14T06:01:44.430463,0,NVIDIA GeForce RTX 4080 Laptop GPU,5634,12282,6370,45.87,66,60,78.22
2025-08-14T06:01:54.459294,0,NVIDIA GeForce RTX 4080 Laptop GPU,5634,12282,6370,45.87,0,56,52.6
2025-08-14T06:02:04.484247,0,NVIDIA GeForce RTX 4080 Laptop GPU,5634,12282,6370,45.87,52,64,73.13
2025-08-14T06:02:14.515179,0,NVIDIA GeForce RTX 4080 Laptop GPU,5634,12282,6370,45.87,66,64,74.53
2025-08-14T06:02:24.540630,0,NVIDIA GeForce RTX 4080 Laptop GPU,5634,12282,6370,45.87,64,65,71.44
2025-08-14T06:02:34.568382,0,NVIDIA GeForce RTX 4080 Laptop GPU,5634,12282,6370,45.87,65,67,83.42
2025-08-14T06:02:44.653735,0,NVIDIA GeForce RTX 4080 Laptop GPU,5634,12282,6370,45.87,67,62,73.36
2025-08-14T06:02:54.679265,0,NVIDIA GeForce RTX 4080 Laptop GPU,5634,12282,6370,45.87,67,59,77.72
2025-08-14T06:03:04.705917,0,NVIDIA GeForce RTX 4080 Laptop GPU,5634,12282,6370,45.87,63,59,71.4
2025-08-14T06:03:14.736075,0,NVIDIA GeForce RTX 4080 Laptop GPU,5634,12282,6370,45.87,62,59,75.24
2025-08-14T06:03:24.768028,0,NVIDIA GeForce RTX 4080 Laptop GPU,5634,12282,6370,45.87,60,68,82.42
2025-08-14T06:03:34.799274,0,NVIDIA GeForce RTX 4080 Laptop GPU,5634,12282,6370,45.87,58,65,74.11
2025-08-14T06:03:44.837843,0,NVIDIA GeForce RTX 4080 Laptop GPU,5634,12282,6370,45.87,69,61,76.94
2025-08-14T06:03:54.869261,0,NVIDIA GeForce RTX 4080 Laptop GPU,5636,12282,6368,45.89,55,60,76.51
2025-08-14T06:04:04.896847,0,NVIDIA GeForce RTX 4080 Laptop GPU,5636,12282,6368,45.89,62,66,74.98
2025-08-14T06:04:14.923701,0,NVIDIA GeForce RTX 4080 Laptop GPU,5636,12282,6368,45.89,58,59,75.91
2025-08-14T06:04:24.949847,0,NVIDIA GeForce RTX 4080 Laptop GPU,5636,12282,6368,45.89,63,60,73.22
2025-08-14T06:04:35.008211,0,NVIDIA GeForce RTX 4080 Laptop GPU,5636,12282,6368,45.89,57,58,74.43
2025-08-14T06:04:45.036251,0,NVIDIA GeForce RTX 4080 Laptop GPU,5636,12282,6368,45.89,64,62,74.42
2025-08-14T06:04:55.062057,0,NVIDIA GeForce RTX 4080 Laptop GPU,5636,12282,6368,45.89,63,65,75.3
2025-08-14T06:05:05.089645,0,NVIDIA GeForce RTX 4080 Laptop GPU,5636,12282,6368,45.89,71,65,70.97
2025-08-14T06:05:15.118478,0,NVIDIA GeForce RTX 4080 Laptop GPU,5636,12282,6368,45.89,68,64,77.29
2025-08-14T06:05:25.153098,0,NVIDIA GeForce RTX 4080 Laptop GPU,5636,12282,6368,45.89,63,69,75.27
2025-08-14T06:05:35.178031,0,NVIDIA GeForce RTX 4080 Laptop GPU,5636,12282,6368,45.89,62,60,75.38
2025-08-14T06:05:45.203681,0,NVIDIA GeForce RTX 4080 Laptop GPU,5636,12282,6368,45.89,58,61,71.24
2025-08-14T06:05:55.235359,0,NVIDIA GeForce RTX 4080 Laptop GPU,5636,12282,6368,45.89,63,67,73.71
2025-08-14T06:06:05.261201,0,NVIDIA GeForce RTX 4080 Laptop GPU,5636,12282,6368,45.89,70,68,75.7
2025-08-14T06:06:15.289696,0,NVIDIA GeForce RTX 4080 Laptop GPU,5636,12282,6368,45.89,57,60,76.11
2025-08-14T06:06:25.319621,0,NVIDIA GeForce RTX 4080 Laptop GPU,5636,12282,6368,45.89,64,67,76.52
2025-08-14T06:06:35.343952,0,NVIDIA GeForce RTX 4080 Laptop GPU,5636,12282,6368,45.89,66,66,73.69
2025-08-14T06:06:45.380540,0,NVIDIA GeForce RTX 4080 Laptop GPU,5636,12282,6368,45.89,70,61,71.24
2025-08-14T06:06:55.405132,0,NVIDIA GeForce RTX 4080 Laptop GPU,5636,12282,6368,45.89,58,60,73.25
2025-08-14T06:07:05.433866,0,NVIDIA GeForce RTX 4080 Laptop GPU,5636,12282,6368,45.89,54,66,70.5
2025-08-14T06:07:15.459851,0,NVIDIA GeForce RTX 4080 Laptop GPU,5636,12282,6368,45.89,61,62,75.59
2025-08-14T06:07:25.485810,0,NVIDIA GeForce RTX 4080 Laptop GPU,5636,12282,6368,45.89,67,62,76.2
2025-08-14T06:07:35.549815,0,NVIDIA GeForce RTX 4080 Laptop GPU,5636,12282,6368,45.89,66,61,76.21
2025-08-14T06:07:45.577307,0,NVIDIA GeForce RTX 4080 Laptop GPU,5636,12282,6368,45.89,56,62,69.17
2025-08-14T06:07:55.605360,0,NVIDIA GeForce RTX 4080 Laptop GPU,5636,12282,6368,45.89,60,61,75.5
2025-08-14T06:08:05.629683,0,NVIDIA GeForce RTX 4080 Laptop GPU,5636,12282,6368,45.89,55,61,79.4
2025-08-14T06:08:15.657022,0,NVIDIA GeForce RTX 4080 Laptop GPU,5636,12282,6368,45.89,64,61,74.64
2025-08-14T06:08:25.694221,0,NVIDIA GeForce RTX 4080 Laptop GPU,5636,12282,6368,45.89,56,66,74.44
2025-08-14T06:08:35.724747,0,NVIDIA GeForce RTX 4080 Laptop GPU,5636,12282,6368,45.89,60,66,73.67
2025-08-14T06:08:45.750155,0,NVIDIA GeForce RTX 4080 Laptop GPU,5636,12282,6368,45.89,61,66,77.4
2025-08-14T06:08:55.775648,0,NVIDIA GeForce RTX 4080 Laptop GPU,5636,12282,6368,45.89,59,70,76.79
2025-08-14T06:09:05.801462,0,NVIDIA GeForce RTX 4080 Laptop GPU,5636,12282,6368,45.89,56,61,76.31
2025-08-14T06:09:15.818803,0,NVIDIA GeForce RTX 4080 Laptop GPU,5636,12282,6368,45.89,55,64,73.56
2025-08-14T06:09:25.847384,0,NVIDIA GeForce RTX 4080 Laptop GPU,5636,12282,6368,45.89,62,60,76.95
2025-08-14T06:09:35.910693,0,NVIDIA GeForce RTX 4080 Laptop GPU,5636,12282,6368,45.89,66,61,80.31
2025-08-14T06:09:45.929877,0,NVIDIA GeForce RTX 4080 Laptop GPU,5636,12282,6368,45.89,61,66,74.27
2025-08-14T06:09:55.958315,0,NVIDIA GeForce RTX 4080 Laptop GPU,5636,12282,6368,45.89,58,70,78.96
2025-08-14T06:10:05.983472,0,NVIDIA GeForce RTX 4080 Laptop GPU,5636,12282,6368,45.89,55,60,77.13
2025-08-14T06:10:16.008800,0,NVIDIA GeForce RTX 4080 Laptop GPU,5636,12282,6368,45.89,55,59,72.77
2025-08-14T06:10:26.034040,0,NVIDIA GeForce RTX 4080 Laptop GPU,5636,12282,6368,45.89,56,59,75.7
2025-08-14T06:10:36.060613,0,NVIDIA GeForce RTX 4080 Laptop GPU,5636,12282,6368,45.89,64,60,80.1
2025-08-14T06:10:46.085005,0,NVIDIA GeForce RTX 4080 Laptop GPU,5636,12282,6368,45.89,67,60,77.93
2025-08-14T06:10:56.112151,0,NVIDIA GeForce RTX 4080 Laptop GPU,5636,12282,6368,45.89,54,62,73.95
2025-08-14T06:11:06.142309,0,NVIDIA GeForce RTX 4080 Laptop GPU,5636,12282,6368,45.89,57,62,74.96
2025-08-14T06:11:16.171155,0,NVIDIA GeForce RTX 4080 Laptop GPU,5636,12282,6368,45.89,58,62,78.29
2025-08-14T06:11:26.200020,0,NVIDIA GeForce RTX 4080 Laptop GPU,5636,12282,6368,45.89,67,66,75.29
2025-08-14T06:11:36.229549,0,NVIDIA GeForce RTX 4080 Laptop GPU,5636,12282,6368,45.89,70,62,78.63
2025-08-14T06:11:46.260312,0,NVIDIA GeForce RTX 4080 Laptop GPU,5636,12282,6368,45.89,56,65,71.2
2025-08-14T06:11:56.289836,0,NVIDIA GeForce RTX 4080 Laptop GPU,5636,12282,6368,45.89,60,64,75.51
2025-08-14T06:12:06.315540,0,NVIDIA GeForce RTX 4080 Laptop GPU,5636,12282,6368,45.89,68,60,76.43
2025-08-14T06:12:16.341264,0,NVIDIA GeForce RTX 4080 Laptop GPU,5636,12282,6368,45.89,58,60,77.9
2025-08-14T06:12:26.365067,0,NVIDIA GeForce RTX 4080 Laptop GPU,5634,12282,6370,45.87,60,60,76.85
2025-08-14T06:12:36.391344,0,NVIDIA GeForce RTX 4080 Laptop GPU,5634,12282,6370,45.87,65,62,77.93
2025-08-14T06:12:46.415705,0,NVIDIA GeForce RTX 4080 Laptop GPU,5634,12282,6370,45.87,0,57,65.22
2025-08-14T06:12:56.445607,0,NVIDIA GeForce RTX 4080 Laptop GPU,5634,12282,6370,45.87,58,68,76.25
2025-08-14T06:13:06.471132,0,NVIDIA GeForce RTX 4080 Laptop GPU,5634,12282,6370,45.87,59,61,79.17
2025-08-14T06:13:16.502475,0,NVIDIA GeForce RTX 4080 Laptop GPU,5634,12282,6370,45.87,68,60,77.88
2025-08-14T06:13:26.528478,0,NVIDIA GeForce RTX 4080 Laptop GPU,5634,12282,6370,45.87,63,67,69.24
2025-08-14T06:13:36.548536,0,NVIDIA GeForce RTX 4080 Laptop GPU,5634,12282,6370,45.87,59,64,71.29
2025-08-14T06:13:46.586778,0,NVIDIA GeForce RTX 4080 Laptop GPU,5634,12282,6370,45.87,57,67,73.4
2025-08-14T06:13:56.617295,0,NVIDIA GeForce RTX 4080 Laptop GPU,5634,12282,6370,45.87,63,66,72.44
2025-08-14T06:14:06.647007,0,NVIDIA GeForce RTX 4080 Laptop GPU,5634,12282,6370,45.87,64,59,78.53
2025-08-14T06:14:16.673099,0,NVIDIA GeForce RTX 4080 Laptop GPU,5634,12282,6370,45.87,62,66,77.28
2025-08-14T06:14:26.698567,0,NVIDIA GeForce RTX 4080 Laptop GPU,5634,12282,6370,45.87,57,61,77.06
2025-08-14T06:14:36.726719,0,NVIDIA GeForce RTX 4080 Laptop GPU,5634,12282,6370,45.87,57,63,70.7
2025-08-14T06:14:46.765914,0,NVIDIA GeForce RTX 4080 Laptop GPU,5634,12282,6370,45.87,56,64,74.32
2025-08-14T06:14:56.795406,0,NVIDIA GeForce RTX 4080 Laptop GPU,5634,12282,6370,45.87,65,60,76.99
2025-08-14T06:15:06.822560,0,NVIDIA GeForce RTX 4080 Laptop GPU,5634,12282,6370,45.87,33,57,41.64
2025-08-14T06:15:16.849310,0,NVIDIA GeForce RTX 4080 Laptop GPU,5634,12282,6370,45.87,68,64,78.93
2025-08-14T06:15:26.872445,0,NVIDIA GeForce RTX 4080 Laptop GPU,5634,12282,6370,45.87,57,60,78.65
2025-08-14T06:15:36.901707,0,NVIDIA GeForce RTX 4080 Laptop GPU,5634,12282,6370,45.87,57,61,74.31
2025-08-14T06:15:46.987851,0,NVIDIA GeForce RTX 4080 Laptop GPU,5634,12282,6370,45.87,61,63,73.29
2025-08-14T06:15:57.016907,0,NVIDIA GeForce RTX 4080 Laptop GPU,5634,12282,6370,45.87,66,60,75.4
2025-08-14T06:16:07.050585,0,NVIDIA GeForce RTX 4080 Laptop GPU,5634,12282,6370,45.87,66,65,75.21
2025-08-14T06:16:17.079572,0,NVIDIA GeForce RTX 4080 Laptop GPU,5634,12282,6370,45.87,0,57,45.72
2025-08-14T06:16:27.109358,0,NVIDIA GeForce RTX 4080 Laptop GPU,5634,12282,6370,45.87,69,63,77.99
2025-08-14T06:16:37.128809,0,NVIDIA GeForce RTX 4080 Laptop GPU,5634,12282,6370,45.87,60,60,77.89
2025-08-14T06:16:47.181515,0,NVIDIA GeForce RTX 4080 Laptop GPU,5634,12282,6370,45.87,57,66,73.41
2025-08-14T06:16:57.208404,0,NVIDIA GeForce RTX 4080 Laptop GPU,5634,12282,6370,45.87,62,69,79.24
2025-08-14T06:17:07.233317,0,NVIDIA GeForce RTX 4080 Laptop GPU,5634,12282,6370,45.87,60,61,81.03
2025-08-14T06:17:17.258586,0,NVIDIA GeForce RTX 4080 Laptop GPU,5634,12282,6370,45.87,55,60,76.45
2025-08-14T06:17:27.283470,0,NVIDIA GeForce RTX 4080 Laptop GPU,5634,12282,6370,45.87,57,59,80.44
2025-08-14T06:17:37.314382,0,NVIDIA GeForce RTX 4080 Laptop GPU,5634,12282,6370,45.87,70,61,76.38
2025-08-14T06:17:47.356140,0,NVIDIA GeForce RTX 4080 Laptop GPU,5634,12282,6370,45.87,60,60,77.55
2025-08-14T06:17:57.374845,0,NVIDIA GeForce RTX 4080 Laptop GPU,5634,12282,6370,45.87,58,62,70.29
2025-08-14T06:18:07.391225,0,NVIDIA GeForce RTX 4080 Laptop GPU,5634,12282,6370,45.87,57,62,74.41
2025-08-14T06:18:17.421447,0,NVIDIA GeForce RTX 4080 Laptop GPU,5634,12282,6370,45.87,66,67,73.84
2025-08-14T06:18:27.449323,0,NVIDIA GeForce RTX 4080 Laptop GPU,5634,12282,6370,45.87,57,63,76.37
2025-08-14T06:18:37.527746,0,NVIDIA GeForce RTX 4080 Laptop GPU,5634,12282,6370,45.87,69,62,79.7
2025-08-14T06:18:47.555480,0,NVIDIA GeForce RTX 4080 Laptop GPU,5634,12282,6370,45.87,62,64,79.75
2025-08-14T06:18:57.580913,0,NVIDIA GeForce RTX 4080 Laptop GPU,5634,12282,6370,45.87,59,66,76.06
2025-08-14T06:19:07.610633,0,NVIDIA GeForce RTX 4080 Laptop GPU,5634,12282,6370,45.87,63,66,72.63
2025-08-14T06:19:17.637144,0,NVIDIA GeForce RTX 4080 Laptop GPU,5634,12282,6370,45.87,58,59,73.49
2025-08-14T06:19:27.672425,0,NVIDIA GeForce RTX 4080 Laptop GPU,5634,12282,6370,45.87,66,69,78.11
2025-08-14T06:19:37.709125,0,NVIDIA GeForce RTX 4080 Laptop GPU,5634,12282,6370,45.87,55,60,78.0
2025-08-14T06:19:47.744173,0,NVIDIA GeForce RTX 4080 Laptop GPU,5634,12282,6370,45.87,56,63,74.46
2025-08-14T06:19:57.768829,0,NVIDIA GeForce RTX 4080 Laptop GPU,5634,12282,6370,45.87,64,65,78.46
2025-08-14T06:20:07.794970,0,NVIDIA GeForce RTX 4080 Laptop GPU,5634,12282,6370,45.87,71,66,77.16
2025-08-14T06:20:17.823194,0,NVIDIA GeForce RTX 4080 Laptop GPU,5480,12282,6524,44.62,57,59,75.94
2025-08-14T06:20:27.852715,0,NVIDIA GeForce RTX 4080 Laptop GPU,5634,12282,6370,45.87,56,61,76.11
2025-08-14T06:20:37.889716,0,NVIDIA GeForce RTX 4080 Laptop GPU,5634,12282,6370,45.87,69,61,82.12
2025-08-14T06:20:47.921790,0,NVIDIA GeForce RTX 4080 Laptop GPU,5632,12282,6372,45.86,61,64,77.0
2025-08-14T06:20:57.952151,0,NVIDIA GeForce RTX 4080 Laptop GPU,5634,12282,6370,45.87,69,65,75.33
2025-08-14T06:21:07.981147,0,NVIDIA GeForce RTX 4080 Laptop GPU,5634,12282,6370,45.87,63,64,71.1
2025-08-14T06:21:18.007269,0,NVIDIA GeForce RTX 4080 Laptop GPU,5632,12282,6372,45.86,56,59,80.59
2025-08-14T06:21:28.033365,0,NVIDIA GeForce RTX 4080 Laptop GPU,5634,12282,6370,45.87,61,59,76.0
2025-08-14T06:21:38.060378,0,NVIDIA GeForce RTX 4080 Laptop GPU,5634,12282,6370,45.87,59,59,80.74
2025-08-14T06:21:48.090990,0,NVIDIA GeForce RTX 4080 Laptop GPU,5632,12282,6372,45.86,59,64,79.65
2025-08-14T06:21:58.117361,0,NVIDIA GeForce RTX 4080 Laptop GPU,5634,12282,6370,45.87,64,66,81.56
2025-08-14T06:22:08.144612,0,NVIDIA GeForce RTX 4080 Laptop GPU,5634,12282,6370,45.87,55,60,79.33
2025-08-14T06:22:18.172039,0,NVIDIA GeForce RTX 4080 Laptop GPU,5632,12282,6372,45.86,60,64,72.93
2025-08-14T06:22:28.212563,0,NVIDIA GeForce RTX 4080 Laptop GPU,5634,12282,6370,45.87,66,69,72.47
2025-08-14T06:22:38.249710,0,NVIDIA GeForce RTX 4080 Laptop GPU,5634,12282,6370,45.87,69,60,80.79
2025-08-14T06:22:48.275070,0,NVIDIA GeForce RTX 4080 Laptop GPU,5632,12282,6372,45.86,63,60,74.87
2025-08-14T06:22:58.306426,0,NVIDIA GeForce RTX 4080 Laptop GPU,5634,12282,6370,45.87,60,66,82.44
2025-08-14T06:23:08.332181,0,NVIDIA GeForce RTX 4080 Laptop GPU,5634,12282,6370,45.87,58,60,76.1
2025-08-14T06:23:18.359859,0,NVIDIA GeForce RTX 4080 Laptop GPU,5634,12282,6370,45.87,63,64,77.97
2025-08-14T06:23:28.393067,0,NVIDIA GeForce RTX 4080 Laptop GPU,5634,12282,6370,45.87,59,59,79.02
2025-08-14T06:23:38.419364,0,NVIDIA GeForce RTX 4080 Laptop GPU,5634,12282,6370,45.87,65,62,76.1
2025-08-14T06:23:48.450280,0,NVIDIA GeForce RTX 4080 Laptop GPU,5632,12282,6372,45.86,57,63,76.78
2025-08-14T06:23:58.476758,0,NVIDIA GeForce RTX 4080 Laptop GPU,5634,12282,6370,45.87,68,62,78.39
2025-08-14T06:24:08.504265,0,NVIDIA GeForce RTX 4080 Laptop GPU,5634,12282,6370,45.87,56,63,78.02
2025-08-14T06:24:18.534755,0,NVIDIA GeForce RTX 4080 Laptop GPU,5634,12282,6370,45.87,61,60,75.71
2025-08-14T06:24:28.601660,0,NVIDIA GeForce RTX 4080 Laptop GPU,5634,12282,6370,45.87,59,62,73.08
2025-08-14T06:24:38.633475,0,NVIDIA GeForce RTX 4080 Laptop GPU,5634,12282,6370,45.87,58,67,76.51
2025-08-14T06:24:48.660091,0,NVIDIA GeForce RTX 4080 Laptop GPU,5634,12282,6370,45.87,59,68,77.81
2025-08-14T06:24:58.687462,0,NVIDIA GeForce RTX 4080 Laptop GPU,5634,12282,6370,45.87,53,62,75.55
2025-08-14T06:25:08.720554,0,NVIDIA GeForce RTX 4080 Laptop GPU,5634,12282,6370,45.87,54,65,80.07
2025-08-14T06:25:18.775304,0,NVIDIA GeForce RTX 4080 Laptop GPU,5632,12282,6372,45.86,66,59,78.22
2025-08-14T06:25:28.804518,0,NVIDIA GeForce RTX 4080 Laptop GPU,5634,12282,6370,45.87,56,65,79.52
2025-08-14T06:25:38.832421,0,NVIDIA GeForce RTX 4080 Laptop GPU,5634,12282,6370,45.87,65,59,72.65
2025-08-14T06:25:48.868098,0,NVIDIA GeForce RTX 4080 Laptop GPU,5634,12282,6370,45.87,69,63,75.54
2025-08-14T06:25:58.896523,0,NVIDIA GeForce RTX 4080 Laptop GPU,5634,12282,6370,45.87,59,59,72.25
2025-08-14T06:26:08.924065,0,NVIDIA GeForce RTX 4080 Laptop GPU,5634,12282,6370,45.87,70,60,84.3
2025-08-14T06:26:18.955485,0,NVIDIA GeForce RTX 4080 Laptop GPU,5634,12282,6370,45.87,62,59,80.66
2025-08-14T06:26:28.983718,0,NVIDIA GeForce RTX 4080 Laptop GPU,5636,12282,6368,45.89,62,59,79.28
2025-08-14T06:26:39.008566,0,NVIDIA GeForce RTX 4080 Laptop GPU,5636,12282,6368,45.89,68,58,74.62
2025-08-14T06:26:49.036247,0,NVIDIA GeForce RTX 4080 Laptop GPU,5636,12282,6368,45.89,62,62,75.24
2025-08-14T06:26:59.070123,0,NVIDIA GeForce RTX 4080 Laptop GPU,5636,12282,6368,45.89,66,65,72.95
2025-08-14T06:27:09.100059,0,NVIDIA GeForce RTX 4080 Laptop GPU,5636,12282,6368,45.89,70,61,78.88
2025-08-14T06:27:19.136309,0,NVIDIA GeForce RTX 4080 Laptop GPU,5636,12282,6368,45.89,71,61,81.68
2025-08-14T06:27:29.162414,0,NVIDIA GeForce RTX 4080 Laptop GPU,5636,12282,6368,45.89,58,64,68.59
2025-08-14T06:27:39.192452,0,NVIDIA GeForce RTX 4080 Laptop GPU,5636,12282,6368,45.89,56,64,73.88
2025-08-14T06:27:49.218914,0,NVIDIA GeForce RTX 4080 Laptop GPU,5636,12282,6368,45.89,62,62,73.42
2025-08-14T06:27:59.238426,0,NVIDIA GeForce RTX 4080 Laptop GPU,5636,12282,6368,45.89,62,61,77.27
2025-08-14T06:28:09.264759,0,NVIDIA GeForce RTX 4080 Laptop GPU,5636,12282,6368,45.89,69,64,76.95
2025-08-14T06:28:19.296961,0,NVIDIA GeForce RTX 4080 Laptop GPU,5636,12282,6368,45.89,61,60,75.36
2025-08-14T06:28:29.322923,0,NVIDIA GeForce RTX 4080 Laptop GPU,5636,12282,6368,45.89,57,59,79.32
2025-08-14T06:28:39.348512,0,NVIDIA GeForce RTX 4080 Laptop GPU,5636,12282,6368,45.89,56,64,78.1
2025-08-14T06:28:49.374028,0,NVIDIA GeForce RTX 4080 Laptop GPU,5632,12282,6372,45.86,63,60,77.25
2025-08-14T06:28:59.399794,0,NVIDIA GeForce RTX 4080 Laptop GPU,5636,12282,6368,45.89,65,59,68.76
2025-08-14T06:29:09.426576,0,NVIDIA GeForce RTX 4080 Laptop GPU,5636,12282,6368,45.89,53,59,77.25
2025-08-14T06:29:19.453204,0,NVIDIA GeForce RTX 4080 Laptop GPU,5636,12282,6368,45.89,57,60,73.12
2025-08-14T06:29:29.501546,0,NVIDIA GeForce RTX 4080 Laptop GPU,5636,12282,6368,45.89,64,63,79.95
2025-08-14T06:29:39.533114,0,NVIDIA GeForce RTX 4080 Laptop GPU,5636,12282,6368,45.89,56,67,72.45
2025-08-14T06:29:49.553067,0,NVIDIA GeForce RTX 4080 Laptop GPU,5636,12282,6368,45.89,62,59,72.76
2025-08-14T06:29:59.586728,0,NVIDIA GeForce RTX 4080 Laptop GPU,5636,12282,6368,45.89,67,65,77.04
2025-08-14T06:30:09.607461,0,NVIDIA GeForce RTX 4080 Laptop GPU,5636,12282,6368,45.89,63,61,70.47
2025-08-14T06:30:19.633303,0,NVIDIA GeForce RTX 4080 Laptop GPU,5636,12282,6368,45.89,59,59,77.1
2025-08-14T06:30:29.656328,0,NVIDIA GeForce RTX 4080 Laptop GPU,5636,12282,6368,45.89,65,68,76.33
2025-08-14T06:30:39.686746,0,NVIDIA GeForce RTX 4080 Laptop GPU,5636,12282,6368,45.89,57,65,74.29
2025-08-14T06:30:49.712295,0,NVIDIA GeForce RTX 4080 Laptop GPU,5636,12282,6368,45.89,57,67,76.03
2025-08-14T06:30:59.740021,0,NVIDIA GeForce RTX 4080 Laptop GPU,5636,12282,6368,45.89,10,59,38.16
2025-08-14T06:31:09.764602,0,NVIDIA GeForce RTX 4080 Laptop GPU,5636,12282,6368,45.89,54,58,73.99
2025-08-14T06:31:19.791522,0,NVIDIA GeForce RTX 4080 Laptop GPU,5636,12282,6368,45.89,61,59,80.04
2025-08-14T06:31:29.863338,0,NVIDIA GeForce RTX 4080 Laptop GPU,5636,12282,6368,45.89,70,60,77.47
2025-08-14T06:31:39.890470,0,NVIDIA GeForce RTX 4080 Laptop GPU,5636,12282,6368,45.89,58,62,73.77
2025-08-14T06:31:49.919177,0,NVIDIA GeForce RTX 4080 Laptop GPU,5636,12282,6368,45.89,64,59,74.74
2025-08-14T06:31:59.945405,0,NVIDIA GeForce RTX 4080 Laptop GPU,5636,12282,6368,45.89,57,61,77.92
2025-08-14T06:32:09.972181,0,NVIDIA GeForce RTX 4080 Laptop GPU,5636,12282,6368,45.89,55,64,82.6
2025-08-14T06:32:20.003945,0,NVIDIA GeForce RTX 4080 Laptop GPU,5634,12282,6370,45.87,56,62,77.54
2025-08-14T06:32:30.042306,0,NVIDIA GeForce RTX 4080 Laptop GPU,5634,12282,6370,45.87,59,68,79.19
2025-08-14T06:32:40.067366,0,NVIDIA GeForce RTX 4080 Laptop GPU,5632,12282,6372,45.86,68,60,75.54
2025-08-14T06:32:50.096838,0,NVIDIA GeForce RTX 4080 Laptop GPU,5634,12282,6370,45.87,56,60,79.47
2025-08-14T06:33:00.123356,0,NVIDIA GeForce RTX 4080 Laptop GPU,5634,12282,6370,45.87,55,60,74.83
2025-08-14T06:33:10.145434,0,NVIDIA GeForce RTX 4080 Laptop GPU,5634,12282,6370,45.87,60,60,70.83
2025-08-14T06:33:20.172155,0,NVIDIA GeForce RTX 4080 Laptop GPU,5632,12282,6372,45.86,66,60,73.57
2025-08-14T06:33:30.193140,0,NVIDIA GeForce RTX 4080 Laptop GPU,5634,12282,6370,45.87,58,65,67.47
2025-08-14T06:33:40.231042,0,NVIDIA GeForce RTX 4080 Laptop GPU,5632,12282,6372,45.86,58,63,76.38
2025-08-14T06:33:50.258519,0,NVIDIA GeForce RTX 4080 Laptop GPU,5632,12282,6372,45.86,58,68,78.03
2025-08-14T06:34:00.287954,0,NVIDIA GeForce RTX 4080 Laptop GPU,5634,12282,6370,45.87,61,67,76.18
2025-08-14T06:34:10.312576,0,NVIDIA GeForce RTX 4080 Laptop GPU,5634,12282,6370,45.87,57,60,75.42
2025-08-14T06:34:20.341769,0,NVIDIA GeForce RTX 4080 Laptop GPU,5634,12282,6370,45.87,56,64,79.55
2025-08-14T06:34:30.403560,0,NVIDIA GeForce RTX 4080 Laptop GPU,5634,12282,6370,45.87,64,62,80.63
2025-08-14T06:34:40.427376,0,NVIDIA GeForce RTX 4080 Laptop GPU,5632,12282,6372,45.86,62,60,80.32
2025-08-14T06:34:50.448260,0,NVIDIA GeForce RTX 4080 Laptop GPU,5634,12282,6370,45.87,32,57,57.36
2025-08-14T06:35:00.476507,0,NVIDIA GeForce RTX 4080 Laptop GPU,5634,12282,6370,45.87,54,67,79.49
2025-08-14T06:35:10.504314,0,NVIDIA GeForce RTX 4080 Laptop GPU,5634,12282,6370,45.87,68,65,73.93
2025-08-14T06:35:20.530527,0,NVIDIA GeForce RTX 4080 Laptop GPU,5634,12282,6370,45.87,53,59,78.41
2025-08-14T06:35:30.588061,0,NVIDIA GeForce RTX 4080 Laptop GPU,5634,12282,6370,45.87,62,68,79.47
2025-08-14T06:35:40.614217,0,NVIDIA GeForce RTX 4080 Laptop GPU,5632,12282,6372,45.86,71,59,72.56
2025-08-14T06:35:50.640678,0,NVIDIA GeForce RTX 4080 Laptop GPU,5634,12282,6370,45.87,58,65,81.48
2025-08-14T06:36:00.668345,0,NVIDIA GeForce RTX 4080 Laptop GPU,5634,12282,6370,45.87,57,59,74.92
2025-08-14T06:36:10.697975,0,NVIDIA GeForce RTX 4080 Laptop GPU,5634,12282,6370,45.87,57,65,78.4
2025-08-14T06:36:20.754973,0,NVIDIA GeForce RTX 4080 Laptop GPU,5634,12282,6370,45.87,58,63,76.26
2025-08-14T06:36:30.781084,0,NVIDIA GeForce RTX 4080 Laptop GPU,5634,12282,6370,45.87,59,61,76.11
2025-08-14T06:36:40.812316,0,NVIDIA GeForce RTX 4080 Laptop GPU,5634,12282,6370,45.87,67,59,78.29
2025-08-14T06:36:50.838160,0,NVIDIA GeForce RTX 4080 Laptop GPU,5634,12282,6370,45.87,70,59,76.1
2025-08-14T06:37:00.871120,0,NVIDIA GeForce RTX 4080 Laptop GPU,5634,12282,6370,45.87,63,67,71.41
2025-08-14T06:37:10.897988,0,NVIDIA GeForce RTX 4080 Laptop GPU,5634,12282,6370,45.87,66,64,77.83
2025-08-14T06:37:20.936919,0,NVIDIA GeForce RTX 4080 Laptop GPU,5634,12282,6370,45.87,59,64,73.52
2025-08-14T06:37:30.962737,0,NVIDIA GeForce RTX 4080 Laptop GPU,5634,12282,6370,45.87,67,61,82.43
2025-08-14T06:37:40.989937,0,NVIDIA GeForce RTX 4080 Laptop GPU,5634,12282,6370,45.87,56,65,78.67
2025-08-14T06:37:51.015903,0,NVIDIA GeForce RTX 4080 Laptop GPU,5634,12282,6370,45.87,58,67,77.45
2025-08-14T06:38:01.046327,0,NVIDIA GeForce RTX 4080 Laptop GPU,5634,12282,6370,45.87,65,65,74.29
2025-08-14T06:38:11.075999,0,NVIDIA GeForce RTX 4080 Laptop GPU,5634,12282,6370,45.87,55,63,78.32
2025-08-14T06:38:21.105161,0,NVIDIA GeForce RTX 4080 Laptop GPU,5634,12282,6370,45.87,11,57,67.78
2025-08-14T06:38:31.131332,0,NVIDIA GeForce RTX 4080 Laptop GPU,5634,12282,6370,45.87,68,61,83.62
2025-08-14T06:38:41.160932,0,NVIDIA GeForce RTX 4080 Laptop GPU,5632,12282,6372,45.86,67,58,75.64
2025-08-14T06:38:51.186547,0,NVIDIA GeForce RTX 4080 Laptop GPU,5634,12282,6370,45.87,61,59,76.55
2025-08-14T06:39:01.212694,0,NVIDIA GeForce RTX 4080 Laptop GPU,5634,12282,6370,45.87,59,60,76.07
2025-08-14T06:39:11.240883,0,NVIDIA GeForce RTX 4080 Laptop GPU,5634,12282,6370,45.87,68,62,78.64
2025-08-14T06:39:21.276814,0,NVIDIA GeForce RTX 4080 Laptop GPU,5634,12282,6370,45.87,61,59,76.61
2025-08-14T06:39:31.304695,0,NVIDIA GeForce RTX 4080 Laptop GPU,5634,12282,6370,45.87,57,62,81.2
2025-08-14T06:39:41.323770,0,NVIDIA GeForce RTX 4080 Laptop GPU,5634,12282,6370,45.87,60,64,75.33
2025-08-14T06:39:51.349960,0,NVIDIA GeForce RTX 4080 Laptop GPU,5634,12282,6370,45.87,66,64,74.94
2025-08-14T06:40:01.376890,0,NVIDIA GeForce RTX 4080 Laptop GPU,5634,12282,6370,45.87,57,59,77.99
2025-08-14T06:40:11.406767,0,NVIDIA GeForce RTX 4080 Laptop GPU,5634,12282,6370,45.87,70,64,79.36
2025-08-14T06:40:21.435136,0,NVIDIA GeForce RTX 4080 Laptop GPU,5634,12282,6370,45.87,60,60,71.38
2025-08-14T06:40:31.489590,0,NVIDIA GeForce RTX 4080 Laptop GPU,5634,12282,6370,45.87,57,67,76.35
2025-08-14T06:40:41.516166,0,NVIDIA GeForce RTX 4080 Laptop GPU,5634,12282,6370,45.87,62,61,76.01
2025-08-14T06:40:51.542049,0,NVIDIA GeForce RTX 4080 Laptop GPU,5634,12282,6370,45.87,53,63,80.8
2025-08-14T06:41:01.568897,0,NVIDIA GeForce RTX 4080 Laptop GPU,5634,12282,6370,45.87,61,63,75.23
2025-08-14T06:41:11.595393,0,NVIDIA GeForce RTX 4080 Laptop GPU,5634,12282,6370,45.87,55,63,79.13
2025-08-14T06:41:21.638595,0,NVIDIA GeForce RTX 4080 Laptop GPU,5634,12282,6370,45.87,65,59,77.17
2025-08-14T06:41:31.665897,0,NVIDIA GeForce RTX 4080 Laptop GPU,5634,12282,6370,45.87,59,61,75.57
2025-08-14T06:41:41.691503,0,NVIDIA GeForce RTX 4080 Laptop GPU,5632,12282,6372,45.86,58,68,72.35
2025-08-14T06:41:51.716433,0,NVIDIA GeForce RTX 4080 Laptop GPU,5634,12282,6370,45.87,57,60,77.42
2025-08-14T06:42:01.741653,0,NVIDIA GeForce RTX 4080 Laptop GPU,5634,12282,6370,45.87,57,62,78.14
2025-08-14T06:42:11.768180,0,NVIDIA GeForce RTX 4080 Laptop GPU,5634,12282,6370,45.87,67,61,74.1
2025-08-14T06:42:21.793244,0,NVIDIA GeForce RTX 4080 Laptop GPU,5634,12282,6370,45.87,55,64,74.87
2025-08-14T06:42:31.843021,0,NVIDIA GeForce RTX 4080 Laptop GPU,5634,12282,6370,45.87,58,60,75.38
2025-08-14T06:42:41.869231,0,NVIDIA GeForce RTX 4080 Laptop GPU,5634,12282,6370,45.87,62,62,82.23
2025-08-14T06:42:51.899482,0,NVIDIA GeForce RTX 4080 Laptop GPU,5634,12282,6370,45.87,67,64,73.22
2025-08-14T06:43:01.929719,0,NVIDIA GeForce RTX 4080 Laptop GPU,5634,12282,6370,45.87,64,65,74.21
2025-08-14T06:43:11.956368,0,NVIDIA GeForce RTX 4080 Laptop GPU,5634,12282,6370,45.87,59,59,79.56
2025-08-14T06:43:21.984405,0,NVIDIA GeForce RTX 4080 Laptop GPU,5634,12282,6370,45.87,59,60,70.4
2025-08-14T06:43:32.023392,0,NVIDIA GeForce RTX 4080 Laptop GPU,5634,12282,6370,45.87,56,63,72.54
2025-08-14T06:43:42.049714,0,NVIDIA GeForce RTX 4080 Laptop GPU,5634,12282,6370,45.87,57,66,75.39
2025-08-14T06:43:52.078447,0,NVIDIA GeForce RTX 4080 Laptop GPU,5634,12282,6370,45.87,61,62,73.48
2025-08-14T06:44:02.110629,0,NVIDIA GeForce RTX 4080 Laptop GPU,5634,12282,6370,45.87,59,59,76.02
2025-08-14T06:44:12.138499,0,NVIDIA GeForce RTX 4080 Laptop GPU,5634,12282,6370,45.87,59,62,72.29
2025-08-14T06:44:22.197564,0,NVIDIA GeForce RTX 4080 Laptop GPU,5634,12282,6370,45.87,60,59,78.73
2025-08-14T06:44:32.224614,0,NVIDIA GeForce RTX 4080 Laptop GPU,5634,12282,6370,45.87,61,62,83.24
2025-08-14T06:44:42.250337,0,NVIDIA GeForce RTX 4080 Laptop GPU,5634,12282,6370,45.87,70,58,75.63
2025-08-14T06:44:52.275808,0,NVIDIA GeForce RTX 4080 Laptop GPU,5634,12282,6370,45.87,66,59,75.81
2025-08-14T06:45:02.300432,0,NVIDIA GeForce RTX 4080 Laptop GPU,5634,12282,6370,45.87,65,64,75.96
2025-08-14T06:45:12.330083,0,NVIDIA GeForce RTX 4080 Laptop GPU,5634,12282,6370,45.87,58,59,80.65
2025-08-14T06:45:22.378390,0,NVIDIA GeForce RTX 4080 Laptop GPU,5634,12282,6370,45.87,57,66,74.83
2025-08-14T06:45:32.405371,0,NVIDIA GeForce RTX 4080 Laptop GPU,5634,12282,6370,45.87,55,59,76.18
2025-08-14T06:45:42.430980,0,NVIDIA GeForce RTX 4080 Laptop GPU,5634,12282,6370,45.87,58,63,73.68
2025-08-14T06:45:52.459456,0,NVIDIA GeForce RTX 4080 Laptop GPU,5634,12282,6370,45.87,62,62,72.54
2025-08-14T06:46:02.484585,0,NVIDIA GeForce RTX 4080 Laptop GPU,5634,12282,6370,45.87,56,63,78.82
2025-08-14T06:46:12.510772,0,NVIDIA GeForce RTX 4080 Laptop GPU,5634,12282,6370,45.87,68,62,78.5
2025-08-14T06:46:22.555728,0,NVIDIA GeForce RTX 4080 Laptop GPU,5634,12282,6370,45.87,65,69,76.03
2025-08-14T06:46:32.582779,0,NVIDIA GeForce RTX 4080 Laptop GPU,5634,12282,6370,45.87,64,59,70.93
2025-08-14T06:46:42.613676,0,NVIDIA GeForce RTX 4080 Laptop GPU,5634,12282,6370,45.87,55,58,74.44
2025-08-14T06:46:52.633217,0,NVIDIA GeForce RTX 4080 Laptop GPU,5634,12282,6370,45.87,66,65,78.85
2025-08-14T06:47:02.662372,0,NVIDIA GeForce RTX 4080 Laptop GPU,5634,12282,6370,45.87,52,59,81.26
2025-08-14T06:47:12.690292,0,NVIDIA GeForce RTX 4080 Laptop GPU,5634,12282,6370,45.87,59,59,79.16
2025-08-14T06:47:22.737220,0,NVIDIA GeForce RTX 4080 Laptop GPU,5634,12282,6370,45.87,58,62,74.78
2025-08-14T06:47:32.760855,0,NVIDIA GeForce RTX 4080 Laptop GPU,5634,12282,6370,45.87,67,61,80.82
2025-08-14T06:47:42.785330,0,NVIDIA GeForce RTX 4080 Laptop GPU,5634,12282,6370,45.87,66,60,77.88
2025-08-14T06:47:52.814188,0,NVIDIA GeForce RTX 4080 Laptop GPU,5634,12282,6370,45.87,68,62,74.36
2025-08-14T06:48:02.840215,0,NVIDIA GeForce RTX 4080 Laptop GPU,5634,12282,6370,45.87,63,61,73.04
2025-08-14T06:48:12.861360,0,NVIDIA GeForce RTX 4080 Laptop GPU,5634,12282,6370,45.87,68,68,74.05
2025-08-14T06:48:22.916909,0,NVIDIA GeForce RTX 4080 Laptop GPU,5634,12282,6370,45.87,59,68,73.35
2025-08-14T06:48:32.943795,0,NVIDIA GeForce RTX 4080 Laptop GPU,5634,12282,6370,45.87,58,60,78.81
2025-08-14T06:48:42.980518,0,NVIDIA GeForce RTX 4080 Laptop GPU,5634,12282,6370,45.87,59,68,80.67
2025-08-14T06:48:53.008326,0,NVIDIA GeForce RTX 4080 Laptop GPU,5634,12282,6370,45.87,67,59,77.32
2025-08-14T06:49:03.041090,0,NVIDIA GeForce RTX 4080 Laptop GPU,5634,12282,6370,45.87,61,65,75.75
2025-08-14T06:49:13.085938,0,NVIDIA GeForce RTX 4080 Laptop GPU,5634,12282,6370,45.87,59,59,74.24
2025-08-14T06:49:23.111787,0,NVIDIA GeForce RTX 4080 Laptop GPU,5634,12282,6370,45.87,68,61,75.29
2025-08-14T06:49:33.135255,0,NVIDIA GeForce RTX 4080 Laptop GPU,5634,12282,6370,45.87,58,65,78.14
2025-08-14T06:49:43.161382,0,NVIDIA GeForce RTX 4080 Laptop GPU,5634,12282,6370,45.87,65,60,76.54
2025-08-14T06:49:53.189571,0,NVIDIA GeForce RTX 4080 Laptop GPU,5634,12282,6370,45.87,61,62,74.89
2025-08-14T06:50:03.215340,0,NVIDIA GeForce RTX 4080 Laptop GPU,5634,12282,6370,45.87,53,59,71.68
2025-08-14T06:50:13.247441,0,NVIDIA GeForce RTX 4080 Laptop GPU,5634,12282,6370,45.87,58,59,80.65
2025-08-14T06:50:23.273883,0,NVIDIA GeForce RTX 4080 Laptop GPU,5634,12282,6370,45.87,68,65,78.39
2025-08-14T06:50:33.305540,0,NVIDIA GeForce RTX 4080 Laptop GPU,5634,12282,6370,45.87,61,68,72.25
2025-08-14T06:50:43.337783,0,NVIDIA GeForce RTX 4080 Laptop GPU,5634,12282,6370,45.87,57,66,75.95
2025-08-14T06:50:53.364564,0,NVIDIA GeForce RTX 4080 Laptop GPU,5634,12282,6370,45.87,53,59,77.19
2025-08-14T06:51:03.390749,0,NVIDIA GeForce RTX 4080 Laptop GPU,5634,12282,6370,45.87,61,67,71.21
2025-08-14T06:51:13.421149,0,NVIDIA GeForce RTX 4080 Laptop GPU,5634,12282,6370,45.87,60,59,74.32
2025-08-14T06:51:23.451539,0,NVIDIA GeForce RTX 4080 Laptop GPU,5634,12282,6370,45.87,56,60,79.3
2025-08-14T06:51:33.477199,0,NVIDIA GeForce RTX 4080 Laptop GPU,5634,12282,6370,45.87,57,60,74.26
2025-08-14T06:51:43.501603,0,NVIDIA GeForce RTX 4080 Laptop GPU,5634,12282,6370,45.87,61,58,71.14
2025-08-14T06:51:53.527129,0,NVIDIA GeForce RTX 4080 Laptop GPU,5634,12282,6370,45.87,56,64,78.48
2025-08-14T06:52:03.556864,0,NVIDIA GeForce RTX 4080 Laptop GPU,5634,12282,6370,45.87,71,65,75.32
2025-08-14T06:52:13.582587,0,NVIDIA GeForce RTX 4080 Laptop GPU,5634,12282,6370,45.87,68,63,73.58
2025-08-14T06:52:23.636241,0,NVIDIA GeForce RTX 4080 Laptop GPU,5634,12282,6370,45.87,59,62,72.1
2025-08-14T06:52:33.664259,0,NVIDIA GeForce RTX 4080 Laptop GPU,5634,12282,6370,45.87,57,67,79.91
2025-08-14T06:52:43.700089,0,NVIDIA GeForce RTX 4080 Laptop GPU,5634,12282,6370,45.87,63,64,78.1
2025-08-14T06:52:53.726164,0,NVIDIA GeForce RTX 4080 Laptop GPU,5634,12282,6370,45.87,65,64,77.75
2025-08-14T06:53:03.748878,0,NVIDIA GeForce RTX 4080 Laptop GPU,5634,12282,6370,45.87,59,60,77.49
2025-08-14T06:53:13.775949,0,NVIDIA GeForce RTX 4080 Laptop GPU,5634,12282,6370,45.87,55,59,75.76
2025-08-14T06:53:23.801177,0,NVIDIA GeForce RTX 4080 Laptop GPU,5634,12282,6370,45.87,58,59,79.7
2025-08-14T06:53:33.828629,0,NVIDIA GeForce RTX 4080 Laptop GPU,5634,12282,6370,45.87,67,62,79.14
2025-08-14T06:53:43.856367,0,NVIDIA GeForce RTX 4080 Laptop GPU,5634,12282,6370,45.87,58,68,75.4
2025-08-14T06:53:53.885866,0,NVIDIA GeForce RTX 4080 Laptop GPU,5634,12282,6370,45.87,69,60,78.64
2025-08-14T06:54:03.911559,0,NVIDIA GeForce RTX 4080 Laptop GPU,5634,12282,6370,45.87,64,65,69.24
2025-08-14T06:54:13.941129,0,NVIDIA GeForce RTX 4080 Laptop GPU,5634,12282,6370,45.87,69,63,77.19
2025-08-14T06:54:23.958580,0,NVIDIA GeForce RTX 4080 Laptop GPU,5634,12282,6370,45.87,65,64,78.48
2025-08-14T06:54:34.008385,0,NVIDIA GeForce RTX 4080 Laptop GPU,5634,12282,6370,45.87,68,61,55.27
2025-08-14T06:54:44.038434,0,NVIDIA GeForce RTX 4080 Laptop GPU,5634,12282,6370,45.87,58,62,80.19
2025-08-14T06:54:54.065741,0,NVIDIA GeForce RTX 4080 Laptop GPU,5634,12282,6370,45.87,57,59,76.0
2025-08-14T06:55:04.091295,0,NVIDIA GeForce RTX 4080 Laptop GPU,5634,12282,6370,45.87,57,62,77.06
2025-08-14T06:55:14.116853,0,NVIDIA GeForce RTX 4080 Laptop GPU,5634,12282,6370,45.87,56,59,77.31
2025-08-14T06:55:24.176744,0,NVIDIA GeForce RTX 4080 Laptop GPU,5634,12282,6370,45.87,64,59,74.87
2025-08-14T06:55:34.203192,0,NVIDIA GeForce RTX 4080 Laptop GPU,5634,12282,6370,45.87,65,60,81.36
2025-08-14T06:55:44.230071,0,NVIDIA GeForce RTX 4080 Laptop GPU,5634,12282,6370,45.87,70,59,79.07
2025-08-14T06:55:54.249149,0,NVIDIA GeForce RTX 4080 Laptop GPU,5634,12282,6370,45.87,69,59,74.21
2025-08-14T06:56:04.276169,0,NVIDIA GeForce RTX 4080 Laptop GPU,5634,12282,6370,45.87,65,64,78.83
2025-08-14T06:56:14.305120,0,NVIDIA GeForce RTX 4080 Laptop GPU,5634,12282,6370,45.87,59,59,76.56
2025-08-14T06:56:24.339030,0,NVIDIA GeForce RTX 4080 Laptop GPU,5634,12282,6370,45.87,56,60,79.76
2025-08-14T06:56:34.369955,0,NVIDIA GeForce RTX 4080 Laptop GPU,5634,12282,6370,45.87,65,65,78.42
2025-08-14T06:56:44.397673,0,NVIDIA GeForce RTX 4080 Laptop GPU,5634,12282,6370,45.87,60,59,75.6
2025-08-14T06:56:54.425281,0,NVIDIA GeForce RTX 4080 Laptop GPU,5634,12282,6370,45.87,56,61,81.46
2025-08-14T06:57:04.450402,0,NVIDIA GeForce RTX 4080 Laptop GPU,5634,12282,6370,45.87,69,66,75.2
2025-08-14T06:57:14.475318,0,NVIDIA GeForce RTX 4080 Laptop GPU,5634,12282,6370,45.87,66,60,74.41
2025-08-14T06:57:24.497622,0,NVIDIA GeForce RTX 4080 Laptop GPU,5634,12282,6370,45.87,64,67,65.53
2025-08-14T06:57:34.530617,0,NVIDIA GeForce RTX 4080 Laptop GPU,5634,12282,6370,45.87,57,63,80.1
2025-08-14T06:57:44.556560,0,NVIDIA GeForce RTX 4080 Laptop GPU,5634,12282,6370,45.87,58,64,78.27
2025-08-14T06:57:54.582777,0,NVIDIA GeForce RTX 4080 Laptop GPU,5634,12282,6370,45.87,60,60,75.62
2025-08-14T06:58:04.617526,0,NVIDIA GeForce RTX 4080 Laptop GPU,5634,12282,6370,45.87,69,65,71.73
2025-08-14T06:58:14.644559,0,NVIDIA GeForce RTX 4080 Laptop GPU,5634,12282,6370,45.87,55,59,75.27
2025-08-14T06:58:24.673491,0,NVIDIA GeForce RTX 4080 Laptop GPU,5634,12282,6370,45.87,68,62,73.44
2025-08-14T06:58:34.728338,0,NVIDIA GeForce RTX 4080 Laptop GPU,5634,12282,6370,45.87,54,61,75.55
2025-08-14T06:58:44.753250,0,NVIDIA GeForce RTX 4080 Laptop GPU,5634,12282,6370,45.87,67,59,74.85
2025-08-14T06:58:54.782657,0,NVIDIA GeForce RTX 4080 Laptop GPU,5634,12282,6370,45.87,49,59,74.1
2025-08-14T06:59:04.811456,0,NVIDIA GeForce RTX 4080 Laptop GPU,5634,12282,6370,45.87,56,59,73.0
2025-08-14T06:59:14.837029,0,NVIDIA GeForce RTX 4080 Laptop GPU,5634,12282,6370,45.87,58,59,76.58
2025-08-14T06:59:24.857559,0,NVIDIA GeForce RTX 4080 Laptop GPU,5634,12282,6370,45.87,58,59,75.41
2025-08-14T06:59:34.883172,0,NVIDIA GeForce RTX 4080 Laptop GPU,5634,12282,6370,45.87,60,59,76.68
2025-08-14T06:59:44.913194,0,NVIDIA GeForce RTX 4080 Laptop GPU,5634,12282,6370,45.87,57,61,74.91
2025-08-14T06:59:54.932856,0,NVIDIA GeForce RTX 4080 Laptop GPU,5634,12282,6370,45.87,56,65,78.88
2025-08-14T07:00:04.959692,0,NVIDIA GeForce RTX 4080 Laptop GPU,5634,12282,6370,45.87,68,59,74.59
2025-08-14T07:00:14.984824,0,NVIDIA GeForce RTX 4080 Laptop GPU,5634,12282,6370,45.87,64,63,73.57
2025-08-14T07:00:25.013541,0,NVIDIA GeForce RTX 4080 Laptop GPU,5634,12282,6370,45.87,68,64,80.87
2025-08-14T07:00:35.054424,0,NVIDIA GeForce RTX 4080 Laptop GPU,5634,12282,6370,45.87,65,60,79.61
2025-08-14T07:00:45.088844,0,NVIDIA GeForce RTX 4080 Laptop GPU,5634,12282,6370,45.87,58,65,77.48
2025-08-14T07:00:55.112943,0,NVIDIA GeForce RTX 4080 Laptop GPU,5634,12282,6370,45.87,64,59,74.84
2025-08-14T07:01:05.134850,0,NVIDIA GeForce RTX 4080 Laptop GPU,5634,12282,6370,45.87,67,63,82.32
2025-08-14T07:01:15.160588,0,NVIDIA GeForce RTX 4080 Laptop GPU,5634,12282,6370,45.87,59,65,73.13
2025-08-14T07:01:25.187138,0,NVIDIA GeForce RTX 4080 Laptop GPU,5634,12282,6370,45.87,60,60,71.22
2025-08-14T07:01:35.217909,0,NVIDIA GeForce RTX 4080 Laptop GPU,5634,12282,6370,45.87,55,67,76.44
2025-08-14T07:01:45.270721,0,NVIDIA GeForce RTX 4080 Laptop GPU,5634,12282,6370,45.87,68,60,81.82
2025-08-14T07:01:55.298206,0,NVIDIA GeForce RTX 4080 Laptop GPU,5634,12282,6370,45.87,68,59,75.01
2025-08-14T07:02:05.328332,0,NVIDIA GeForce RTX 4080 Laptop GPU,5634,12282,6370,45.87,58,60,72.96
2025-08-14T07:02:15.353459,0,NVIDIA GeForce RTX 4080 Laptop GPU,5634,12282,6370,45.87,56,59,79.1
2025-08-14T07:02:25.383736,0,NVIDIA GeForce RTX 4080 Laptop GPU,5634,12282,6370,45.87,59,60,74.9
2025-08-14T07:02:35.415658,0,NVIDIA GeForce RTX 4080 Laptop GPU,5634,12282,6370,45.87,62,68,73.9
2025-08-14T07:02:45.450215,0,NVIDIA GeForce RTX 4080 Laptop GPU,5634,12282,6370,45.87,61,61,71.0
2025-08-14T07:02:55.478105,0,NVIDIA GeForce RTX 4080 Laptop GPU,5634,12282,6370,45.87,58,67,79.03
2025-08-14T07:03:05.504405,0,NVIDIA GeForce RTX 4080 Laptop GPU,5634,12282,6370,45.87,58,63,78.31
2025-08-14T07:03:15.532312,0,NVIDIA GeForce RTX 4080 Laptop GPU,5634,12282,6370,45.87,61,60,75.04
2025-08-14T07:03:25.562467,0,NVIDIA GeForce RTX 4080 Laptop GPU,5634,12282,6370,45.87,64,66,78.52
2025-08-14T07:03:35.594641,0,NVIDIA GeForce RTX 4080 Laptop GPU,5634,12282,6370,45.87,66,60,79.98
2025-08-14T07:03:45.633808,0,NVIDIA GeForce RTX 4080 Laptop GPU,5634,12282,6370,45.87,55,60,71.03
2025-08-14T07:03:55.659111,0,NVIDIA GeForce RTX 4080 Laptop GPU,5634,12282,6370,45.87,57,60,75.99
2025-08-14T07:04:05.685432,0,NVIDIA GeForce RTX 4080 Laptop GPU,5634,12282,6370,45.87,58,63,75.68
2025-08-14T07:04:15.711572,0,NVIDIA GeForce RTX 4080 Laptop GPU,5634,12282,6370,45.87,59,62,74.78
2025-08-14T07:04:25.741375,0,NVIDIA GeForce RTX 4080 Laptop GPU,5634,12282,6370,45.87,59,59,74.31
2025-08-14T07:04:35.805159,0,NVIDIA GeForce RTX 4080 Laptop GPU,5634,12282,6370,45.87,68,61,75.38
2025-08-14T07:04:45.832931,0,NVIDIA GeForce RTX 4080 Laptop GPU,5634,12282,6370,45.87,71,59,80.59
2025-08-14T07:04:55.861964,0,NVIDIA GeForce RTX 4080 Laptop GPU,5634,12282,6370,45.87,56,61,79.09
2025-08-14T07:05:05.891827,0,NVIDIA GeForce RTX 4080 Laptop GPU,5634,12282,6370,45.87,53,60,73.64
2025-08-14T07:05:15.914147,0,NVIDIA GeForce RTX 4080 Laptop GPU,5634,12282,6370,45.87,58,59,80.26
2025-08-14T07:05:25.958014,0,NVIDIA GeForce RTX 4080 Laptop GPU,5634,12282,6370,45.87,58,59,78.15
2025-08-14T07:05:35.984001,0,NVIDIA GeForce RTX 4080 Laptop GPU,5634,12282,6370,45.87,59,59,77.97
2025-08-14T07:05:46.011353,0,NVIDIA GeForce RTX 4080 Laptop GPU,5634,12282,6370,45.87,57,67,75.74
2025-08-14T07:05:56.038340,0,NVIDIA GeForce RTX 4080 Laptop GPU,5636,12282,6368,45.89,71,61,79.16
2025-08-14T07:06:06.063289,0,NVIDIA GeForce RTX 4080 Laptop GPU,5636,12282,6368,45.89,57,60,72.05
2025-08-14T07:06:16.088652,0,NVIDIA GeForce RTX 4080 Laptop GPU,5636,12282,6368,45.89,56,63,74.74
2025-08-14T07:06:26.114372,0,NVIDIA GeForce RTX 4080 Laptop GPU,5636,12282,6368,45.89,67,62,75.02
2025-08-14T07:06:36.163612,0,NVIDIA GeForce RTX 4080 Laptop GPU,5636,12282,6368,45.89,71,61,77.56
2025-08-14T07:06:46.187611,0,NVIDIA GeForce RTX 4080 Laptop GPU,5636,12282,6368,45.89,69,59,78.34
2025-08-14T07:06:56.214386,0,NVIDIA GeForce RTX 4080 Laptop GPU,5636,12282,6368,45.89,58,67,74.45
2025-08-14T07:07:06.239202,0,NVIDIA GeForce RTX 4080 Laptop GPU,5636,12282,6368,45.89,67,61,72.46
2025-08-14T07:07:16.265735,0,NVIDIA GeForce RTX 4080 Laptop GPU,5636,12282,6368,45.89,69,65,75.61
2025-08-14T07:07:26.290552,0,NVIDIA GeForce RTX 4080 Laptop GPU,5636,12282,6368,45.89,70,62,77.92
2025-08-14T07:07:36.315729,0,NVIDIA GeForce RTX 4080 Laptop GPU,5636,12282,6368,45.89,60,59,73.46
2025-08-14T07:07:46.352204,0,NVIDIA GeForce RTX 4080 Laptop GPU,5636,12282,6368,45.89,56,62,74.68
2025-08-14T07:07:56.376772,0,NVIDIA GeForce RTX 4080 Laptop GPU,5636,12282,6368,45.89,66,59,77.6
2025-08-14T07:08:06.408470,0,NVIDIA GeForce RTX 4080 Laptop GPU,5636,12282,6368,45.89,70,66,77.07
2025-08-14T07:08:16.430645,0,NVIDIA GeForce RTX 4080 Laptop GPU,5636,12282,6368,45.89,52,59,79.99
2025-08-14T07:08:26.457091,0,NVIDIA GeForce RTX 4080 Laptop GPU,5636,12282,6368,45.89,66,60,75.39
2025-08-14T07:08:36.523084,0,NVIDIA GeForce RTX 4080 Laptop GPU,5636,12282,6368,45.89,62,60,75.73
2025-08-14T07:08:46.548183,0,NVIDIA GeForce RTX 4080 Laptop GPU,5634,12282,6370,45.87,65,61,74.42
2025-08-14T07:08:56.577862,0,NVIDIA GeForce RTX 4080 Laptop GPU,5634,12282,6370,45.87,56,60,77.82
2025-08-14T07:09:06.605246,0,NVIDIA GeForce RTX 4080 Laptop GPU,5634,12282,6370,45.87,67,65,72.31
2025-08-14T07:09:16.636498,0,NVIDIA GeForce RTX 4080 Laptop GPU,5634,12282,6370,45.87,65,68,79.45
2025-08-14T07:09:26.695363,0,NVIDIA GeForce RTX 4080 Laptop GPU,5634,12282,6370,45.87,55,59,75.75
2025-08-14T07:09:36.721387,0,NVIDIA GeForce RTX 4080 Laptop GPU,5634,12282,6370,45.87,58,64,67.87
2025-08-14T07:09:46.754270,0,NVIDIA GeForce RTX 4080 Laptop GPU,5634,12282,6370,45.87,58,59,73.09
2025-08-14T07:09:56.780121,0,NVIDIA GeForce RTX 4080 Laptop GPU,5634,12282,6370,45.87,57,60,81.1
2025-08-14T07:10:06.805131,0,NVIDIA GeForce RTX 4080 Laptop GPU,5634,12282,6370,45.87,59,61,75.93
2025-08-14T07:10:16.829779,0,NVIDIA GeForce RTX 4080 Laptop GPU,5634,12282,6370,45.87,66,60,79.51
2025-08-14T07:10:26.857724,0,NVIDIA GeForce RTX 4080 Laptop GPU,5634,12282,6370,45.87,62,60,76.69
2025-08-14T07:10:36.881945,0,NVIDIA GeForce RTX 4080 Laptop GPU,5634,12282,6370,45.87,59,65,77.03
2025-08-14T07:10:46.906926,0,NVIDIA GeForce RTX 4080 Laptop GPU,5634,12282,6370,45.87,62,62,75.35
2025-08-14T07:10:56.928297,0,NVIDIA GeForce RTX 4080 Laptop GPU,5634,12282,6370,45.87,53,61,73.08
2025-08-14T07:11:06.949325,0,NVIDIA GeForce RTX 4080 Laptop GPU,5634,12282,6370,45.87,55,60,81.79
2025-08-14T07:11:16.976296,0,NVIDIA GeForce RTX 4080 Laptop GPU,5634,12282,6370,45.87,60,62,71.55
2025-08-14T07:11:26.996736,0,NVIDIA GeForce RTX 4080 Laptop GPU,5634,12282,6370,45.87,67,66,80.13
2025-08-14T07:11:37.061958,0,NVIDIA GeForce RTX 4080 Laptop GPU,5634,12282,6370,45.87,58,65,72.8
2025-08-14T07:11:47.091313,0,NVIDIA GeForce RTX 4080 Laptop GPU,5634,12282,6370,45.87,61,61,76.18
2025-08-14T07:11:57.116156,0,NVIDIA GeForce RTX 4080 Laptop GPU,5634,12282,6370,45.87,70,59,76.51
2025-08-14T07:12:07.145305,0,NVIDIA GeForce RTX 4080 Laptop GPU,5634,12282,6370,45.87,68,62,75.5
2025-08-14T07:12:17.174249,0,NVIDIA GeForce RTX 4080 Laptop GPU,5634,12282,6370,45.87,70,65,82.4
2025-08-14T07:12:27.238056,0,NVIDIA GeForce RTX 4080 Laptop GPU,5634,12282,6370,45.87,54,63,73.39
2025-08-14T07:12:37.263319,0,NVIDIA GeForce RTX 4080 Laptop GPU,5634,12282,6370,45.87,56,63,72.31
2025-08-14T07:12:47.287444,0,NVIDIA GeForce RTX 4080 Laptop GPU,5634,12282,6370,45.87,66,60,73.59
2025-08-14T07:12:57.316974,0,NVIDIA GeForce RTX 4080 Laptop GPU,5634,12282,6370,45.87,53,65,72.25
2025-08-14T07:13:07.342566,0,NVIDIA GeForce RTX 4080 Laptop GPU,5634,12282,6370,45.87,56,61,79.36
2025-08-14T07:13:17.370700,0,NVIDIA GeForce RTX 4080 Laptop GPU,5634,12282,6370,45.87,62,68,71.5
2025-08-14T07:13:27.398981,0,NVIDIA GeForce RTX 4080 Laptop GPU,5634,12282,6370,45.87,61,60,78.12
2025-08-14T07:13:37.429175,0,NVIDIA GeForce RTX 4080 Laptop GPU,5634,12282,6370,45.87,61,62,73.34
2025-08-14T07:13:47.449602,0,NVIDIA GeForce RTX 4080 Laptop GPU,5634,12282,6370,45.87,66,59,81.29
2025-08-14T07:13:57.479761,0,NVIDIA GeForce RTX 4080 Laptop GPU,5634,12282,6370,45.87,66,67,75.7
2025-08-14T07:14:07.507798,0,NVIDIA GeForce RTX 4080 Laptop GPU,5634,12282,6370,45.87,58,62,81.01
2025-08-14T07:14:17.535912,0,NVIDIA GeForce RTX 4080 Laptop GPU,5634,12282,6370,45.87,34,63,37.89
2025-08-14T07:14:27.564326,0,NVIDIA GeForce RTX 4080 Laptop GPU,5634,12282,6370,45.87,55,60,74.53
2025-08-14T07:14:37.603325,0,NVIDIA GeForce RTX 4080 Laptop GPU,5634,12282,6370,45.87,62,60,72.34
2025-08-14T07:14:47.633275,0,NVIDIA GeForce RTX 4080 Laptop GPU,5634,12282,6370,45.87,56,68,74.93
2025-08-14T07:14:57.658401,0,NVIDIA GeForce RTX 4080 Laptop GPU,5634,12282,6370,45.87,52,60,70.07
2025-08-14T07:15:07.684262,0,NVIDIA GeForce RTX 4080 Laptop GPU,5634,12282,6370,45.87,48,59,76.84
2025-08-14T07:15:17.714243,0,NVIDIA GeForce RTX 4080 Laptop GPU,5634,12282,6370,45.87,55,61,82.16
2025-08-14T07:15:27.744565,0,NVIDIA GeForce RTX 4080 Laptop GPU,5634,12282,6370,45.87,59,60,74.38
2025-08-14T07:15:37.773987,0,NVIDIA GeForce RTX 4080 Laptop GPU,5634,12282,6370,45.87,59,59,76.75
2025-08-14T07:15:47.802192,0,NVIDIA GeForce RTX 4080 Laptop GPU,5634,12282,6370,45.87,61,62,75.29
2025-08-14T07:15:57.819743,0,NVIDIA GeForce RTX 4080 Laptop GPU,5634,12282,6370,45.87,58,63,77.7
2025-08-14T07:16:07.842611,0,NVIDIA GeForce RTX 4080 Laptop GPU,5634,12282,6370,45.87,62,65,76.75
2025-08-14T07:16:17.873903,0,NVIDIA GeForce RTX 4080 Laptop GPU,5632,12282,6372,45.86,61,64,76.39
2025-08-14T07:16:27.900858,0,NVIDIA GeForce RTX 4080 Laptop GPU,5634,12282,6370,45.87,68,66,80.93
2025-08-14T07:16:37.956810,0,NVIDIA GeForce RTX 4080 Laptop GPU,5634,12282,6370,45.87,61,67,79.38
2025-08-14T07:16:47.982848,0,NVIDIA GeForce RTX 4080 Laptop GPU,5632,12282,6372,45.86,56,65,75.74
2025-08-14T07:16:58.015545,0,NVIDIA GeForce RTX 4080 Laptop GPU,5634,12282,6370,45.87,68,64,79.41
2025-08-14T07:17:08.041530,0,NVIDIA GeForce RTX 4080 Laptop GPU,5636,12282,6368,45.89,59,62,80.83
2025-08-14T07:17:18.066886,0,NVIDIA GeForce RTX 4080 Laptop GPU,5632,12282,6372,45.86,70,63,79.61
2025-08-14T07:17:28.088137,0,NVIDIA GeForce RTX 4080 Laptop GPU,5636,12282,6368,45.89,57,60,75.43
2025-08-14T07:17:38.114868,0,NVIDIA GeForce RTX 4080 Laptop GPU,5636,12282,6368,45.89,61,60,77.25
2025-08-14T07:17:48.150585,0,NVIDIA GeForce RTX 4080 Laptop GPU,5632,12282,6372,45.86,56,65,73.12
2025-08-14T07:17:58.177112,0,NVIDIA GeForce RTX 4080 Laptop GPU,5636,12282,6368,45.89,58,65,75.24
2025-08-14T07:18:08.202872,0,NVIDIA GeForce RTX 4080 Laptop GPU,5636,12282,6368,45.89,66,59,79.65
2025-08-14T07:18:18.232322,0,NVIDIA GeForce RTX 4080 Laptop GPU,5632,12282,6372,45.86,56,59,78.83
2025-08-14T07:18:28.258528,0,NVIDIA GeForce RTX 4080 Laptop GPU,5636,12282,6368,45.89,57,60,79.09
2025-08-14T07:18:38.329601,0,NVIDIA GeForce RTX 4080 Laptop GPU,5636,12282,6368,45.89,63,62,82.42
2025-08-14T07:18:48.354844,0,NVIDIA GeForce RTX 4080 Laptop GPU,5632,12282,6372,45.86,70,60,80.35
2025-08-14T07:18:58.388858,0,NVIDIA GeForce RTX 4080 Laptop GPU,5636,12282,6368,45.89,65,66,72.93
2025-08-14T07:19:08.409131,0,NVIDIA GeForce RTX 4080 Laptop GPU,5636,12282,6368,45.89,56,63,73.55
2025-08-14T07:19:18.434347,0,NVIDIA GeForce RTX 4080 Laptop GPU,5636,12282,6368,45.89,55,59,77.76
2025-08-14T07:19:28.461339,0,NVIDIA GeForce RTX 4080 Laptop GPU,5636,12282,6368,45.89,60,59,75.21
2025-08-14T07:19:38.503874,0,NVIDIA GeForce RTX 4080 Laptop GPU,5636,12282,6368,45.89,70,60,81.8
2025-08-14T07:19:48.527715,0,NVIDIA GeForce RTX 4080 Laptop GPU,5632,12282,6372,45.86,70,59,74.58
2025-08-14T07:19:58.554142,0,NVIDIA GeForce RTX 4080 Laptop GPU,5636,12282,6368,45.89,53,62,79.89
2025-08-14T07:20:08.580900,0,NVIDIA GeForce RTX 4080 Laptop GPU,5636,12282,6368,45.89,69,68,74.83
2025-08-14T07:20:18.607293,0,NVIDIA GeForce RTX 4080 Laptop GPU,5632,12282,6372,45.86,58,60,78.96
2025-08-14T07:20:28.636271,0,NVIDIA GeForce RTX 4080 Laptop GPU,5636,12282,6368,45.89,54,61,71.59
2025-08-14T07:20:38.689611,0,NVIDIA GeForce RTX 4080 Laptop GPU,5636,12282,6368,45.89,69,62,81.35
2025-08-14T07:20:48.715961,0,NVIDIA GeForce RTX 4080 Laptop GPU,5632,12282,6372,45.86,58,67,75.48
2025-08-14T07:20:58.743468,0,NVIDIA GeForce RTX 4080 Laptop GPU,5636,12282,6368,45.89,61,65,77.99
2025-08-14T07:21:08.762513,0,NVIDIA GeForce RTX 4080 Laptop GPU,5636,12282,6368,45.89,55,60,76.32
2025-08-14T07:21:18.787917,0,NVIDIA GeForce RTX 4080 Laptop GPU,5636,12282,6368,45.89,53,60,78.67
2025-08-14T07:21:28.820053,0,NVIDIA GeForce RTX 4080 Laptop GPU,5636,12282,6368,45.89,61,66,80.68
2025-08-14T07:21:38.863293,0,NVIDIA GeForce RTX 4080 Laptop GPU,5636,12282,6368,45.89,56,62,76.19
2025-08-14T07:21:48.889842,0,NVIDIA GeForce RTX 4080 Laptop GPU,5636,12282,6368,45.89,64,59,81.69
2025-08-14T07:21:58.915511,0,NVIDIA GeForce RTX 4080 Laptop GPU,5636,12282,6368,45.89,65,67,71.69
2025-08-14T07:22:08.944518,0,NVIDIA GeForce RTX 4080 Laptop GPU,5636,12282,6368,45.89,61,59,75.65
2025-08-14T07:22:18.971721,0,NVIDIA GeForce RTX 4080 Laptop GPU,5636,12282,6368,45.89,60,64,78.47
2025-08-14T07:22:28.991330,0,NVIDIA GeForce RTX 4080 Laptop GPU,5636,12282,6368,45.89,62,61,77.63
2025-08-14T07:22:39.018999,0,NVIDIA GeForce RTX 4080 Laptop GPU,5636,12282,6368,45.89,65,69,75.53
2025-08-14T07:22:49.053673,0,NVIDIA GeForce RTX 4080 Laptop GPU,5634,12282,6370,45.87,57,62,74.93
2025-08-14T07:22:59.079618,0,NVIDIA GeForce RTX 4080 Laptop GPU,5634,12282,6370,45.87,56,61,73.48
2025-08-14T07:23:09.109823,0,NVIDIA GeForce RTX 4080 Laptop GPU,5634,12282,6370,45.87,57,63,80.74
2025-08-14T07:23:19.137973,0,NVIDIA GeForce RTX 4080 Laptop GPU,5634,12282,6370,45.87,59,59,76.22
2025-08-14T07:23:29.163344,0,NVIDIA GeForce RTX 4080 Laptop GPU,5634,12282,6370,45.87,57,59,75.4
2025-08-14T07:23:39.229120,0,NVIDIA GeForce RTX 4080 Laptop GPU,5634,12282,6370,45.87,59,69,74.97
2025-08-14T07:23:49.263233,0,NVIDIA GeForce RTX 4080 Laptop GPU,5634,12282,6370,45.87,59,68,75.6
2025-08-14T07:23:59.289502,0,NVIDIA GeForce RTX 4080 Laptop GPU,5634,12282,6370,45.87,55,64,77.96
2025-08-14T07:24:09.316458,0,NVIDIA GeForce RTX 4080 Laptop GPU,5634,12282,6370,45.87,59,62,77.56
2025-08-14T07:24:19.343047,0,NVIDIA GeForce RTX 4080 Laptop GPU,5634,12282,6370,45.87,72,61,76.62
2025-08-14T07:24:29.377753,0,NVIDIA GeForce RTX 4080 Laptop GPU,5634,12282,6370,45.87,66,68,73.59
2025-08-14T07:24:39.411060,0,NVIDIA GeForce RTX 4080 Laptop GPU,5634,12282,6370,45.87,58,67,78.49
2025-08-14T07:24:49.432428,0,NVIDIA GeForce RTX 4080 Laptop GPU,5634,12282,6370,45.87,60,63,74.56
2025-08-14T07:24:59.458014,0,NVIDIA GeForce RTX 4080 Laptop GPU,5634,12282,6370,45.87,58,64,76.7
2025-08-14T07:25:09.486829,0,NVIDIA GeForce RTX 4080 Laptop GPU,5634,12282,6370,45.87,56,59,73.18
2025-08-14T07:25:19.511911,0,NVIDIA GeForce RTX 4080 Laptop GPU,5634,12282,6370,45.87,58,60,74.26
2025-08-14T07:25:29.538290,0,NVIDIA GeForce RTX 4080 Laptop GPU,5634,12282,6370,45.87,57,64,76.72
2025-08-14T07:25:39.583693,0,NVIDIA GeForce RTX 4080 Laptop GPU,5634,12282,6370,45.87,62,60,79.96
2025-08-14T07:25:49.609995,0,NVIDIA GeForce RTX 4080 Laptop GPU,5634,12282,6370,45.87,63,59,73.61
2025-08-14T07:25:59.636797,0,NVIDIA GeForce RTX 4080 Laptop GPU,5634,12282,6370,45.87,57,65,72.06
2025-08-14T07:26:09.661089,0,NVIDIA GeForce RTX 4080 Laptop GPU,5634,12282,6370,45.87,58,60,74.54
2025-08-14T07:26:19.689162,0,NVIDIA GeForce RTX 4080 Laptop GPU,5634,12282,6370,45.87,57,61,75.69
2025-08-14T07:26:29.716216,0,NVIDIA GeForce RTX 4080 Laptop GPU,5634,12282,6370,45.87,54,65,78.23
2025-08-14T07:26:39.769763,0,NVIDIA GeForce RTX 4080 Laptop GPU,5634,12282,6370,45.87,71,61,76.02
2025-08-14T07:26:49.796873,0,NVIDIA GeForce RTX 4080 Laptop GPU,5634,12282,6370,45.87,69,60,81.78
2025-08-14T07:26:59.821130,0,NVIDIA GeForce RTX 4080 Laptop GPU,5634,12282,6370,45.87,58,60,77.07
2025-08-14T07:27:09.849053,0,NVIDIA GeForce RTX 4080 Laptop GPU,5634,12282,6370,45.87,56,60,76.55
2025-08-14T07:27:19.877058,0,NVIDIA GeForce RTX 4080 Laptop GPU,5634,12282,6370,45.87,58,60,81.04
2025-08-14T07:27:29.918977,0,NVIDIA GeForce RTX 4080 Laptop GPU,5634,12282,6370,45.87,57,59,76.44
2025-08-14T07:27:39.944686,0,NVIDIA GeForce RTX 4080 Laptop GPU,5632,12282,6372,45.86,63,62,71.02
2025-08-14T07:27:49.969433,0,NVIDIA GeForce RTX 4080 Laptop GPU,5634,12282,6370,45.87,69,59,73.69
2025-08-14T07:27:59.988662,0,NVIDIA GeForce RTX 4080 Laptop GPU,5634,12282,6370,45.87,69,59,76.73
2025-08-14T07:28:10.006432,0,NVIDIA GeForce RTX 4080 Laptop GPU,5634,12282,6370,45.87,57,60,78.75
2025-08-14T07:28:20.033206,0,NVIDIA GeForce RTX 4080 Laptop GPU,5634,12282,6370,45.87,33,58,66.39
2025-08-14T07:28:30.062781,0,NVIDIA GeForce RTX 4080 Laptop GPU,5634,12282,6370,45.87,62,62,75.91
2025-08-14T07:28:40.095466,0,NVIDIA GeForce RTX 4080 Laptop GPU,5632,12282,6372,45.86,61,60,79.25
2025-08-14T07:28:50.122169,0,NVIDIA GeForce RTX 4080 Laptop GPU,5634,12282,6370,45.87,61,68,74.71
2025-08-14T07:29:00.149547,0,NVIDIA GeForce RTX 4080 Laptop GPU,5634,12282,6370,45.87,61,60,77.94
2025-08-14T07:29:10.175989,0,NVIDIA GeForce RTX 4080 Laptop GPU,5634,12282,6370,45.87,64,67,73.19
2025-08-14T07:29:20.201897,0,NVIDIA GeForce RTX 4080 Laptop GPU,5634,12282,6370,45.87,62,65,76.37
2025-08-14T07:29:30.227082,0,NVIDIA GeForce RTX 4080 Laptop GPU,5634,12282,6370,45.87,60,60,79.58
2025-08-14T07:29:40.256016,0,NVIDIA GeForce RTX 4080 Laptop GPU,5632,12282,6372,45.86,65,69,74.91
2025-08-14T07:29:50.310967,0,NVIDIA GeForce RTX 4080 Laptop GPU,5634,12282,6370,45.87,58,63,72.39
2025-08-14T07:30:00.336444,0,NVIDIA GeForce RTX 4080 Laptop GPU,5634,12282,6370,45.87,62,64,74.79
2025-08-14T07:30:10.366323,0,NVIDIA GeForce RTX 4080 Laptop GPU,5634,12282,6370,45.87,59,61,72.9
2025-08-14T07:30:20.393919,0,NVIDIA GeForce RTX 4080 Laptop GPU,5634,12282,6370,45.87,72,67,76.97
2025-08-14T07:30:30.421607,0,NVIDIA GeForce RTX 4080 Laptop GPU,5634,12282,6370,45.87,60,60,75.58
2025-08-14T07:30:40.489626,0,NVIDIA GeForce RTX 4080 Laptop GPU,5632,12282,6372,45.86,58,69,77.82
2025-08-14T07:30:50.518795,0,NVIDIA GeForce RTX 4080 Laptop GPU,5634,12282,6370,45.87,58,63,74.04
2025-08-14T07:31:00.551867,0,NVIDIA GeForce RTX 4080 Laptop GPU,5634,12282,6370,45.87,67,62,71.13
2025-08-14T07:31:10.583848,0,NVIDIA GeForce RTX 4080 Laptop GPU,5636,12282,6368,45.89,65,64,73.32
2025-08-14T07:31:20.612914,0,NVIDIA GeForce RTX 4080 Laptop GPU,5636,12282,6368,45.89,66,60,74.22
2025-08-14T07:31:30.658778,0,NVIDIA GeForce RTX 4080 Laptop GPU,5636,12282,6368,45.89,65,60,78.32
2025-08-14T07:31:40.678257,0,NVIDIA GeForce RTX 4080 Laptop GPU,5636,12282,6368,45.89,57,68,74.67
2025-08-14T07:31:50.703599,0,NVIDIA GeForce RTX 4080 Laptop GPU,5636,12282,6368,45.89,61,63,79.5
2025-08-14T07:32:00.732139,0,NVIDIA GeForce RTX 4080 Laptop GPU,5636,12282,6368,45.89,65,64,76.58
2025-08-14T07:32:10.756859,0,NVIDIA GeForce RTX 4080 Laptop GPU,5636,12282,6368,45.89,65,59,73.53
2025-08-14T07:32:20.781512,0,NVIDIA GeForce RTX 4080 Laptop GPU,5636,12282,6368,45.89,58,60,78.06
2025-08-14T07:32:30.837754,0,NVIDIA GeForce RTX 4080 Laptop GPU,5636,12282,6368,45.89,60,69,73.07
2025-08-14T07:32:40.865365,0,NVIDIA GeForce RTX 4080 Laptop GPU,5636,12282,6368,45.89,67,61,82.23
2025-08-14T07:32:50.889864,0,NVIDIA GeForce RTX 4080 Laptop GPU,5636,12282,6368,45.89,68,60,85.01
2025-08-14T07:33:00.915234,0,NVIDIA GeForce RTX 4080 Laptop GPU,5636,12282,6368,45.89,58,64,69.41
2025-08-14T07:33:10.943160,0,NVIDIA GeForce RTX 4080 Laptop GPU,5636,12282,6368,45.89,66,66,73.76
2025-08-14T07:33:20.970474,0,NVIDIA GeForce RTX 4080 Laptop GPU,5636,12282,6368,45.89,67,63,81.92
2025-08-14T07:33:30.999483,0,NVIDIA GeForce RTX 4080 Laptop GPU,5636,12282,6368,45.89,62,59,77.69
2025-08-14T07:33:41.032307,0,NVIDIA GeForce RTX 4080 Laptop GPU,5636,12282,6368,45.89,58,64,76.75
2025-08-14T07:33:51.058228,0,NVIDIA GeForce RTX 4080 Laptop GPU,5636,12282,6368,45.89,64,63,77.79
2025-08-14T07:34:01.084373,0,NVIDIA GeForce RTX 4080 Laptop GPU,5636,12282,6368,45.89,59,60,73.39
2025-08-14T07:34:11.107713,0,NVIDIA GeForce RTX 4080 Laptop GPU,5636,12282,6368,45.89,59,60,71.97
2025-08-14T07:34:21.137481,0,NVIDIA GeForce RTX 4080 Laptop GPU,5636,12282,6368,45.89,59,60,74.1
2025-08-14T07:34:31.161522,0,NVIDIA GeForce RTX 4080 Laptop GPU,5636,12282,6368,45.89,55,60,74.96
2025-08-14T07:34:41.210084,0,NVIDIA GeForce RTX 4080 Laptop GPU,5636,12282,6368,45.89,68,62,77.72
2025-08-14T07:34:51.228523,0,NVIDIA GeForce RTX 4080 Laptop GPU,5636,12282,6368,45.89,64,61,82.64
2025-08-14T07:35:01.245017,0,NVIDIA GeForce RTX 4080 Laptop GPU,5636,12282,6368,45.89,59,61,74.45
2025-08-14T07:35:11.270653,0,NVIDIA GeForce RTX 4080 Laptop GPU,5636,12282,6368,45.89,59,60,80.58
2025-08-14T07:35:21.297961,0,NVIDIA GeForce RTX 4080 Laptop GPU,5636,12282,6368,45.89,52,61,80.11
2025-08-14T07:35:31.331745,0,NVIDIA GeForce RTX 4080 Laptop GPU,5636,12282,6368,45.89,64,61,74.34
2025-08-14T07:35:41.384909,0,NVIDIA GeForce RTX 4080 Laptop GPU,5632,12282,6372,45.86,69,63,80.64
2025-08-14T07:35:51.415130,0,NVIDIA GeForce RTX 4080 Laptop GPU,5636,12282,6368,45.89,62,61,77.41
2025-08-14T07:36:01.442292,0,NVIDIA GeForce RTX 4080 Laptop GPU,5636,12282,6368,45.89,59,61,77.23
2025-08-14T07:36:11.467139,0,NVIDIA GeForce RTX 4080 Laptop GPU,5636,12282,6368,45.89,53,63,79.24
2025-08-14T07:36:21.487307,0,NVIDIA GeForce RTX 4080 Laptop GPU,5636,12282,6368,45.89,68,64,79.18
2025-08-14T07:36:31.512865,0,NVIDIA GeForce RTX 4080 Laptop GPU,5636,12282,6368,45.89,69,64,79.7
2025-08-14T07:36:41.563770,0,NVIDIA GeForce RTX 4080 Laptop GPU,5636,12282,6368,45.89,58,64,73.03
2025-08-14T07:36:51.588221,0,NVIDIA GeForce RTX 4080 Laptop GPU,5634,12282,6370,45.87,65,66,72.51
2025-08-14T07:37:01.617598,0,NVIDIA GeForce RTX 4080 Laptop GPU,5634,12282,6370,45.87,57,62,73.65
2025-08-14T07:37:11.643825,0,NVIDIA GeForce RTX 4080 Laptop GPU,5634,12282,6370,45.87,60,60,76.44
2025-08-14T07:37:21.670242,0,NVIDIA GeForce RTX 4080 Laptop GPU,5634,12282,6370,45.87,58,61,78.18
2025-08-14T07:37:31.696945,0,NVIDIA GeForce RTX 4080 Laptop GPU,5634,12282,6370,45.87,68,69,80.61
2025-08-14T07:37:41.743857,0,NVIDIA GeForce RTX 4080 Laptop GPU,5634,12282,6370,45.87,70,62,79.35
2025-08-14T07:37:51.769062,0,NVIDIA GeForce RTX 4080 Laptop GPU,5634,12282,6370,45.87,56,70,75.15
2025-08-14T07:38:01.796243,0,NVIDIA GeForce RTX 4080 Laptop GPU,5634,12282,6370,45.87,69,59,77.8
2025-08-14T07:38:11.822121,0,NVIDIA GeForce RTX 4080 Laptop GPU,5634,12282,6370,45.87,58,65,79.28
2025-08-14T07:38:21.846762,0,NVIDIA GeForce RTX 4080 Laptop GPU,5634,12282,6370,45.87,58,60,75.9
2025-08-14T07:38:31.875621,0,NVIDIA GeForce RTX 4080 Laptop GPU,5634,12282,6370,45.87,65,65,82.11
2025-08-14T07:38:41.902818,0,NVIDIA GeForce RTX 4080 Laptop GPU,5634,12282,6370,45.87,58,67,75.02
2025-08-14T07:38:51.933726,0,NVIDIA GeForce RTX 4080 Laptop GPU,5634,12282,6370,45.87,66,59,71.33
2025-08-14T07:39:01.957555,0,NVIDIA GeForce RTX 4080 Laptop GPU,5634,12282,6370,45.87,56,69,76.15
2025-08-14T07:39:11.987501,0,NVIDIA GeForce RTX 4080 Laptop GPU,5634,12282,6370,45.87,55,62,74.74
2025-08-14T07:39:22.013755,0,NVIDIA GeForce RTX 4080 Laptop GPU,5634,12282,6370,45.87,63,64,74.33
2025-08-14T07:39:32.037880,0,NVIDIA GeForce RTX 4080 Laptop GPU,5634,12282,6370,45.87,57,60,77.72
2025-08-14T07:39:42.109081,0,NVIDIA GeForce RTX 4080 Laptop GPU,5634,12282,6370,45.87,59,70,77.94
2025-08-14T07:39:52.136831,0,NVIDIA GeForce RTX 4080 Laptop GPU,5634,12282,6370,45.87,54,66,76.59
2025-08-14T07:40:02.164735,0,NVIDIA GeForce RTX 4080 Laptop GPU,5634,12282,6370,45.87,68,59,72.7
2025-08-14T07:40:12.190341,0,NVIDIA GeForce RTX 4080 Laptop GPU,5634,12282,6370,45.87,60,62,78.66
2025-08-14T07:40:22.218515,0,NVIDIA GeForce RTX 4080 Laptop GPU,5634,12282,6370,45.87,58,60,76.37
2025-08-14T07:40:32.278560,0,NVIDIA GeForce RTX 4080 Laptop GPU,5634,12282,6370,45.87,56,62,69.9
2025-08-14T07:40:42.308147,0,NVIDIA GeForce RTX 4080 Laptop GPU,5634,12282,6370,45.87,62,64,80.34
2025-08-14T07:40:52.332887,0,NVIDIA GeForce RTX 4080 Laptop GPU,5634,12282,6370,45.87,66,60,71.84
2025-08-14T07:41:02.358548,0,NVIDIA GeForce RTX 4080 Laptop GPU,5634,12282,6370,45.87,50,68,79.37
2025-08-14T07:41:12.386713,0,NVIDIA GeForce RTX 4080 Laptop GPU,5634,12282,6370,45.87,69,63,76.88
2025-08-14T07:41:22.414067,0,NVIDIA GeForce RTX 4080 Laptop GPU,5634,12282,6370,45.87,67,69,79.46
2025-08-14T07:41:32.457456,0,NVIDIA GeForce RTX 4080 Laptop GPU,5634,12282,6370,45.87,58,68,76.39
2025-08-14T07:41:42.486922,0,NVIDIA GeForce RTX 4080 Laptop GPU,5634,12282,6370,45.87,70,60,77.24
2025-08-14T07:41:52.512410,0,NVIDIA GeForce RTX 4080 Laptop GPU,5634,12282,6370,45.87,65,61,83.03
2025-08-14T07:42:02.538641,0,NVIDIA GeForce RTX 4080 Laptop GPU,5634,12282,6370,45.87,68,60,75.81
2025-08-14T07:42:12.565835,0,NVIDIA GeForce RTX 4080 Laptop GPU,5634,12282,6370,45.87,59,61,79.46
2025-08-14T07:42:22.596637,0,NVIDIA GeForce RTX 4080 Laptop GPU,5634,12282,6370,45.87,53,65,79.24
2025-08-14T07:42:32.620737,0,NVIDIA GeForce RTX 4080 Laptop GPU,5634,12282,6370,45.87,68,69,75.49
2025-08-14T07:42:42.646614,0,NVIDIA GeForce RTX 4080 Laptop GPU,5634,12282,6370,45.87,55,65,76.61
2025-08-14T07:42:52.674599,0,NVIDIA GeForce RTX 4080 Laptop GPU,5634,12282,6370,45.87,57,67,77.14
2025-08-14T07:43:02.696888,0,NVIDIA GeForce RTX 4080 Laptop GPU,5634,12282,6370,45.87,59,60,76.67
2025-08-14T07:43:12.719725,0,NVIDIA GeForce RTX 4080 Laptop GPU,5634,12282,6370,45.87,66,63,77.44
2025-08-14T07:43:22.743574,0,NVIDIA GeForce RTX 4080 Laptop GPU,5634,12282,6370,45.87,60,61,78.92
2025-08-14T07:43:32.773335,0,NVIDIA GeForce RTX 4080 Laptop GPU,5634,12282,6370,45.87,58,66,78.22
2025-08-14T07:43:42.824521,0,NVIDIA GeForce RTX 4080 Laptop GPU,5634,12282,6370,45.87,56,65,75.02
2025-08-14T07:43:52.853360,0,NVIDIA GeForce RTX 4080 Laptop GPU,5634,12282,6370,45.87,53,65,78.33
2025-08-14T07:44:02.881084,0,NVIDIA GeForce RTX 4080 Laptop GPU,5634,12282,6370,45.87,70,60,72.36
2025-08-14T07:44:12.907269,0,NVIDIA GeForce RTX 4080 Laptop GPU,5634,12282,6370,45.87,56,61,80.24
2025-08-14T07:44:22.935811,0,NVIDIA GeForce RTX 4080 Laptop GPU,5634,12282,6370,45.87,57,66,72.73
2025-08-14T07:44:32.999594,0,NVIDIA GeForce RTX 4080 Laptop GPU,5634,12282,6370,45.87,63,60,79.55
2025-08-14T07:44:43.018997,0,NVIDIA GeForce RTX 4080 Laptop GPU,5634,12282,6370,45.87,68,61,77.33
2025-08-14T07:44:53.040329,0,NVIDIA GeForce RTX 4080 Laptop GPU,5634,12282,6370,45.87,61,61,78.92
2025-08-14T07:45:03.058667,0,NVIDIA GeForce RTX 4080 Laptop GPU,5634,12282,6370,45.87,65,66,73.21
2025-08-14T07:45:13.083291,0,NVIDIA GeForce RTX 4080 Laptop GPU,5634,12282,6370,45.87,63,67,73.79
2025-08-14T07:45:23.113884,0,NVIDIA GeForce RTX 4080 Laptop GPU,5634,12282,6370,45.87,71,65,70.96
2025-08-14T07:45:33.139733,0,NVIDIA GeForce RTX 4080 Laptop GPU,5634,12282,6370,45.87,58,60,75.0
2025-08-14T07:45:43.177719,0,NVIDIA GeForce RTX 4080 Laptop GPU,5634,12282,6370,45.87,66,61,82.88
2025-08-14T07:45:53.203842,0,NVIDIA GeForce RTX 4080 Laptop GPU,5634,12282,6370,45.87,58,60,75.87
2025-08-14T07:46:03.232550,0,NVIDIA GeForce RTX 4080 Laptop GPU,5634,12282,6370,45.87,65,60,73.18
2025-08-14T07:46:13.260495,0,NVIDIA GeForce RTX 4080 Laptop GPU,5634,12282,6370,45.87,69,66,77.0
2025-08-14T07:46:23.288514,0,NVIDIA GeForce RTX 4080 Laptop GPU,5634,12282,6370,45.87,56,60,76.04
2025-08-14T07:46:33.315191,0,NVIDIA GeForce RTX 4080 Laptop GPU,5634,12282,6370,45.87,62,61,73.22
2025-08-14T07:46:43.335552,0,NVIDIA GeForce RTX 4080 Laptop GPU,5634,12282,6370,45.87,61,60,78.62
2025-08-14T07:46:53.360868,0,NVIDIA GeForce RTX 4080 Laptop GPU,5634,12282,6370,45.87,59,67,73.92
2025-08-14T07:47:03.387030,0,NVIDIA GeForce RTX 4080 Laptop GPU,5634,12282,6370,45.87,66,60,78.9
2025-08-14T07:47:13.416196,0,NVIDIA GeForce RTX 4080 Laptop GPU,5634,12282,6370,45.87,62,68,75.54
2025-08-14T07:47:23.448770,0,NVIDIA GeForce RTX 4080 Laptop GPU,5634,12282,6370,45.87,62,66,76.45
2025-08-14T07:47:33.482569,0,NVIDIA GeForce RTX 4080 Laptop GPU,5634,12282,6370,45.87,66,65,80.78
2025-08-14T07:47:43.549907,0,NVIDIA GeForce RTX 4080 Laptop GPU,5634,12282,6370,45.87,63,60,78.91
2025-08-14T07:47:53.582779,0,NVIDIA GeForce RTX 4080 Laptop GPU,5634,12282,6370,45.87,57,67,77.94
2025-08-14T07:48:03.611061,0,NVIDIA GeForce RTX 4080 Laptop GPU,5634,12282,6370,45.87,33,58,42.16
2025-08-14T07:48:13.643412,0,NVIDIA GeForce RTX 4080 Laptop GPU,5634,12282,6370,45.87,67,59,74.38
2025-08-14T07:48:23.669516,0,NVIDIA GeForce RTX 4080 Laptop GPU,5634,12282,6370,45.87,59,60,81.01
2025-08-14T07:48:33.717546,0,NVIDIA GeForce RTX 4080 Laptop GPU,5634,12282,6370,45.87,59,62,75.34
2025-08-14T07:48:43.739232,0,NVIDIA GeForce RTX 4080 Laptop GPU,5634,12282,6370,45.87,70,62,78.84
2025-08-14T07:48:53.757139,0,NVIDIA GeForce RTX 4080 Laptop GPU,5634,12282,6370,45.87,59,63,75.59
2025-08-14T07:49:03.779909,0,NVIDIA GeForce RTX 4080 Laptop GPU,5634,12282,6370,45.87,68,65,77.64
2025-08-14T07:49:13.804825,0,NVIDIA GeForce RTX 4080 Laptop GPU,5634,12282,6370,45.87,59,63,73.93
2025-08-14T07:49:23.832559,0,NVIDIA GeForce RTX 4080 Laptop GPU,5634,12282,6370,45.87,61,62,83.94
2025-08-14T07:49:33.860046,0,NVIDIA GeForce RTX 4080 Laptop GPU,5634,12282,6370,45.87,61,61,72.69
2025-08-14T07:49:43.902432,0,NVIDIA GeForce RTX 4080 Laptop GPU,5634,12282,6370,45.87,62,61,75.32
2025-08-14T07:49:53.927573,0,NVIDIA GeForce RTX 4080 Laptop GPU,5634,12282,6370,45.87,64,62,76.46
2025-08-14T07:50:03.957847,0,NVIDIA GeForce RTX 4080 Laptop GPU,5634,12282,6370,45.87,67,64,75.67
2025-08-14T07:50:13.987046,0,NVIDIA GeForce RTX 4080 Laptop GPU,5634,12282,6370,45.87,56,60,79.91
2025-08-14T07:50:24.014288,0,NVIDIA GeForce RTX 4080 Laptop GPU,5634,12282,6370,45.87,57,61,71.04
2025-08-14T07:50:34.041181,0,NVIDIA GeForce RTX 4080 Laptop GPU,5634,12282,6370,45.87,56,60,78.59
2025-08-14T07:50:44.092891,0,NVIDIA GeForce RTX 4080 Laptop GPU,5634,12282,6370,45.87,53,65,72.08
2025-08-14T07:50:54.118441,0,NVIDIA GeForce RTX 4080 Laptop GPU,5634,12282,6370,45.87,65,60,53.01
2025-08-14T07:51:04.147829,0,NVIDIA GeForce RTX 4080 Laptop GPU,5634,12282,6370,45.87,60,61,82.9
2025-08-14T07:51:14.174730,0,NVIDIA GeForce RTX 4080 Laptop GPU,5634,12282,6370,45.87,57,64,69.77
2025-08-14T07:51:24.201305,0,NVIDIA GeForce RTX 4080 Laptop GPU,5634,12282,6370,45.87,59,69,75.44
2025-08-14T07:51:34.260405,0,NVIDIA GeForce RTX 4080 Laptop GPU,5634,12282,6370,45.87,54,65,73.87
2025-08-14T07:51:44.286726,0,NVIDIA GeForce RTX 4080 Laptop GPU,5634,12282,6370,45.87,59,64,77.28
2025-08-14T07:51:54.313142,0,NVIDIA GeForce RTX 4080 Laptop GPU,5634,12282,6370,45.87,65,61,76.16
2025-08-14T07:52:04.341188,0,NVIDIA GeForce RTX 4080 Laptop GPU,5634,12282,6370,45.87,54,61,76.0
2025-08-14T07:52:14.368182,0,NVIDIA GeForce RTX 4080 Laptop GPU,5634,12282,6370,45.87,59,60,73.36
2025-08-14T07:52:24.399862,0,NVIDIA GeForce RTX 4080 Laptop GPU,5634,12282,6370,45.87,58,67,77.04
2025-08-14T07:52:34.438433,0,NVIDIA GeForce RTX 4080 Laptop GPU,5634,12282,6370,45.87,56,67,78.49
2025-08-14T07:52:44.465784,0,NVIDIA GeForce RTX 4080 Laptop GPU,5634,12282,6370,45.87,61,67,73.43
2025-08-14T07:52:54.497616,0,NVIDIA GeForce RTX 4080 Laptop GPU,5634,12282,6370,45.87,61,67,74.75
2025-08-14T07:53:04.521983,0,NVIDIA GeForce RTX 4080 Laptop GPU,5634,12282,6370,45.87,56,61,78.64
2025-08-14T07:53:14.554382,0,NVIDIA GeForce RTX 4080 Laptop GPU,5634,12282,6370,45.87,69,67,72.44
2025-08-14T07:53:24.583978,0,NVIDIA GeForce RTX 4080 Laptop GPU,5634,12282,6370,45.87,65,68,75.83
2025-08-14T07:53:34.621837,0,NVIDIA GeForce RTX 4080 Laptop GPU,5634,12282,6370,45.87,54,64,73.6
2025-08-14T07:53:44.650561,0,NVIDIA GeForce RTX 4080 Laptop GPU,5636,12282,6368,45.89,63,61,77.44
2025-08-14T07:53:54.681021,0,NVIDIA GeForce RTX 4080 Laptop GPU,5636,12282,6368,45.89,55,63,73.23
2025-08-14T07:54:04.711257,0,NVIDIA GeForce RTX 4080 Laptop GPU,5636,12282,6368,45.89,57,65,79.17
2025-08-14T07:54:14.739280,0,NVIDIA GeForce RTX 4080 Laptop GPU,5636,12282,6368,45.89,53,61,81.56
2025-08-14T07:54:24.770404,0,NVIDIA GeForce RTX 4080 Laptop GPU,5636,12282,6368,45.89,56,61,80.08
2025-08-14T07:54:34.799574,0,NVIDIA GeForce RTX 4080 Laptop GPU,5636,12282,6368,45.89,55,60,75.79
2025-08-14T07:54:44.824421,0,NVIDIA GeForce RTX 4080 Laptop GPU,5636,12282,6368,45.89,52,65,77.72
2025-08-14T07:54:54.851776,0,NVIDIA GeForce RTX 4080 Laptop GPU,5636,12282,6368,45.89,67,60,74.89
2025-08-14T07:55:04.876179,0,NVIDIA GeForce RTX 4080 Laptop GPU,5636,12282,6368,45.89,57,63,81.5
2025-08-14T07:55:14.903166,0,NVIDIA GeForce RTX 4080 Laptop GPU,5636,12282,6368,45.89,69,65,74.06
2025-08-14T07:55:24.928275,0,NVIDIA GeForce RTX 4080 Laptop GPU,5636,12282,6368,45.89,64,61,71.42
2025-08-14T07:55:34.959824,0,NVIDIA GeForce RTX 4080 Laptop GPU,5636,12282,6368,45.89,57,65,70.46
2025-08-14T07:55:44.984076,0,NVIDIA GeForce RTX 4080 Laptop GPU,5636,12282,6368,45.89,61,60,80.75
2025-08-14T07:55:55.013413,0,NVIDIA GeForce RTX 4080 Laptop GPU,5636,12282,6368,45.89,57,68,74.88
2025-08-14T07:56:05.044578,0,NVIDIA GeForce RTX 4080 Laptop GPU,5636,12282,6368,45.89,61,70,78.26
2025-08-14T07:56:15.079300,0,NVIDIA GeForce RTX 4080 Laptop GPU,5636,12282,6368,45.89,58,62,80.83
2025-08-14T07:56:25.107929,0,NVIDIA GeForce RTX 4080 Laptop GPU,5636,12282,6368,45.89,53,61,75.92
2025-08-14T07:56:35.157653,0,NVIDIA GeForce RTX 4080 Laptop GPU,5636,12282,6368,45.89,63,60,77.17
2025-08-14T07:56:45.179333,0,NVIDIA GeForce RTX 4080 Laptop GPU,5634,12282,6370,45.87,60,61,78.66
2025-08-14T07:56:55.200810,0,NVIDIA GeForce RTX 4080 Laptop GPU,5634,12282,6370,45.87,64,61,77.07
2025-08-14T07:57:05.225447,0,NVIDIA GeForce RTX 4080 Laptop GPU,5634,12282,6370,45.87,54,62,76.52
2025-08-14T07:57:15.251367,0,NVIDIA GeForce RTX 4080 Laptop GPU,5634,12282,6370,45.87,60,63,82.01
2025-08-14T07:57:25.280775,0,NVIDIA GeForce RTX 4080 Laptop GPU,5634,12282,6370,45.87,67,64,73.14
2025-08-14T07:57:35.319040,0,NVIDIA GeForce RTX 4080 Laptop GPU,5634,12282,6370,45.87,62,63,71.01
2025-08-14T07:57:45.348296,0,NVIDIA GeForce RTX 4080 Laptop GPU,5634,12282,6370,45.87,59,66,73.26
2025-08-14T07:57:55.374670,0,NVIDIA GeForce RTX 4080 Laptop GPU,5634,12282,6370,45.87,67,61,78.68
2025-08-14T07:58:05.403689,0,NVIDIA GeForce RTX 4080 Laptop GPU,5634,12282,6370,45.87,68,67,79.44
2025-08-14T07:58:15.430116,0,NVIDIA GeForce RTX 4080 Laptop GPU,5634,12282,6370,45.87,58,60,73.61
2025-08-14T07:58:25.457547,0,NVIDIA GeForce RTX 4080 Laptop GPU,5634,12282,6370,45.87,70,64,69.55
2025-08-14T07:58:35.480723,0,NVIDIA GeForce RTX 4080 Laptop GPU,5634,12282,6370,45.87,60,61,73.49
2025-08-14T07:58:45.525690,0,NVIDIA GeForce RTX 4080 Laptop GPU,5634,12282,6370,45.87,67,63,83.1
2025-08-14T07:58:55.553248,0,NVIDIA GeForce RTX 4080 Laptop GPU,5634,12282,6370,45.87,65,62,77.11
2025-08-14T07:59:05.581990,0,NVIDIA GeForce RTX 4080 Laptop GPU,5634,12282,6370,45.87,60,64,68.57
2025-08-14T07:59:15.608214,0,NVIDIA GeForce RTX 4080 Laptop GPU,5634,12282,6370,45.87,50,64,75.08
2025-08-14T07:59:25.634341,0,NVIDIA GeForce RTX 4080 Laptop GPU,5634,12282,6370,45.87,58,61,78.67
2025-08-14T07:59:35.660853,0,NVIDIA GeForce RTX 4080 Laptop GPU,5634,12282,6370,45.87,67,61,80.62
2025-08-14T07:59:45.705472,0,NVIDIA GeForce RTX 4080 Laptop GPU,5634,12282,6370,45.87,70,62,82.58
2025-08-14T07:59:55.731184,0,NVIDIA GeForce RTX 4080 Laptop GPU,5634,12282,6370,45.87,62,63,80.9
2025-08-14T08:00:05.757313,0,NVIDIA GeForce RTX 4080 Laptop GPU,5634,12282,6370,45.87,57,62,80.74
2025-08-14T08:00:15.792646,0,NVIDIA GeForce RTX 4080 Laptop GPU,5634,12282,6370,45.87,64,65,74.21
2025-08-14T08:00:25.818019,0,NVIDIA GeForce RTX 4080 Laptop GPU,5634,12282,6370,45.87,61,62,73.73
2025-08-14T08:00:35.846492,0,NVIDIA GeForce RTX 4080 Laptop GPU,5634,12282,6370,45.87,69,71,82.28
2025-08-14T08:00:45.891434,0,NVIDIA GeForce RTX 4080 Laptop GPU,5634,12282,6370,45.87,57,70,73.52
2025-08-14T08:00:55.923160,0,NVIDIA GeForce RTX 4080 Laptop GPU,5634,12282,6370,45.87,56,66,79.35
2025-08-14T08:01:05.949081,0,NVIDIA GeForce RTX 4080 Laptop GPU,5634,12282,6370,45.87,62,62,77.3
2025-08-14T08:01:15.975371,0,NVIDIA GeForce RTX 4080 Laptop GPU,5634,12282,6370,45.87,64,64,75.99
2025-08-14T08:01:26.003872,0,NVIDIA GeForce RTX 4080 Laptop GPU,5634,12282,6370,45.87,71,62,67.36
2025-08-14T08:01:36.059852,0,NVIDIA GeForce RTX 4080 Laptop GPU,5634,12282,6370,45.87,63,61,80.78
2025-08-14T08:01:46.085520,0,NVIDIA GeForce RTX 4080 Laptop GPU,5634,12282,6370,45.87,59,64,76.39
2025-08-14T08:01:56.114019,0,NVIDIA GeForce RTX 4080 Laptop GPU,5634,12282,6370,45.87,61,61,71.42
2025-08-14T08:02:06.145155,0,NVIDIA GeForce RTX 4080 Laptop GPU,5634,12282,6370,45.87,66,65,71.64
2025-08-14T08:02:16.172820,0,NVIDIA GeForce RTX 4080 Laptop GPU,5634,12282,6370,45.87,60,67,78.78
2025-08-14T08:02:26.195263,0,NVIDIA GeForce RTX 4080 Laptop GPU,5634,12282,6370,45.87,71,64,80.78
2025-08-14T08:02:36.240128,0,NVIDIA GeForce RTX 4080 Laptop GPU,5634,12282,6370,45.87,56,64,74.47
2025-08-14T08:02:46.267048,0,NVIDIA GeForce RTX 4080 Laptop GPU,5634,12282,6370,45.87,69,61,83.83
2025-08-14T08:02:56.294049,0,NVIDIA GeForce RTX 4080 Laptop GPU,5634,12282,6370,45.87,61,62,69.64
2025-08-14T08:03:06.321000,0,NVIDIA GeForce RTX 4080 Laptop GPU,5634,12282,6370,45.87,71,64,74.71
2025-08-14T08:03:16.348169,0,NVIDIA GeForce RTX 4080 Laptop GPU,5634,12282,6370,45.87,59,64,79.67
2025-08-14T08:03:26.372207,0,NVIDIA GeForce RTX 4080 Laptop GPU,5634,12282,6370,45.87,59,61,74.16
2025-08-14T08:03:36.419314,0,NVIDIA GeForce RTX 4080 Laptop GPU,5634,12282,6370,45.87,54,61,82.49
2025-08-14T08:03:46.448077,0,NVIDIA GeForce RTX 4080 Laptop GPU,5634,12282,6370,45.87,62,63,73.19
2025-08-14T08:03:56.474177,0,NVIDIA GeForce RTX 4080 Laptop GPU,5634,12282,6370,45.87,56,68,76.8
2025-08-14T08:04:06.503364,0,NVIDIA GeForce RTX 4080 Laptop GPU,5634,12282,6370,45.87,71,68,80.49
2025-08-14T08:04:16.522212,0,NVIDIA GeForce RTX 4080 Laptop GPU,5634,12282,6370,45.87,59,61,74.77
2025-08-14T08:04:26.546974,0,NVIDIA GeForce RTX 4080 Laptop GPU,5634,12282,6370,45.87,51,61,79.11
2025-08-14T08:04:36.600222,0,NVIDIA GeForce RTX 4080 Laptop GPU,5634,12282,6370,45.87,55,65,74.82
2025-08-14T08:04:46.626540,0,NVIDIA GeForce RTX 4080 Laptop GPU,5634,12282,6370,45.87,61,65,79.75
2025-08-14T08:04:56.651644,0,NVIDIA GeForce RTX 4080 Laptop GPU,5634,12282,6370,45.87,66,61,79.57
2025-08-14T08:05:06.675385,0,NVIDIA GeForce RTX 4080 Laptop GPU,5636,12282,6368,45.89,56,62,79.73
2025-08-14T08:05:16.699236,0,NVIDIA GeForce RTX 4080 Laptop GPU,5636,12282,6368,45.89,57,61,77.16
2025-08-14T08:05:26.724876,0,NVIDIA GeForce RTX 4080 Laptop GPU,5636,12282,6368,45.89,56,61,78.86
2025-08-14T08:05:36.760065,0,NVIDIA GeForce RTX 4080 Laptop GPU,5636,12282,6368,45.89,65,69,74.97
2025-08-14T08:05:46.790776,0,NVIDIA GeForce RTX 4080 Laptop GPU,5636,12282,6368,45.89,50,63,78.64
2025-08-14T08:05:56.820732,0,NVIDIA GeForce RTX 4080 Laptop GPU,5636,12282,6368,45.89,60,62,73.08
2025-08-14T08:06:06.844710,0,NVIDIA GeForce RTX 4080 Laptop GPU,5636,12282,6368,45.89,65,67,75.72
2025-08-14T08:06:16.871035,0,NVIDIA GeForce RTX 4080 Laptop GPU,5636,12282,6368,45.89,58,64,72.25
2025-08-14T08:06:26.895814,0,NVIDIA GeForce RTX 4080 Laptop GPU,5636,12282,6368,45.89,60,65,73.98
2025-08-14T08:06:36.920590,0,NVIDIA GeForce RTX 4080 Laptop GPU,5636,12282,6368,45.89,62,62,74.97
2025-08-14T08:06:46.943919,0,NVIDIA GeForce RTX 4080 Laptop GPU,5636,12282,6368,45.89,57,61,75.39
2025-08-14T08:06:56.976234,0,NVIDIA GeForce RTX 4080 Laptop GPU,5636,12282,6368,45.89,68,62,84.79
2025-08-14T08:07:07.001244,0,NVIDIA GeForce RTX 4080 Laptop GPU,5636,12282,6368,45.89,60,66,78.48
2025-08-14T08:07:17.028860,0,NVIDIA GeForce RTX 4080 Laptop GPU,5636,12282,6368,45.89,70,66,69.54
2025-08-14T08:07:27.054077,0,NVIDIA GeForce RTX 4080 Laptop GPU,5636,12282,6368,45.89,59,61,77.36
2025-08-14T08:07:37.081912,0,NVIDIA GeForce RTX 4080 Laptop GPU,5636,12282,6368,45.89,68,67,76.55
2025-08-14T08:07:47.137772,0,NVIDIA GeForce RTX 4080 Laptop GPU,5636,12282,6368,45.89,61,61,74.82
2025-08-14T08:07:57.164030,0,NVIDIA GeForce RTX 4080 Laptop GPU,5636,12282,6368,45.89,68,61,76.54
2025-08-14T08:08:07.188916,0,NVIDIA GeForce RTX 4080 Laptop GPU,5636,12282,6368,45.89,64,66,76.79
2025-08-14T08:08:17.215358,0,NVIDIA GeForce RTX 4080 Laptop GPU,5636,12282,6368,45.89,63,68,75.53
2025-08-14T08:08:27.243927,0,NVIDIA GeForce RTX 4080 Laptop GPU,5634,12282,6370,45.87,56,61,76.39
2025-08-14T08:08:37.269037,0,NVIDIA GeForce RTX 4080 Laptop GPU,5634,12282,6370,45.87,57,61,76.19
2025-08-14T08:08:47.332131,0,NVIDIA GeForce RTX 4080 Laptop GPU,5634,12282,6370,45.87,62,64,83.58
2025-08-14T08:08:57.357318,0,NVIDIA GeForce RTX 4080 Laptop GPU,5634,12282,6370,45.87,70,61,74.58
2025-08-14T08:09:07.389329,0,NVIDIA GeForce RTX 4080 Laptop GPU,5634,12282,6370,45.87,64,67,77.79
2025-08-14T08:09:17.414295,0,NVIDIA GeForce RTX 4080 Laptop GPU,5634,12282,6370,45.87,57,62,81.51
2025-08-14T08:09:27.431871,0,NVIDIA GeForce RTX 4080 Laptop GPU,5634,12282,6370,45.87,58,62,75.64
2025-08-14T08:09:37.459857,0,NVIDIA GeForce RTX 4080 Laptop GPU,5634,12282,6370,45.87,60,61,77.07
2025-08-14T08:09:47.505514,0,NVIDIA GeForce RTX 4080 Laptop GPU,5634,12282,6370,45.87,69,61,77.39
2025-08-14T08:09:57.536457,0,NVIDIA GeForce RTX 4080 Laptop GPU,5634,12282,6370,45.87,54,70,74.95
2025-08-14T08:10:07.561598,0,NVIDIA GeForce RTX 4080 Laptop GPU,5634,12282,6370,45.87,58,63,79.07
2025-08-14T08:10:17.587129,0,NVIDIA GeForce RTX 4080 Laptop GPU,5634,12282,6370,45.87,58,63,79.08
2025-08-14T08:10:27.609725,0,NVIDIA GeForce RTX 4080 Laptop GPU,5634,12282,6370,45.87,64,63,74.35
2025-08-14T08:10:37.635461,0,NVIDIA GeForce RTX 4080 Laptop GPU,5634,12282,6370,45.87,33,60,57.52
2025-08-14T08:10:47.686956,0,NVIDIA GeForce RTX 4080 Laptop GPU,5634,12282,6370,45.87,67,61,79.93
2025-08-14T08:10:57.709461,0,NVIDIA GeForce RTX 4080 Laptop GPU,5634,12282,6370,45.87,56,68,77.26
2025-08-14T08:11:07.739262,0,NVIDIA GeForce RTX 4080 Laptop GPU,5634,12282,6370,45.87,57,64,74.69
2025-08-14T08:11:17.766716,0,NVIDIA GeForce RTX 4080 Laptop GPU,5634,12282,6370,45.87,69,69,76.28
2025-08-14T08:11:27.791297,0,NVIDIA GeForce RTX 4080 Laptop GPU,5634,12282,6370,45.87,57,61,74.47
2025-08-14T08:11:37.818484,0,NVIDIA GeForce RTX 4080 Laptop GPU,5634,12282,6370,45.87,53,66,75.34
2025-08-14T08:11:47.871484,0,NVIDIA GeForce RTX 4080 Laptop GPU,5634,12282,6370,45.87,53,63,78.4
2025-08-14T08:11:57.896938,0,NVIDIA GeForce RTX 4080 Laptop GPU,5634,12282,6370,45.87,62,61,75.4
2025-08-14T08:12:07.921760,0,NVIDIA GeForce RTX 4080 Laptop GPU,5634,12282,6370,45.87,67,61,73.71
2025-08-14T08:12:17.946434,0,NVIDIA GeForce RTX 4080 Laptop GPU,5632,12282,6372,45.86,56,63,77.94
2025-08-14T08:12:27.964400,0,NVIDIA GeForce RTX 4080 Laptop GPU,5634,12282,6370,45.87,65,64,75.4
2025-08-14T08:12:37.989968,0,NVIDIA GeForce RTX 4080 Laptop GPU,5634,12282,6370,45.87,59,61,72.67
2025-08-14T08:12:48.038781,0,NVIDIA GeForce RTX 4080 Laptop GPU,5634,12282,6370,45.87,64,62,78.19
2025-08-14T08:12:58.055832,0,NVIDIA GeForce RTX 4080 Laptop GPU,5634,12282,6370,45.87,56,66,77.92
2025-08-14T08:13:08.079976,0,NVIDIA GeForce RTX 4080 Laptop GPU,5634,12282,6370,45.87,57,69,77.96
2025-08-14T08:13:18.105280,0,NVIDIA GeForce RTX 4080 Laptop GPU,5632,12282,6372,45.86,62,61,73.83
2025-08-14T08:13:28.129532,0,NVIDIA GeForce RTX 4080 Laptop GPU,5634,12282,6370,45.87,33,59,42.49
2025-08-14T08:13:38.153698,0,NVIDIA GeForce RTX 4080 Laptop GPU,5634,12282,6370,45.87,61,62,74.57
2025-08-14T08:13:48.173749,0,NVIDIA GeForce RTX 4080 Laptop GPU,5634,12282,6370,45.87,55,63,76.97
2025-08-14T08:13:58.200218,0,NVIDIA GeForce RTX 4080 Laptop GPU,5634,12282,6370,45.87,57,65,71.29
2025-08-14T08:14:08.241088,0,NVIDIA GeForce RTX 4080 Laptop GPU,5634,12282,6370,45.87,68,62,74.67
2025-08-14T08:14:18.266678,0,NVIDIA GeForce RTX 4080 Laptop GPU,5634,12282,6370,45.87,67,62,85.28
2025-08-14T08:14:28.291924,0,NVIDIA GeForce RTX 4080 Laptop GPU,5634,12282,6370,45.87,54,62,76.09
2025-08-14T08:14:38.317477,0,NVIDIA GeForce RTX 4080 Laptop GPU,5634,12282,6370,45.87,56,61,75.14
2025-08-14T08:14:48.345787,0,NVIDIA GeForce RTX 4080 Laptop GPU,5634,12282,6370,45.87,70,63,76.44
2025-08-14T08:14:58.413778,0,NVIDIA GeForce RTX 4080 Laptop GPU,5634,12282,6370,45.87,70,62,77.11
2025-08-14T08:15:08.441474,0,NVIDIA GeForce RTX 4080 Laptop GPU,5634,12282,6370,45.87,54,64,74.98
2025-08-14T08:15:18.470723,0,NVIDIA GeForce RTX 4080 Laptop GPU,5634,12282,6370,45.87,60,71,76.43
2025-08-14T08:15:28.501228,0,NVIDIA GeForce RTX 4080 Laptop GPU,5634,12282,6370,45.87,69,67,68.47
2025-08-14T08:15:38.525563,0,NVIDIA GeForce RTX 4080 Laptop GPU,5634,12282,6370,45.87,56,63,74.87
2025-08-14T08:15:48.587096,0,NVIDIA GeForce RTX 4080 Laptop GPU,5632,12282,6372,45.86,69,63,84.86
2025-08-14T08:15:58.611947,0,NVIDIA GeForce RTX 4080 Laptop GPU,5634,12282,6370,45.87,62,66,74.39
2025-08-14T08:16:08.637084,0,NVIDIA GeForce RTX 4080 Laptop GPU,5634,12282,6370,45.87,57,63,77.1
2025-08-14T08:16:18.662757,0,NVIDIA GeForce RTX 4080 Laptop GPU,5632,12282,6372,45.86,56,65,49.9
2025-08-14T08:16:28.691371,0,NVIDIA GeForce RTX 4080 Laptop GPU,5636,12282,6368,45.89,55,65,76.64
2025-08-14T08:16:38.711793,0,NVIDIA GeForce RTX 4080 Laptop GPU,5636,12282,6368,45.89,62,62,74.06
2025-08-14T08:16:48.742085,0,NVIDIA GeForce RTX 4080 Laptop GPU,5636,12282,6368,45.89,63,69,75.14
2025-08-14T08:16:58.776454,0,NVIDIA GeForce RTX 4080 Laptop GPU,5636,12282,6368,45.89,65,62,80.32
2025-08-14T08:17:08.802572,0,NVIDIA GeForce RTX 4080 Laptop GPU,5636,12282,6368,45.89,56,64,75.54
2025-08-14T08:17:18.823646,0,NVIDIA GeForce RTX 4080 Laptop GPU,5636,12282,6368,45.89,56,63,72.33
2025-08-14T08:17:28.848971,0,NVIDIA GeForce RTX 4080 Laptop GPU,5636,12282,6368,45.89,65,65,72.86
2025-08-14T08:17:38.878175,0,NVIDIA GeForce RTX 4080 Laptop GPU,5636,12282,6368,45.89,70,66,77.61
2025-08-14T08:17:48.947541,0,NVIDIA GeForce RTX 4080 Laptop GPU,5636,12282,6368,45.89,69,62,79.94
2025-08-14T08:17:58.975900,0,NVIDIA GeForce RTX 4080 Laptop GPU,5636,12282,6368,45.89,67,61,76.81
2025-08-14T08:18:09.002712,0,NVIDIA GeForce RTX 4080 Laptop GPU,5636,12282,6368,45.89,64,68,69.23
2025-08-14T08:18:19.027723,0,NVIDIA GeForce RTX 4080 Laptop GPU,5636,12282,6368,45.89,58,64,79.04
2025-08-14T08:18:29.054322,0,NVIDIA GeForce RTX 4080 Laptop GPU,5636,12282,6368,45.89,70,65,80.43
2025-08-14T08:18:39.084158,0,NVIDIA GeForce RTX 4080 Laptop GPU,5636,12282,6368,45.89,60,62,77.12
2025-08-14T08:18:49.131853,0,NVIDIA GeForce RTX 4080 Laptop GPU,5636,12282,6368,45.89,61,69,79.48
2025-08-14T08:18:59.157997,0,NVIDIA GeForce RTX 4080 Laptop GPU,5636,12282,6368,45.89,68,60,75.17
2025-08-14T08:19:09.190005,0,NVIDIA GeForce RTX 4080 Laptop GPU,5636,12282,6368,45.89,65,66,67.44
2025-08-14T08:19:19.215687,0,NVIDIA GeForce RTX 4080 Laptop GPU,5636,12282,6368,45.89,60,63,81.25
2025-08-14T08:19:29.246194,0,NVIDIA GeForce RTX 4080 Laptop GPU,5636,12282,6368,45.89,60,61,81.11
2025-08-14T08:19:39.300412,0,NVIDIA GeForce RTX 4080 Laptop GPU,5636,12282,6368,45.89,68,63,79.1
2025-08-14T08:19:49.326531,0,NVIDIA GeForce RTX 4080 Laptop GPU,5632,12282,6372,45.86,65,63,79.37
2025-08-14T08:19:59.344530,0,NVIDIA GeForce RTX 4080 Laptop GPU,5636,12282,6368,45.89,64,61,75.72
2025-08-14T08:20:09.363726,0,NVIDIA GeForce RTX 4080 Laptop GPU,5636,12282,6368,45.89,57,68,78.46
2025-08-14T08:20:19.388904,0,NVIDIA GeForce RTX 4080 Laptop GPU,5632,12282,6372,45.86,60,61,75.37
2025-08-14T08:20:29.415404,0,NVIDIA GeForce RTX 4080 Laptop GPU,5636,12282,6368,45.89,54,61,75.85
2025-08-14T08:20:39.440976,0,NVIDIA GeForce RTX 4080 Laptop GPU,5636,12282,6368,45.89,58,61,77.43
2025-08-14T08:20:49.492746,0,NVIDIA GeForce RTX 4080 Laptop GPU,5636,12282,6368,45.89,66,63,85.0
2025-08-14T08:20:59.520018,0,NVIDIA GeForce RTX 4080 Laptop GPU,5636,12282,6368,45.89,56,70,72.08
2025-08-14T08:21:09.548943,0,NVIDIA GeForce RTX 4080 Laptop GPU,5636,12282,6368,45.89,55,63,80.53
2025-08-14T08:21:19.578525,0,NVIDIA GeForce RTX 4080 Laptop GPU,5636,12282,6368,45.89,67,66,72.36
2025-08-14T08:21:29.604906,0,NVIDIA GeForce RTX 4080 Laptop GPU,5636,12282,6368,45.89,65,62,72.58
2025-08-14T08:21:39.660416,0,NVIDIA GeForce RTX 4080 Laptop GPU,5636,12282,6368,45.89,62,62,78.75
2025-08-14T08:21:49.686210,0,NVIDIA GeForce RTX 4080 Laptop GPU,5636,12282,6368,45.89,61,64,78.08
2025-08-14T08:21:59.717078,0,NVIDIA GeForce RTX 4080 Laptop GPU,5636,12282,6368,45.89,56,67,74.4
2025-08-14T08:22:09.746294,0,NVIDIA GeForce RTX 4080 Laptop GPU,5636,12282,6368,45.89,60,62,79.64
2025-08-14T08:22:19.771898,0,NVIDIA GeForce RTX 4080 Laptop GPU,5634,12282,6370,45.87,57,61,77.45
2025-08-14T08:22:29.800465,0,NVIDIA GeForce RTX 4080 Laptop GPU,5634,12282,6370,45.87,60,62,82.48
2025-08-14T08:22:39.827106,0,NVIDIA GeForce RTX 4080 Laptop GPU,5482,12282,6522,44.63,59,61,77.96
2025-08-14T08:22:49.859158,0,NVIDIA GeForce RTX 4080 Laptop GPU,5634,12282,6370,45.87,59,67,74.6
2025-08-14T08:22:59.888098,0,NVIDIA GeForce RTX 4080 Laptop GPU,5634,12282,6370,45.87,52,68,77.83
2025-08-14T08:23:09.913409,0,NVIDIA GeForce RTX 4080 Laptop GPU,5634,12282,6370,45.87,60,71,75.15
2025-08-14T08:23:19.939306,0,NVIDIA GeForce RTX 4080 Laptop GPU,5634,12282,6370,45.87,57,63,78.55
2025-08-14T08:23:29.964508,0,NVIDIA GeForce RTX 4080 Laptop GPU,5634,12282,6370,45.87,55,61,71.36
2025-08-14T08:23:40.018788,0,NVIDIA GeForce RTX 4080 Laptop GPU,5632,12282,6372,45.86,52,61,77.99
2025-08-14T08:23:50.045239,0,NVIDIA GeForce RTX 4080 Laptop GPU,5632,12282,6372,45.86,58,61,79.76
2025-08-14T08:24:00.070667,0,NVIDIA GeForce RTX 4080 Laptop GPU,5634,12282,6370,45.87,68,60,74.8
2025-08-14T08:24:10.102942,0,NVIDIA GeForce RTX 4080 Laptop GPU,5634,12282,6370,45.87,64,68,75.05
2025-08-14T08:24:20.127194,0,NVIDIA GeForce RTX 4080 Laptop GPU,5634,12282,6370,45.87,70,67,72.07
2025-08-14T08:24:30.152642,0,NVIDIA GeForce RTX 4080 Laptop GPU,5634,12282,6370,45.87,69,68,79.11
2025-08-14T08:24:40.181111,0,NVIDIA GeForce RTX 4080 Laptop GPU,5632,12282,6372,45.86,56,62,77.53
2025-08-14T08:24:50.209275,0,NVIDIA GeForce RTX 4080 Laptop GPU,5634,12282,6370,45.87,59,61,75.19
2025-08-14T08:25:00.234819,0,NVIDIA GeForce RTX 4080 Laptop GPU,5634,12282,6370,45.87,63,61,72.99
2025-08-14T08:25:10.265597,0,NVIDIA GeForce RTX 4080 Laptop GPU,5634,12282,6370,45.87,62,66,75.39
2025-08-14T08:25:20.292088,0,NVIDIA GeForce RTX 4080 Laptop GPU,5634,12282,6370,45.87,67,64,79.24
2025-08-14T08:25:30.318052,0,NVIDIA GeForce RTX 4080 Laptop GPU,5634,12282,6370,45.87,52,61,78.82
2025-08-14T08:25:40.348258,0,NVIDIA GeForce RTX 4080 Laptop GPU,5632,12282,6372,45.86,50,61,63.71
2025-08-14T08:25:50.392735,0,NVIDIA GeForce RTX 4080 Laptop GPU,5634,12282,6370,45.87,62,68,80.25
2025-08-14T08:26:00.421575,0,NVIDIA GeForce RTX 4080 Laptop GPU,5634,12282,6370,45.87,54,70,75.21
2025-08-14T08:26:10.439303,0,NVIDIA GeForce RTX 4080 Laptop GPU,5634,12282,6370,45.87,58,61,76.82
2025-08-14T08:26:20.466174,0,NVIDIA GeForce RTX 4080 Laptop GPU,5634,12282,6370,45.87,59,63,74.43
2025-08-14T08:26:30.492796,0,NVIDIA GeForce RTX 4080 Laptop GPU,5634,12282,6370,45.87,59,61,76.9
2025-08-14T08:26:40.518674,0,NVIDIA GeForce RTX 4080 Laptop GPU,5634,12282,6370,45.87,68,65,80.14
2025-08-14T08:26:50.565386,0,NVIDIA GeForce RTX 4080 Laptop GPU,5634,12282,6370,45.87,64,61,77.28
2025-08-14T08:27:00.593184,0,NVIDIA GeForce RTX 4080 Laptop GPU,5634,12282,6370,45.87,57,61,75.6
2025-08-14T08:27:10.628077,0,NVIDIA GeForce RTX 4080 Laptop GPU,5634,12282,6370,45.87,66,69,76.64
2025-08-14T08:27:20.653639,0,NVIDIA GeForce RTX 4080 Laptop GPU,5634,12282,6370,45.87,58,63,81.56
2025-08-14T08:27:30.682546,0,NVIDIA GeForce RTX 4080 Laptop GPU,5634,12282,6370,45.87,57,65,79.3
2025-08-14T08:27:40.719905,0,NVIDIA GeForce RTX 4080 Laptop GPU,5632,12282,6372,45.86,58,61,75.23
2025-08-14T08:27:50.751577,0,NVIDIA GeForce RTX 4080 Laptop GPU,5636,12282,6368,45.89,62,68,79.15
2025-08-14T08:28:00.779608,0,NVIDIA GeForce RTX 4080 Laptop GPU,5636,12282,6368,45.89,60,60,76.24
2025-08-14T08:28:10.803580,0,NVIDIA GeForce RTX 4080 Laptop GPU,5636,12282,6368,45.89,52,63,74.9
2025-08-14T08:28:20.834041,0,NVIDIA GeForce RTX 4080 Laptop GPU,5636,12282,6368,45.89,48,68,81.33
2025-08-14T08:28:30.862419,0,NVIDIA GeForce RTX 4080 Laptop GPU,5636,12282,6368,45.89,49,61,73.04
2025-08-14T08:28:40.919513,0,NVIDIA GeForce RTX 4080 Laptop GPU,5632,12282,6372,45.86,60,64,72.43
2025-08-14T08:28:50.936210,0,NVIDIA GeForce RTX 4080 Laptop GPU,5636,12282,6368,45.89,70,63,82.63
2025-08-14T08:29:00.962679,0,NVIDIA GeForce RTX 4080 Laptop GPU,5636,12282,6368,45.89,71,61,80.72
2025-08-14T08:29:10.994460,0,NVIDIA GeForce RTX 4080 Laptop GPU,5636,12282,6368,45.89,60,67,74.45
2025-08-14T08:29:21.018892,0,NVIDIA GeForce RTX 4080 Laptop GPU,5636,12282,6368,45.89,60,62,71.5
2025-08-14T08:29:31.044098,0,NVIDIA GeForce RTX 4080 Laptop GPU,5636,12282,6368,45.89,69,66,77.46
2025-08-14T08:29:41.081326,0,NVIDIA GeForce RTX 4080 Laptop GPU,5636,12282,6368,45.89,61,68,73.21
2025-08-14T08:29:51.107794,0,NVIDIA GeForce RTX 4080 Laptop GPU,5636,12282,6368,45.89,66,64,78.48
2025-08-14T08:30:01.134128,0,NVIDIA GeForce RTX 4080 Laptop GPU,5636,12282,6368,45.89,58,63,79.33
2025-08-14T08:30:11.160428,0,NVIDIA GeForce RTX 4080 Laptop GPU,5636,12282,6368,45.89,63,61,76.83
2025-08-14T08:30:21.190338,0,NVIDIA GeForce RTX 4080 Laptop GPU,5636,12282,6368,45.89,67,68,72.41
2025-08-14T08:30:31.216869,0,NVIDIA GeForce RTX 4080 Laptop GPU,5636,12282,6368,45.89,60,62,82.41
2025-08-14T08:30:41.243410,0,NVIDIA GeForce RTX 4080 Laptop GPU,5634,12282,6370,45.87,71,63,75.62
2025-08-14T08:30:51.287186,0,NVIDIA GeForce RTX 4080 Laptop GPU,5634,12282,6370,45.87,57,61,73.4
2025-08-14T08:31:01.312778,0,NVIDIA GeForce RTX 4080 Laptop GPU,5634,12282,6370,45.87,56,61,79.1
2025-08-14T08:31:11.338506,0,NVIDIA GeForce RTX 4080 Laptop GPU,5925,12282,6078,48.24,62,61,75.03
2025-08-14T08:31:21.369252,0,NVIDIA GeForce RTX 4080 Laptop GPU,5925,12282,6078,48.24,56,67,79.78
2025-08-14T08:31:31.398485,0,NVIDIA GeForce RTX 4080 Laptop GPU,5925,12282,6078,48.24,68,67,75.58
2025-08-14T08:31:41.428708,0,NVIDIA GeForce RTX 4080 Laptop GPU,5925,12282,6078,48.24,58,62,74.45
2025-08-14T08:31:51.473101,0,NVIDIA GeForce RTX 4080 Laptop GPU,5925,12282,6078,48.24,57,69,71.15
2025-08-14T08:32:01.500495,0,NVIDIA GeForce RTX 4080 Laptop GPU,5925,12282,6078,48.24,54,70,73.15
2025-08-14T08:32:11.530270,0,NVIDIA GeForce RTX 4080 Laptop GPU,5925,12282,6078,48.24,52,62,76.07
2025-08-14T08:32:21.556168,0,NVIDIA GeForce RTX 4080 Laptop GPU,5925,12282,6078,48.24,57,62,76.69
2025-08-14T08:32:31.584977,0,NVIDIA GeForce RTX 4080 Laptop GPU,5925,12282,6078,48.24,50,62,77.14
2025-08-14T08:32:41.621356,0,NVIDIA GeForce RTX 4080 Laptop GPU,5925,12282,6078,48.24,56,69,78.72
2025-08-14T08:32:51.647846,0,NVIDIA GeForce RTX 4080 Laptop GPU,5925,12282,6078,48.24,59,62,75.59
2025-08-14T08:33:01.673065,0,NVIDIA GeForce RTX 4080 Laptop GPU,5925,12282,6078,48.24,68,62,78.64
2025-08-14T08:33:11.699470,0,NVIDIA GeForce RTX 4080 Laptop GPU,5925,12282,6078,48.24,55,62,72.25
2025-08-14T08:33:21.724056,0,NVIDIA GeForce RTX 4080 Laptop GPU,5925,12282,6078,48.24,59,66,78.97
2025-08-14T08:33:31.749208,0,NVIDIA GeForce RTX 4080 Laptop GPU,5925,12282,6078,48.24,67,64,74.31
2025-08-14T08:33:41.781768,0,NVIDIA GeForce RTX 4080 Laptop GPU,5925,12282,6078,48.24,64,68,72.92
2025-08-14T08:33:51.826169,0,NVIDIA GeForce RTX 4080 Laptop GPU,5925,12282,6078,48.24,55,65,75.79
2025-08-14T08:34:01.865028,0,NVIDIA GeForce RTX 4080 Laptop GPU,5925,12282,6078,48.24,51,61,70.75
2025-08-14T08:34:11.895042,0,NVIDIA GeForce RTX 4080 Laptop GPU,5925,12282,6078,48.24,50,62,66.74
2025-08-14T08:34:21.925368,0,NVIDIA GeForce RTX 4080 Laptop GPU,5925,12282,6078,48.24,54,68,72.59
2025-08-14T08:34:31.951407,0,NVIDIA GeForce RTX 4080 Laptop GPU,5925,12282,6078,48.24,55,64,73.63
2025-08-14T08:34:41.981891,0,NVIDIA GeForce RTX 4080 Laptop GPU,5925,12282,6078,48.24,64,63,74.38
2025-08-14T08:34:52.010026,0,NVIDIA GeForce RTX 4080 Laptop GPU,5925,12282,6078,48.24,54,73,73.1
2025-08-14T08:35:02.036201,0,NVIDIA GeForce RTX 4080 Laptop GPU,5925,12282,6078,48.24,58,65,73.6
2025-08-14T08:35:12.062971,0,NVIDIA GeForce RTX 4080 Laptop GPU,5925,12282,6078,48.24,50,63,76.68
2025-08-14T08:35:22.094506,0,NVIDIA GeForce RTX 4080 Laptop GPU,5634,12282,6370,45.87,69,69,75.09
2025-08-14T08:35:32.121188,0,NVIDIA GeForce RTX 4080 Laptop GPU,5634,12282,6370,45.87,57,62,74.44
2025-08-14T08:35:42.161113,0,NVIDIA GeForce RTX 4080 Laptop GPU,5634,12282,6370,45.87,60,63,79.68
2025-08-14T08:35:52.185922,0,NVIDIA GeForce RTX 4080 Laptop GPU,5634,12282,6370,45.87,60,62,78.45
2025-08-14T08:36:02.214285,0,NVIDIA GeForce RTX 4080 Laptop GPU,5634,12282,6370,45.87,59,67,74.07
2025-08-14T08:36:12.245632,0,NVIDIA GeForce RTX 4080 Laptop GPU,5634,12282,6370,45.87,65,66,77.56
2025-08-14T08:36:22.274901,0,NVIDIA GeForce RTX 4080 Laptop GPU,5634,12282,6370,45.87,67,70,74.32
2025-08-14T08:36:32.298009,0,NVIDIA GeForce RTX 4080 Laptop GPU,5634,12282,6370,45.87,54,62,73.35
2025-08-14T08:36:42.360310,0,NVIDIA GeForce RTX 4080 Laptop GPU,5634,12282,6370,45.87,53,64,69.03
2025-08-14T08:36:52.385264,0,NVIDIA GeForce RTX 4080 Laptop GPU,5634,12282,6370,45.87,67,63,78.32
2025-08-14T08:37:02.410343,0,NVIDIA GeForce RTX 4080 Laptop GPU,5634,12282,6370,45.87,62,63,74.02
2025-08-14T08:37:12.435325,0,NVIDIA GeForce RTX 4080 Laptop GPU,5634,12282,6370,45.87,51,62,77.75
2025-08-14T08:37:22.462978,0,NVIDIA GeForce RTX 4080 Laptop GPU,5634,12282,6370,45.87,57,64,76.58
2025-08-14T08:37:32.488455,0,NVIDIA GeForce RTX 4080 Laptop GPU,5634,12282,6370,45.87,67,71,72.88
2025-08-14T08:37:42.540410,0,NVIDIA GeForce RTX 4080 Laptop GPU,5634,12282,6370,45.87,53,71,75.44
2025-08-14T08:37:52.569358,0,NVIDIA GeForce RTX 4080 Laptop GPU,5634,12282,6370,45.87,57,62,77.74
2025-08-14T08:38:02.593026,0,NVIDIA GeForce RTX 4080 Laptop GPU,5634,12282,6370,45.87,56,68,80.04
2025-08-14T08:38:12.619285,0,NVIDIA GeForce RTX 4080 Laptop GPU,5634,12282,6370,45.87,63,63,83.34
2025-08-14T08:38:22.646062,0,NVIDIA GeForce RTX 4080 Laptop GPU,5634,12282,6370,45.87,57,62,72.19
2025-08-14T08:38:32.672689,0,NVIDIA GeForce RTX 4080 Laptop GPU,5634,12282,6370,45.87,63,70,77.0
2025-08-14T08:38:42.721256,0,NVIDIA GeForce RTX 4080 Laptop GPU,5634,12282,6370,45.87,65,63,78.55
2025-08-14T08:38:52.747105,0,NVIDIA GeForce RTX 4080 Laptop GPU,5634,12282,6370,45.87,54,61,75.44
2025-08-14T08:39:02.773101,0,NVIDIA GeForce RTX 4080 Laptop GPU,5634,12282,6370,45.87,55,64,82.67
2025-08-14T08:39:12.801083,0,NVIDIA GeForce RTX 4080 Laptop GPU,5634,12282,6370,45.87,53,63,79.39
2025-08-14T08:39:22.831970,0,NVIDIA GeForce RTX 4080 Laptop GPU,5634,12282,6370,45.87,52,67,68.5
2025-08-14T08:39:32.852922,0,NVIDIA GeForce RTX 4080 Laptop GPU,5634,12282,6370,45.87,65,71,72.66
2025-08-14T08:39:42.884409,0,NVIDIA GeForce RTX 4080 Laptop GPU,5634,12282,6370,45.87,67,71,77.67
2025-08-14T08:39:52.907789,0,NVIDIA GeForce RTX 4080 Laptop GPU,5634,12282,6370,45.87,65,63,76.74
2025-08-14T08:40:02.935934,0,NVIDIA GeForce RTX 4080 Laptop GPU,5634,12282,6370,45.87,67,63,74.13
2025-08-14T08:40:12.962231,0,NVIDIA GeForce RTX 4080 Laptop GPU,5634,12282,6370,45.87,58,62,73.79
2025-08-14T08:40:22.990700,0,NVIDIA GeForce RTX 4080 Laptop GPU,5634,12282,6370,45.87,67,68,73.69
2025-08-14T08:40:33.022474,0,NVIDIA GeForce RTX 4080 Laptop GPU,5634,12282,6370,45.87,45,63,70.65
2025-08-14T08:40:43.082499,0,NVIDIA GeForce RTX 4080 Laptop GPU,5634,12282,6370,45.87,42,62,72.62
2025-08-14T08:40:53.126829,0,NVIDIA GeForce RTX 4080 Laptop GPU,5634,12282,6370,45.87,49,61,65.58
2025-08-14T08:41:03.159453,0,NVIDIA GeForce RTX 4080 Laptop GPU,5634,12282,6370,45.87,51,62,75.75
2025-08-14T08:41:13.187450,0,NVIDIA GeForce RTX 4080 Laptop GPU,5634,12282,6370,45.87,46,62,59.23
2025-08-14T08:41:23.231399,0,NVIDIA GeForce RTX 4080 Laptop GPU,5634,12282,6370,45.87,49,62,75.58
2025-08-14T08:41:33.260409,0,NVIDIA GeForce RTX 4080 Laptop GPU,5634,12282,6370,45.87,45,65,68.54
2025-08-14T08:41:43.286607,0,NVIDIA GeForce RTX 4080 Laptop GPU,5634,12282,6370,45.87,41,73,72.31
2025-08-14T08:41:53.317787,0,NVIDIA GeForce RTX 4080 Laptop GPU,5634,12282,6370,45.87,62,65,75.57
2025-08-14T08:42:03.343401,0,NVIDIA GeForce RTX 4080 Laptop GPU,5634,12282,6370,45.87,57,64,83.06
2025-08-14T08:42:13.370394,0,NVIDIA GeForce RTX 4080 Laptop GPU,5634,12282,6370,45.87,62,66,72.43
2025-08-14T08:42:23.396006,0,NVIDIA GeForce RTX 4080 Laptop GPU,5634,12282,6370,45.87,56,63,74.49
2025-08-14T08:42:33.429597,0,NVIDIA GeForce RTX 4080 Laptop GPU,5634,12282,6370,45.87,65,71,74.14
2025-08-14T08:42:43.458045,0,NVIDIA GeForce RTX 4080 Laptop GPU,5634,12282,6370,45.87,59,72,79.61
2025-08-14T08:42:53.483637,0,NVIDIA GeForce RTX 4080 Laptop GPU,5634,12282,6370,45.87,52,62,67.36
2025-08-14T08:43:03.516416,0,NVIDIA GeForce RTX 4080 Laptop GPU,5634,12282,6370,45.87,50,67,70.61
2025-08-14T08:43:13.546904,0,NVIDIA GeForce RTX 4080 Laptop GPU,5634,12282,6370,45.87,40,67,61.63
2025-08-14T08:43:23.586756,0,NVIDIA GeForce RTX 4080 Laptop GPU,5634,12282,6370,45.87,21,62,63.31
2025-08-14T08:43:33.621392,0,NVIDIA GeForce RTX 4080 Laptop GPU,5634,12282,6370,45.87,32,68,67.05
2025-08-14T08:43:43.658621,0,NVIDIA GeForce RTX 4080 Laptop GPU,5634,12282,6370,45.87,45,63,72.73
2025-08-14T08:43:53.708935,0,NVIDIA GeForce RTX 4080 Laptop GPU,5634,12282,6370,45.87,26,63,68.74
2025-08-14T08:44:03.736260,0,NVIDIA GeForce RTX 4080 Laptop GPU,5634,12282,6370,45.87,54,69,70.63
2025-08-14T08:44:13.767007,0,NVIDIA GeForce RTX 4080 Laptop GPU,5634,12282,6370,45.87,48,64,70.37
2025-08-14T08:44:23.800160,0,NVIDIA GeForce RTX 4080 Laptop GPU,5634,12282,6370,45.87,51,63,62.28
2025-08-14T08:44:33.845173,0,NVIDIA GeForce RTX 4080 Laptop GPU,5634,12282,6370,45.87,45,63,73.3
2025-08-14T08:44:43.875203,0,NVIDIA GeForce RTX 4080 Laptop GPU,5634,12282,6370,45.87,49,65,69.01
2025-08-14T08:44:53.904798,0,NVIDIA GeForce RTX 4080 Laptop GPU,5634,12282,6370,45.87,45,64,70.04
2025-08-14T08:45:03.934715,0,NVIDIA GeForce RTX 4080 Laptop GPU,5634,12282,6370,45.87,47,64,65.82
2025-08-14T08:45:13.974861,0,NVIDIA GeForce RTX 4080 Laptop GPU,5634,12282,6370,45.87,51,63,64.34
2025-08-14T08:45:24.006030,0,NVIDIA GeForce RTX 4080 Laptop GPU,5634,12282,6370,45.87,28,66,63.67
2025-08-14T08:45:34.037265,0,NVIDIA GeForce RTX 4080 Laptop GPU,5634,12282,6370,45.87,41,66,65.1
2025-08-14T08:45:44.079626,0,NVIDIA GeForce RTX 4080 Laptop GPU,5634,12282,6370,45.87,41,63,69.32
2025-08-14T08:45:54.107097,0,NVIDIA GeForce RTX 4080 Laptop GPU,5634,12282,6370,45.87,50,70,59.58
2025-08-14T08:46:04.134748,0,NVIDIA GeForce RTX 4080 Laptop GPU,5634,12282,6370,45.87,52,65,81.91
2025-08-14T08:46:14.166198,0,NVIDIA GeForce RTX 4080 Laptop GPU,5634,12282,6370,45.87,46,64,65.11
2025-08-14T08:46:24.201827,0,NVIDIA GeForce RTX 4080 Laptop GPU,5634,12282,6370,45.87,44,67,72.47
2025-08-14T08:46:34.241949,0,NVIDIA GeForce RTX 4080 Laptop GPU,5634,12282,6370,45.87,47,63,67.93
2025-08-14T08:46:44.285502,0,NVIDIA GeForce RTX 4080 Laptop GPU,5634,12282,6370,45.87,46,69,62.85
2025-08-14T08:46:54.317496,0,NVIDIA GeForce RTX 4080 Laptop GPU,5634,12282,6370,45.87,49,66,69.1
2025-08-14T08:47:04.375859,0,NVIDIA GeForce RTX 4080 Laptop GPU,5634,12282,6370,45.87,62,69,76.57
2025-08-14T08:47:14.403820,0,NVIDIA GeForce RTX 4080 Laptop GPU,5634,12282,6370,45.87,63,65,75.18
2025-08-14T08:47:24.437620,0,NVIDIA GeForce RTX 4080 Laptop GPU,5634,12282,6370,45.87,49,64,61.52
2025-08-14T08:47:34.467104,0,NVIDIA GeForce RTX 4080 Laptop GPU,5634,12282,6370,45.87,50,65,75.22
2025-08-14T08:47:44.492876,0,NVIDIA GeForce RTX 4080 Laptop GPU,5634,12282,6370,45.87,67,68,68.58
2025-08-14T08:47:54.520520,0,NVIDIA GeForce RTX 4080 Laptop GPU,5634,12282,6370,45.87,54,74,63.89
2025-08-14T08:48:04.568603,0,NVIDIA GeForce RTX 4080 Laptop GPU,5634,12282,6370,45.87,51,64,71.19
2025-08-14T08:48:14.610672,0,NVIDIA GeForce RTX 4080 Laptop GPU,5634,12282,6370,45.87,48,64,60.58
2025-08-14T08:48:24.636394,0,NVIDIA GeForce RTX 4080 Laptop GPU,5634,12282,6370,45.87,62,65,70.06
2025-08-14T08:48:34.667747,0,NVIDIA GeForce RTX 4080 Laptop GPU,5634,12282,6370,45.87,56,70,76.91
2025-08-14T08:48:44.700482,0,NVIDIA GeForce RTX 4080 Laptop GPU,5634,12282,6370,45.87,56,73,75.56
2025-08-14T08:48:54.736754,0,NVIDIA GeForce RTX 4080 Laptop GPU,5634,12282,6370,45.87,61,68,77.15
2025-08-14T08:49:04.765419,0,NVIDIA GeForce RTX 4080 Laptop GPU,5634,12282,6370,45.87,58,64,79.87
2025-08-14T08:49:14.793688,0,NVIDIA GeForce RTX 4080 Laptop GPU,5634,12282,6370,45.87,60,70,84.77
2025-08-14T08:49:24.822916,0,NVIDIA GeForce RTX 4080 Laptop GPU,5634,12282,6370,45.87,59,67,76.07
2025-08-14T08:49:34.853279,0,NVIDIA GeForce RTX 4080 Laptop GPU,5634,12282,6370,45.87,56,68,76.61
2025-08-14T08:49:44.918110,0,NVIDIA GeForce RTX 4080 Laptop GPU,5634,12282,6370,45.87,42,65,56.68
2025-08-14T08:49:54.953686,0,NVIDIA GeForce RTX 4080 Laptop GPU,5634,12282,6370,45.87,55,68,75.15
2025-08-14T08:50:04.982507,0,NVIDIA GeForce RTX 4080 Laptop GPU,5634,12282,6370,45.87,68,65,75.06
2025-08-14T08:50:15.007144,0,NVIDIA GeForce RTX 4080 Laptop GPU,5634,12282,6370,45.87,60,67,78.54
2025-08-14T08:50:25.033487,0,NVIDIA GeForce RTX 4080 Laptop GPU,5634,12282,6370,45.87,50,63,73.4
2025-08-14T08:50:35.083449,0,NVIDIA GeForce RTX 4080 Laptop GPU,5634,12282,6370,45.87,57,72,75.93
2025-08-14T08:50:45.108883,0,NVIDIA GeForce RTX 4080 Laptop GPU,5634,12282,6370,45.87,67,65,85.48
2025-08-14T08:50:55.136266,0,NVIDIA GeForce RTX 4080 Laptop GPU,5634,12282,6370,45.87,67,64,77.93
2025-08-14T08:51:05.153982,0,NVIDIA GeForce RTX 4080 Laptop GPU,5634,12282,6370,45.87,57,67,79.39
2025-08-14T08:51:15.180719,0,NVIDIA GeForce RTX 4080 Laptop GPU,5634,12282,6370,45.87,52,64,75.37
2025-08-14T08:51:25.205695,0,NVIDIA GeForce RTX 4080 Laptop GPU,5634,12282,6370,45.87,52,67,73.11
2025-08-14T08:51:35.264475,0,NVIDIA GeForce RTX 4080 Laptop GPU,5634,12282,6370,45.87,57,72,75.18
2025-08-14T08:51:45.288772,0,NVIDIA GeForce RTX 4080 Laptop GPU,5634,12282,6370,45.87,64,65,78.18
2025-08-14T08:51:55.317876,0,NVIDIA GeForce RTX 4080 Laptop GPU,5634,12282,6370,45.87,65,64,76.72
2025-08-14T08:52:05.345244,0,NVIDIA GeForce RTX 4080 Laptop GPU,5634,12282,6370,45.87,63,70,73.23
2025-08-14T08:52:15.370264,0,NVIDIA GeForce RTX 4080 Laptop GPU,5634,12282,6370,45.87,66,68,78.13
2025-08-14T08:52:25.400825,0,NVIDIA GeForce RTX 4080 Laptop GPU,5634,12282,6370,45.87,57,70,78.68
2025-08-14T08:52:35.442793,0,NVIDIA GeForce RTX 4080 Laptop GPU,5634,12282,6370,45.87,64,63,76.29
2025-08-14T08:52:45.475699,0,NVIDIA GeForce RTX 4080 Laptop GPU,5634,12282,6370,45.87,56,67,72.2
2025-08-14T08:52:55.500702,0,NVIDIA GeForce RTX 4080 Laptop GPU,5634,12282,6370,45.87,68,62,73.18
2025-08-14T08:53:05.524851,0,NVIDIA GeForce RTX 4080 Laptop GPU,5634,12282,6370,45.87,60,63,75.27
2025-08-14T08:53:15.550867,0,NVIDIA GeForce RTX 4080 Laptop GPU,5634,12282,6370,45.87,48,67,74.08
2025-08-14T08:53:25.581330,0,NVIDIA GeForce RTX 4080 Laptop GPU,5634,12282,6370,45.87,60,70,75.14
2025-08-14T08:53:35.626589,0,NVIDIA GeForce RTX 4080 Laptop GPU,5634,12282,6370,45.87,59,65,79.9
2025-08-14T08:53:45.653629,0,NVIDIA GeForce RTX 4080 Laptop GPU,5634,12282,6370,45.87,60,66,75.6
2025-08-14T08:53:55.683801,0,NVIDIA GeForce RTX 4080 Laptop GPU,5634,12282,6370,45.87,55,62,77.56
