{"global_step": 6144, "_timestamp": 1751553800.1492488, "stats/master_process_memory_mb": 7489.87109375, "perf/_fps": 50.95812225341797, "stats/memory_policy_worker": 7489.87109375, "stats/gpu_mem_policy_worker": 55.15827178955078, "stats/gpu_cache_policy_worker": 92.27468872070312, "stats/avg_request_count": 1.0, "perf/_sample_throughput": 44.23222351074219, "_runtime": 162, "_step": 12, "train/lr": 0.00019999999494757503, "train/actual_lr": 0.00019999999494757503, "train/obs_running_mean": 0.19295215606689453, "train/obs_running_std": 1.4254438877105713, "train/returns_running_mean": -7.850214958190918, "train/returns_running_std": 1.6943600177764893, "train/valids_fraction": 1.0, "train/same_policy_fraction": 1.0, "train/grad_norm": 0.9999990463256836, "train/loss": 0.11741432547569275, "train/value": 0.0172621700912714, "train/entropy": 4.114978313446045, "train/policy_loss": -0.036475569009780884, "train/kl_loss": 0.0030252833385020494, "train/value_loss": 0.15497958660125732, "train/exploration_loss": -0.004114978481084108, "train/act_min": -5.231438159942627, "train/act_max": 6.10357666015625, "train/adv_min": -1.9085007905960083, "train/adv_max": 1.8871963024139404, "train/adv_std": 0.5943121314048767, "train/adv_mean": 0.2610544264316559, "train/max_abs_logprob": 1.2650785446166992, "train/action_mean": 0.16067612171173096, "train/action_mean_min": -1.274688959121704, "train/action_mean_max": 1.1729092597961426, "train/action_log_std_mean": -0.04727911204099655, "train/action_log_std_min": -0.9625951051712036, "train/action_log_std_max": 1.1714776754379272, "train/action_stddev_mean": 1.0011711120605469, "train/action_stddev_min": 0.38190051913261414, "train/action_stddev_max": 3.226757049560547, "train/adam_max_second_moment": 0.00687765795737505, "train/version_diff_avg": 15.0, "train/version_diff_min": 15.0, "train/version_diff_max": 15.0, "stats/memory_learner": 7489.87109375, "stats/gpu_mem_learner": 55.72761535644531, "stats/gpu_cache_learner": 92.27468872070312, "train/kl_divergence": 0.030252832919359207, "train/kl_divergence_max": 0.12208583205938339, "train/value_delta": 0.18544894456863403, "train/value_delta_max": 0.5755566954612732, "train/fraction_clipped": 0.40625, "train/ratio_mean": 0.20158730447292328, "train/ratio_min": 0.36547619104385376, "train/ratio_max": 2.2449867725372314, "train/num_sgd_steps": 16.0, "reward/reward": -91.82807922363281, "reward/reward_min": -125.80718231201172, "reward/reward_max": -51.3932991027832, "len/len": 11.119999885559082, "len/len_min": 6.0, "len/len_max": 16.0, "policy_stats/avg_min_raw_reward": -100.0, "policy_stats/avg_max_raw_reward": 4.045523166656494, "stats/wait_policy": 0.0, "stats/step_policy": 0.003913478925824165, "_wandb": {"runtime": 164}}