{"global_step": 8110080, "_timestamp": 1751237532.9222376, "stats/master_process_memory_mb": 7292.3046875, "perf/_fps": 395.8919372558594, "stats/memory_policy_worker": 7292.3046875, "stats/gpu_mem_policy_worker": 2354.85498046875, "stats/gpu_cache_policy_worker": 4435.4765625, "stats/avg_request_count": 1.0, "perf/_sample_throughput": 358.12225341796875, "_runtime": 22682, "_step": 1980, "train/lr": 0.0001500000071246177, "train/actual_lr": 0.0001500000071246177, "train/image_obs_running_mean": -4242.421875, "train/image_obs_running_std": 1.4669665098190308, "train/observations_running_mean": 0.4109962284564972, "train/observations_running_std": 2.510507822036743, "train/returns_running_mean": 76.60157775878906, "train/returns_running_std": 50.28169250488281, "train/valids_fraction": 1.0, "train/same_policy_fraction": 1.0, "train/grad_norm": 0.9999998211860657, "train/loss": 0.13360372185707092, "train/value": 0.7776907086372375, "train/entropy": 1.1566994190216064, "train/policy_loss": -0.022575467824935913, "train/kl_loss": 0.004066915716975927, "train/value_loss": 0.15211227536201477, "train/exploration_loss": 0.0, "train/act_min": -48.151329040527344, "train/act_max": 40.984989166259766, "train/adv_min": -115.19529724121094, "train/adv_max": 41.04209899902344, "train/adv_std": 13.928071022033691, "train/adv_mean": -1.8240177631378174, "train/max_abs_logprob": 3.894415855407715, "train/action_mean": 0.437367707490921, "train/action_mean_min": -1.4958553314208984, "train/action_mean_max": 2.486797332763672, "train/action_log_std_mean": -1.1297637224197388, "train/action_log_std_min": -3.914060115814209, "train/action_log_std_max": 2.9939870834350586, "train/action_stddev_mean": 2.9243760108947754, "train/action_stddev_min": 0.019959300756454468, "train/action_stddev_max": 19.96512794494629, "train/adam_max_second_moment": 0.1299598515033722, "train/version_diff_avg": 15.078125, "train/version_diff_min": 15.0, "train/version_diff_max": 31.0, "stats/memory_learner": 7292.3046875, "stats/gpu_mem_learner": 2888.681396484375, "stats/gpu_cache_learner": 4435.4765625, "reward/reward": 897.1425170898438, "reward/reward_min": -552.1624755859375, "reward/reward_max": 2166.515625, "len/len": 90.87000274658203, "len/len_min": 1.0, "len/len_max": 101.0, "policy_stats/avg_min_raw_reward": -422.3575439453125, "policy_stats/avg_max_raw_reward": 23.78784942626953, "train/kl_divergence": 0.04066915810108185, "train/kl_divergence_max": 1.7948287725448608, "train/value_delta": 0.0075688655488193035, "train/value_delta_max": 0.060015588998794556, "train/fraction_clipped": 0.294921875, "train/ratio_mean": 0.16727502644062042, "train/ratio_min": 0.05000000074505806, "train/ratio_max": 3.7850286960601807, "train/num_sgd_steps": 16.0, "stats/wait_policy": 0.0, "stats/step_policy": 0.002781662857159972, "_wandb": {"runtime": 22692}}