{"global_step": 23040, "_timestamp": 1751540680.8055673, "stats/master_process_memory_mb": 7531.55859375, "_runtime": 242, "_step": 45, "train/lr": 0.0003000000142492354, "train/actual_lr": 0.0003000000142492354, "train/obs_running_mean": 0.2351858764886856, "train/obs_running_std": 2.7924704551696777, "train/returns_running_mean": -4.396257400512695, "train/returns_running_std": 1.2861084938049316, "train/valids_fraction": 1.0, "train/same_policy_fraction": 1.0, "train/grad_norm": 0.9999994039535522, "train/loss": 0.11041900515556335, "train/value": 0.1778140664100647, "train/entropy": 3.632904052734375, "train/policy_loss": -0.03888209909200668, "train/kl_loss": 0.002196709392592311, "train/value_loss": 0.15073730051517487, "train/exploration_loss": -0.003632904263213277, "train/act_min": -3.3701412677764893, "train/act_max": 4.526007652282715, "train/adv_min": -2.5313591957092285, "train/adv_max": 1.3616007566452026, "train/adv_std": 0.46069398522377014, "train/adv_mean": -0.025003530085086823, "train/max_abs_logprob": 2.0344855785369873, "train/action_mean": -0.12871715426445007, "train/action_mean_min": -1.850590467453003, "train/action_mean_max": 2.1734554767608643, "train/action_log_std_mean": -0.20797042548656464, "train/action_log_std_min": -0.9530559778213501, "train/action_log_std_max": 0.7425673007965088, "train/action_stddev_mean": 0.8838247060775757, "train/action_stddev_min": 0.3855609595775604, "train/action_stddev_max": 2.101323366165161, "train/adam_max_second_moment": 0.013770118355751038, "train/version_diff_avg": 15.0, "train/version_diff_min": 15.0, "train/version_diff_max": 15.0, "perf/_fps": 102.1676025390625, "stats/memory_policy_worker": 7531.55859375, "stats/gpu_mem_policy_worker": 56.301055908203125, "stats/gpu_cache_policy_worker": 94.37184143066406, "stats/avg_request_count": 1.0, "stats/memory_learner": 7531.55859375, "stats/gpu_mem_learner": 56.870399475097656, "stats/gpu_cache_learner": 94.37184143066406, "perf/_sample_throughput": 101.34041595458984, "train/kl_divergence": 0.021967092528939247, "train/kl_divergence_max": 0.04275535047054291, "train/value_delta": 0.21593192219734192, "train/value_delta_max": 0.43177223205566406, "train/fraction_clipped": 0.3359375, "train/ratio_mean": 0.16685158014297485, "train/ratio_min": 0.4468780755996704, "train/ratio_max": 2.340439796447754, "train/num_sgd_steps": 16.0, "reward/reward": -136.23553466796875, "reward/reward_min": -267.2545166015625, "reward/reward_max": 342.44708251953125, "len/len": 121.80999755859375, "len/len_min": 1.0, "len/len_max": 196.0, "policy_stats/avg_min_raw_reward": -50.0, "policy_stats/avg_max_raw_reward": 1.2824712991714478, "stats/wait_policy": 0.0, "stats/step_policy": 0.0009657001355662942, "_wandb": {"runtime": 244}}