{"global_step": 4096, "_timestamp": 1751537699.3122056, "stats/master_process_memory_mb": 7499.19921875, "_runtime": 57, "_step": 8, "train/lr": 0.0006750000175088644, "train/actual_lr": 0.0006750000175088644, "train/obs_running_mean": 0.13149775564670563, "train/obs_running_std": 2.886953592300415, "train/returns_running_mean": -3.0238523483276367, "train/returns_running_std": 1.5951118469238281, "train/valids_fraction": 1.0, "train/same_policy_fraction": 1.0, "train/grad_norm": 0.9999992847442627, "train/loss": 0.0380004346370697, "train/value": -0.7533872723579407, "train/entropy": 4.230177402496338, "train/policy_loss": -0.0614568293094635, "train/kl_loss": 0.003094265703111887, "train/value_loss": 0.10059317946434021, "train/exploration_loss": -0.004230177495628595, "train/act_min": -2.4317245483398438, "train/act_max": 2.774289846420288, "train/adv_min": -1.9360144138336182, "train/adv_max": 0.22421279549598694, "train/adv_std": 0.48689979314804077, "train/adv_mean": -0.575268030166626, "train/max_abs_logprob": 0.32887840270996094, "train/action_mean": -0.014398007653653622, "train/action_mean_min": -0.4285655915737152, "train/action_mean_max": 0.40214797854423523, "train/action_log_std_mean": -0.008879358880221844, "train/action_log_std_min": -0.30796366930007935, "train/action_log_std_max": 0.2824912965297699, "train/action_stddev_mean": 0.9989957809448242, "train/action_stddev_min": 0.7349420785903931, "train/action_stddev_max": 1.3264302015304565, "train/kl_divergence": 0.030942656099796295, "train/kl_divergence_max": 0.06420102715492249, "train/value_delta": 0.18879050016403198, "train/value_delta_max": 0.638137936592102, "train/fraction_clipped": 0.3984375, "train/ratio_mean": 0.17785502970218658, "train/ratio_min": 0.4770207405090332, "train/ratio_max": 1.560888648033142, "train/num_sgd_steps": 16.0, "train/adam_max_second_moment": 0.00685548409819603, "train/version_diff_avg": 15.0, "train/version_diff_min": 15.0, "train/version_diff_max": 15.0, "perf/_fps": 102.30926513671875, "stats/memory_policy_worker": 7499.19921875, "stats/gpu_mem_policy_worker": 56.301055908203125, "stats/gpu_cache_policy_worker": 94.37184143066406, "stats/avg_request_count": 1.0, "stats/memory_learner": 7499.19921875, "stats/gpu_mem_learner": 56.870399475097656, "stats/gpu_cache_learner": 94.37184143066406, "perf/_sample_throughput": 91.47906494140625, "_wandb": {"runtime": 58}}