{"global_step": 0, "_timestamp": 1751396366.0460603, "stats/master_process_memory_mb": 7020.265625, "perf/_fps": 0.0, "stats/memory_policy_worker": 7020.265625, "stats/gpu_mem_policy_worker": 94.9534683227539, "stats/gpu_cache_policy_worker": 257.94970703125, "stats/avg_request_count": 1.0, "perf/_sample_throughput": 244.29847717285156, "reward/reward": -94.1860580444336, "reward/reward_min": -165.43780517578125, "reward/reward_max": -28.102806091308594, "len/len": 24.34000015258789, "len/len_min": 1.0, "len/len_max": 56.0, "policy_stats/avg_min_raw_reward": -100.0, "policy_stats/avg_max_raw_reward": -13.980315208435059, "_runtime": 22, "_step": 0, "_wandb": {"runtime": 31}}