{"global_step": 16384, "_timestamp": 1751584458.4731002, "stats/master_process_memory_mb": 7568.48046875, "perf/_fps": 0.0, "stats/memory_policy_worker": 7568.48046875, "stats/gpu_mem_policy_worker": 116.5849609375, "stats/gpu_cache_policy_worker": 272.6297607421875, "stats/avg_request_count": 1.0, "perf/_sample_throughput": 195.27931213378906, "reward/reward": -20.315662384033203, "reward/reward_min": -72.04885864257812, "reward/reward_max": 63.13774108886719, "len/len": 11.890000343322754, "len/len_min": 8.0, "len/len_max": 20.0, "policy_stats/avg_min_raw_reward": -100.0, "policy_stats/avg_max_raw_reward": 12.985645294189453, "_runtime": 162, "_step": 1, "train/lr": 0.00019999999494757503, "train/actual_lr": 0.00019999999494757503, "train/obs_running_mean": -0.14222685992717743, "train/obs_running_std": 1.610090970993042, "train/returns_running_mean": -2.7254128456115723, "train/returns_running_std": 4.771598815917969, "train/valids_fraction": 1.0, "train/same_policy_fraction": 1.0, "train/grad_norm": 0.9999995231628418, "train/loss": 1.105695366859436, "train/value": 0.02872571162879467, "train/entropy": 5.627172470092773, "train/policy_loss": 0.051653049886226654, "train/kl_loss": 0.0072608874179422855, "train/value_loss": 1.0524085760116577, "train/exploration_loss": -0.0056271725334227085, "train/act_min": -3.688351631164551, "train/act_max": 3.9139692783355713, "train/adv_min": -10.312003135681152, "train/adv_max": 8.157004356384277, "train/adv_std": 4.810842037200928, "train/adv_mean": -2.8292362689971924, "train/max_abs_logprob": 0.23067498207092285, "train/action_mean": -0.016385558992624283, "train/action_mean_min": -0.3448352813720703, "train/action_mean_max": 0.35228219628334045, "train/action_log_std_mean": -0.01214544102549553, "train/action_log_std_min": -0.41439202427864075, "train/action_log_std_max": 0.2356976419687271, "train/action_stddev_mean": 0.991865873336792, "train/action_stddev_min": 0.6607418656349182, "train/action_stddev_max": 1.2657915353775024, "train/adam_max_second_moment": 0.00019943506049457937, "train/version_diff_avg": 8.0, "train/version_diff_min": 8.0, "train/version_diff_max": 8.0, "stats/memory_learner": 7564.26171875, "stats/gpu_mem_learner": 131.21279907226562, "stats/gpu_cache_learner": 274.7268981933594, "stats/wait_policy": 0.0, "stats/step_policy": 0.003233523340895772, "_wandb": {"runtime": 168}}