{"global_step": 56320, "_timestamp": 1751539009.5561454, "stats/master_process_memory_mb": 7526.0078125, "_runtime": 643, "_step": 110, "train/lr": 0.00019999999494757503, "train/actual_lr": 0.00019999999494757503, "train/obs_running_mean": 0.23858989775180817, "train/obs_running_std": 2.866100311279297, "train/returns_running_mean": -3.660297155380249, "train/returns_running_std": 1.3270564079284668, "train/valids_fraction": 1.0, "train/same_policy_fraction": 1.0, "train/grad_norm": 0.9999998211860657, "train/loss": 0.2607584297657013, "train/value": 0.7512993216514587, "train/entropy": 3.7188143730163574, "train/policy_loss": -0.04108807444572449, "train/kl_loss": 0.002409904496744275, "train/value_loss": 0.30315542221069336, "train/exploration_loss": -0.003718814579769969, "train/act_min": -7.179569721221924, "train/act_max": 11.816133499145508, "train/adv_min": -2.0065910816192627, "train/adv_max": 0.8972566723823547, "train/adv_std": 0.5185098648071289, "train/adv_mean": -0.09902587532997131, "train/max_abs_logprob": 2.928875684738159, "train/action_mean": -0.1694904863834381, "train/action_mean_min": -2.978152275085449, "train/action_mean_max": 2.3360204696655273, "train/action_log_std_mean": -0.17933380603790283, "train/action_log_std_min": -1.6411441564559937, "train/action_log_std_max": 1.8110100030899048, "train/action_stddev_mean": 1.1040337085723877, "train/action_stddev_min": 0.19375823438167572, "train/action_stddev_max": 6.116622447967529, "train/kl_divergence": 0.024099044501781464, "train/kl_divergence_max": 0.13900215923786163, "train/value_delta": 0.1269417405128479, "train/value_delta_max": 0.3422624170780182, "train/fraction_clipped": 0.3125, "train/ratio_mean": 0.14370089769363403, "train/ratio_min": 0.5270192623138428, "train/ratio_max": 1.951236367225647, "train/num_sgd_steps": 16.0, "train/adam_max_second_moment": 0.014061281457543373, "train/version_diff_avg": 15.0, "train/version_diff_min": 15.0, "train/version_diff_max": 15.0, "perf/_fps": 51.20210647583008, "stats/memory_policy_worker": 7526.0078125, "stats/gpu_mem_policy_worker": 56.301055908203125, "stats/gpu_cache_policy_worker": 94.37184143066406, "stats/avg_request_count": 1.0, "stats/memory_learner": 7526.0078125, "stats/gpu_mem_learner": 56.870399475097656, "stats/gpu_cache_learner": 94.37184143066406, "perf/_sample_throughput": 84.00365447998047, "reward/reward": -86.86029052734375, "reward/reward_min": -174.11795043945312, "reward/reward_max": 63.251190185546875, "len/len": 117.69999694824219, "len/len_min": 1.0, "len/len_max": 206.0, "policy_stats/avg_min_raw_reward": -50.0, "policy_stats/avg_max_raw_reward": -0.044962070882320404, "stats/wait_policy": 0.0, "stats/step_policy": 0.0020434141624718904}