{"global_step": 46592, "_timestamp": 1751546707.887342, "stats/master_process_memory_mb": 7502.35546875, "_runtime": 315, "_step": 90, "train/lr": 8.888888987712562e-05, "train/actual_lr": 8.888888987712562e-05, "train/obs_running_mean": 0.22119906544685364, "train/obs_running_std": 0.9931679368019104, "train/returns_running_mean": -5.965818405151367, "train/returns_running_std": 2.5674514770507812, "train/valids_fraction": 1.0, "train/same_policy_fraction": 1.0, "train/grad_norm": 0.9999995231628418, "train/loss": 0.03937167301774025, "train/value": 0.7356637716293335, "train/entropy": 4.855792999267578, "train/policy_loss": -0.026180364191532135, "train/kl_loss": 0.001473441137932241, "train/value_loss": 0.06893438845872879, "train/exploration_loss": -0.004855793435126543, "train/act_min": -26.15410041809082, "train/act_max": 31.635473251342773, "train/adv_min": -2.3903207778930664, "train/adv_max": 1.2521158456802368, "train/adv_std": 0.5553893446922302, "train/adv_mean": 0.013223059475421906, "train/max_abs_logprob": 3.306666135787964, "train/action_mean": -0.7356347441673279, "train/action_mean_min": -2.5784647464752197, "train/action_mean_max": 1.6620144844055176, "train/action_log_std_mean": 0.1996590793132782, "train/action_log_std_min": -1.1012132167816162, "train/action_log_std_max": 3.3484792709350586, "train/action_stddev_mean": 2.639052152633667, "train/action_stddev_min": 0.3324674665927887, "train/action_stddev_max": 28.459421157836914, "train/adam_max_second_moment": 0.009076064452528954, "train/version_diff_avg": 15.0, "train/version_diff_min": 15.0, "train/version_diff_max": 15.0, "perf/_fps": 153.6326904296875, "stats/memory_policy_worker": 7502.35546875, "stats/gpu_mem_policy_worker": 55.153663635253906, "stats/gpu_cache_policy_worker": 92.27468872070312, "stats/avg_request_count": 1.0, "stats/memory_learner": 7502.35546875, "stats/gpu_mem_learner": 55.72300720214844, "stats/gpu_cache_learner": 92.27468872070312, "perf/_sample_throughput": 159.82545471191406, "train/kl_divergence": 0.014734411612153053, "train/kl_divergence_max": 0.02907232940196991, "train/value_delta": 0.06273607909679413, "train/value_delta_max": 0.19207847118377686, "train/fraction_clipped": 0.234375, "train/ratio_mean": 0.12468492239713669, "train/ratio_min": 0.3704894185066223, "train/ratio_max": 1.4096531867980957, "train/num_sgd_steps": 16.0, "reward/reward": -77.49652099609375, "reward/reward_min": -144.55162048339844, "reward/reward_max": 53.88829040527344, "len/len": 55.47999954223633, "len/len_min": 21.0, "len/len_max": 102.0, "policy_stats/avg_min_raw_reward": -100.0, "policy_stats/avg_max_raw_reward": 2.6200833320617676, "stats/wait_policy": 0.0, "stats/step_policy": 0.00146538729313761}