{"global_step": 27648, "_timestamp": 1751537617.4128888, "stats/master_process_memory_mb": 7523.859375, "_runtime": 302, "_step": 54, "train/lr": 0.00013333333481568843, "train/actual_lr": 0.00013333333481568843, "train/obs_running_mean": 0.21139225363731384, "train/obs_running_std": 2.8168773651123047, "train/returns_running_mean": -3.950436592102051, "train/returns_running_std": 1.4570226669311523, "train/valids_fraction": 1.0, "train/same_policy_fraction": 1.0, "train/grad_norm": 0.9999997615814209, "train/loss": 0.14269687235355377, "train/value": 0.7204181551933289, "train/entropy": 3.2940266132354736, "train/policy_loss": -0.0011152829974889755, "train/kl_loss": 7.387399818981066e-05, "train/value_loss": 0.14703230559825897, "train/exploration_loss": -0.0032940267119556665, "train/act_min": -4.309946537017822, "train/act_max": 5.957566738128662, "train/adv_min": -1.1038744449615479, "train/adv_max": 0.9269000291824341, "train/adv_std": 0.383577823638916, "train/adv_mean": 0.14918473362922668, "train/max_abs_logprob": 1.5319666862487793, "train/action_mean": -0.18974065780639648, "train/action_mean_min": -1.5214802026748657, "train/action_mean_max": 0.8623795509338379, "train/action_log_std_mean": -0.3209296464920044, "train/action_log_std_min": -1.5295634269714355, "train/action_log_std_max": 1.1879016160964966, "train/action_stddev_mean": 0.9028832912445068, "train/action_stddev_min": 0.2166302353143692, "train/action_stddev_max": 3.2801907062530518, "train/kl_divergence": 0.023242998868227005, "train/kl_divergence_max": 0.04670216888189316, "train/value_delta": 0.22207731008529663, "train/value_delta_max": 0.31350594758987427, "train/fraction_clipped": 0.296875, "train/ratio_mean": 0.1709461808204651, "train/ratio_min": 0.2752491533756256, "train/ratio_max": 2.1709237098693848, "train/num_sgd_steps": 16.0, "train/adam_max_second_moment": 0.015578841790556908, "train/version_diff_avg": 3.0, "train/version_diff_min": 3.0, "train/version_diff_max": 3.0, "perf/_fps": 102.20825958251953, "stats/memory_policy_worker": 7523.859375, "stats/gpu_mem_policy_worker": 56.301055908203125, "stats/gpu_cache_policy_worker": 94.37184143066406, "stats/avg_request_count": 1.0, "stats/memory_learner": 7523.859375, "stats/gpu_mem_learner": 56.870399475097656, "stats/gpu_cache_learner": 94.37184143066406, "perf/_sample_throughput": 96.82429504394531, "reward/reward": -131.61627197265625, "reward/reward_min": -216.4839630126953, "reward/reward_max": -27.136293411254883, "len/len": 120.58000183105469, "len/len_min": 1.0, "len/len_max": 183.0, "policy_stats/avg_min_raw_reward": -50.0, "policy_stats/avg_max_raw_reward": -0.09624259918928146, "stats/wait_policy": 0.0, "stats/step_policy": 0.00136550422757864, "_wandb": {"runtime": 306}}