{"global_step": 1691648, "_timestamp": 1751214730.9709399, "stats/master_process_memory_mb": 7653.60546875, "perf/_fps": 410.1172180175781, "stats/memory_policy_worker": 7653.60546875, "stats/gpu_mem_policy_worker": 2351.58837890625, "stats/gpu_cache_policy_worker": 3317.694580078125, "stats/avg_request_count": 1.0, "perf/_sample_throughput": 75.16256713867188, "reward/reward": 431.0972900390625, "reward/reward_min": -368.3745422363281, "reward/reward_max": 942.223388671875, "len/len": 88.80999755859375, "len/len_min": 22.0, "len/len_max": 101.0, "policy_stats/avg_min_raw_reward": -238.92587280273438, "policy_stats/avg_max_raw_reward": 12.883218765258789, "_runtime": 21551, "_step": 413, "train/lr": 0.0003375000087544322, "train/actual_lr": 0.0003375000087544322, "train/image_obs_running_mean": -4242.4189453125, "train/image_obs_running_std": 3.2120089530944824, "train/observations_running_mean": 0.38485074043273926, "train/observations_running_std": 2.5282607078552246, "train/returns_running_mean": 24.886789321899414, "train/returns_running_std": 18.556400299072266, "train/valids_fraction": 1.0, "train/same_policy_fraction": 1.0, "train/grad_norm": 0.9999994039535522, "train/loss": 0.21715906262397766, "train/value": 1.1336722373962402, "train/entropy": 2.9886443614959717, "train/policy_loss": -0.006906978785991669, "train/kl_loss": 0.0013363271718844771, "train/value_loss": 0.22272971272468567, "train/exploration_loss": 0.0, "train/act_min": -8.995892524719238, "train/act_max": 9.424247741699219, "train/adv_min": -52.48255157470703, "train/adv_max": 15.533539772033691, "train/adv_std": 6.752063751220703, "train/adv_mean": -0.17167198657989502, "train/max_abs_logprob": 2.7727816104888916, "train/action_mean": 0.5085139274597168, "train/action_mean_min": -1.3812525272369385, "train/action_mean_max": 2.7542099952697754, "train/action_log_std_mean": -0.6717773675918579, "train/action_log_std_min": -2.0575668811798096, "train/action_log_std_max": 1.3025168180465698, "train/action_stddev_mean": 0.6909364461898804, "train/action_stddev_min": 0.12776446342468262, "train/action_stddev_max": 3.6785433292388916, "train/kl_divergence": 0.029307449236512184, "train/kl_divergence_max": 0.694745659828186, "train/value_delta": 0.06874455511569977, "train/value_delta_max": 0.3125218152999878, "train/fraction_clipped": 0.27734375, "train/ratio_mean": 0.15089170634746552, "train/ratio_min": 0.16610002517700195, "train/ratio_max": 2.7505404949188232, "train/num_sgd_steps": 16.0, "train/adam_max_second_moment": 0.2917196452617645, "train/version_diff_avg": 8.015625, "train/version_diff_min": 8.0, "train/version_diff_max": 24.0, "stats/memory_learner": 7653.60546875, "stats/gpu_mem_learner": 2885.414794921875, "stats/gpu_cache_learner": 4435.4765625, "stats/wait_policy": 0.0, "stats/step_policy": 0.0016046237433329225, "_wandb": {"runtime": 21555}}