{"global_step": 0, "_timestamp": 1751463651.3143337, "stats/master_process_memory_mb": 7324.73046875, "reward/reward": -87.19517517089844, "reward/reward_min": -177.07286071777344, "reward/reward_max": -21.732887268066406, "len/len": 29.140625, "len/len_min": 6.0, "len/len_max": 59.0, "policy_stats/avg_min_raw_reward": -100.0, "policy_stats/avg_max_raw_reward": 2.9962806701660156, "perf/_fps": 0.0, "stats/memory_policy_worker": 7324.73046875, "stats/gpu_mem_policy_worker": 257.2620849609375, "stats/gpu_cache_policy_worker": 1293.9427490234375, "stats/avg_request_count": 1.0, "perf/_sample_throughput": 1062.3973388671875, "_runtime": 22, "_step": 0, "_wandb": {"runtime": 29}}