{"global_step": 3584, "_timestamp": 1751496657.3727481, "stats/master_process_memory_mb": 7507.54296875, "perf/_fps": 102.6878662109375, "stats/memory_policy_worker": 7507.54296875, "stats/gpu_mem_policy_worker": 56.301055908203125, "stats/gpu_cache_policy_worker": 94.37184143066406, "stats/avg_request_count": 1.0, "perf/_sample_throughput": 81.67404174804688, "_runtime": 56, "_step": 7, "train/lr": 0.0006750000175088644, "train/actual_lr": 0.0006750000175088644, "train/obs_running_mean": 0.7411850690841675, "train/obs_running_std": 1.4215738773345947, "train/returns_running_mean": -2.1453990936279297, "train/returns_running_std": 3.0472910404205322, "train/valids_fraction": 1.0, "train/same_policy_fraction": 1.0, "train/grad_norm": 0.8250346779823303, "train/loss": 0.0017528384923934937, "train/value": -0.48121005296707153, "train/entropy": 4.474980354309082, "train/policy_loss": -0.05641794577240944, "train/kl_loss": 0.004481880459934473, "train/value_loss": 0.05816388130187988, "train/exploration_loss": -0.004474980756640434, "train/act_min": -3.4720542430877686, "train/act_max": 3.4836721420288086, "train/adv_min": -3.7061007022857666, "train/adv_max": 1.047764539718628, "train/adv_std": 0.7807728052139282, "train/adv_mean": -0.6064398884773254, "train/max_abs_logprob": 0.6722413897514343, "train/action_mean": -0.11963172256946564, "train/action_mean_min": -0.6498392224311829, "train/action_mean_max": 0.5224171280860901, "train/action_log_std_mean": 0.07272155582904816, "train/action_log_std_min": -0.525969922542572, "train/action_log_std_max": 0.4534905254840851, "train/action_stddev_mean": 1.0936307907104492, "train/action_stddev_min": 0.5909819006919861, "train/action_stddev_max": 1.573796033859253, "train/adam_max_second_moment": 0.006320287939161062, "train/version_diff_avg": 15.0, "train/version_diff_min": 15.0, "train/version_diff_max": 15.0, "train/kl_divergence": 0.044818803668022156, "train/kl_divergence_max": 0.14636221528053284, "train/value_delta": 0.21100839972496033, "train/value_delta_max": 0.5604948997497559, "train/fraction_clipped": 0.46875, "train/ratio_mean": 0.19267675280570984, "train/ratio_min": 0.49217426776885986, "train/ratio_max": 2.321077585220337, "train/num_sgd_steps": 16.0, "stats/memory_learner": 7507.54296875, "stats/gpu_mem_learner": 56.870399475097656, "stats/gpu_cache_learner": 94.37184143066406}