{"global_step": 6144, "_timestamp": 1751494574.664979, "stats/master_process_memory_mb": 7511.875, "perf/_fps": 0.0, "stats/memory_policy_worker": 7511.875, "stats/gpu_mem_policy_worker": 59.40991973876953, "stats/gpu_cache_policy_worker": 113.24620819091797, "stats/avg_request_count": 1.0, "perf/_sample_throughput": 42.053951263427734, "_runtime": 163, "_step": 12, "train/lr": 0.00044999999227002263, "train/actual_lr": 0.00044999999227002263, "train/obs_running_mean": 0.16054262220859528, "train/obs_running_std": 2.764065742492676, "train/returns_running_mean": -0.5308709740638733, "train/returns_running_std": 3.1066834926605225, "train/valids_fraction": 1.0, "train/same_policy_fraction": 1.0, "train/grad_norm": 0.9999998807907104, "train/loss": 1.4040714502334595, "train/value": 0.14388146996498108, "train/entropy": 4.209331512451172, "train/policy_loss": 0.007721103727817535, "train/kl_loss": 0.0003301878459751606, "train/value_loss": 1.4002294540405273, "train/exploration_loss": -0.004209331702440977, "train/act_min": -3.2222213745117188, "train/act_max": 2.66750431060791, "train/adv_min": -9.46955680847168, "train/adv_max": 1.7764124870300293, "train/adv_std": 2.6527957916259766, "train/adv_mean": -1.3083035945892334, "train/max_abs_logprob": 0.640728771686554, "train/action_mean": 0.07809411734342575, "train/action_mean_min": -0.3045218884944916, "train/action_mean_max": 0.3797818720340729, "train/action_log_std_mean": -0.015828002244234085, "train/action_log_std_min": -0.5258920788764954, "train/action_log_std_max": 0.6961212754249573, "train/action_stddev_mean": 1.0072555541992188, "train/action_stddev_min": 0.5910279154777527, "train/action_stddev_max": 2.0059571266174316, "train/kl_divergence": 0.09837702661752701, "train/kl_divergence_max": 0.28799834847450256, "train/value_delta": 0.21517805755138397, "train/value_delta_max": 0.6629348993301392, "train/fraction_clipped": 0.4921875, "train/ratio_mean": 0.22796647250652313, "train/ratio_min": 0.39372459053993225, "train/ratio_max": 2.745460033416748, "train/num_sgd_steps": 16.0, "train/adam_max_second_moment": 0.0085744084790349, "train/version_diff_avg": 3.0, "train/version_diff_min": 3.0, "train/version_diff_max": 3.0, "stats/memory_learner": 7511.875, "stats/gpu_mem_learner": 59.97926330566406, "stats/gpu_cache_learner": 113.24620819091797, "stats/wait_policy": 0.0, "stats/step_policy": 0.003530349815264344, "_wandb": {"runtime": 169}}